RouteName,Logpoint,Operation,LPT Desc,Opn Desc,Device,Package,Pin,alternate,Setup,PPH,Machine_Family,Tooling_Family,ToolQTY,Certification
LUTT-T1,7110,1,QA Sample 1,1,1ADS1232IPW,PW,24,,ETS-1M-64:6464829C,700,ETS-1M-64,6464829C,1,1
LUTT-T1,7110,1,QA Sample 1,1,1REG103UAA/G,D,8,,ETS564-32:6459957B,2173,ETS564-32,6459957B,1,1
LUTT-T1,7110,1,QA Sample 1,1,1REG103UAA/G,D,8,alt,ETS564:6459957B,2173,ETS564,6459957B,1,1
PUTT-T1,7100,1,Final Test 1,1,1TPA2005D1DGNR,DGN,8,,ETS-0-64:6464875A,2500,ETS-0-64,6464875A,1,1
PUTT-T1,7100,1,Final Test 1,1,1TPA2005D1DGNR,DGN,8,alt,ETS-1-64:6464875A,2500,ETS-1-64,6464875A,1,1
PUTT-T1,7100,1,Final Test 1,1,1TPA2005D1DGNR,DGN,8,alt,ETS-1-128:6464875A,2500,ETS-1-128,6464875A,1,1
PUTT-T1,7100,1,Final Test 1,1,1TPA2005D1DGNR,DGN,8,alt,ETS-1M-64:6464875A,2500,ETS-1M-64,6464875A,1,1
PUTT-T1,7100,1,Final Test 1,1,1TPA2005D1DGNR,DGN,8,alt,ETS-2-64:6464875A,2500,ETS-2-64,6464875A,1,1
LUTT-T1,7100,1,Final Test 1,1,1TPS51100DGQR,DGQ,10,,ETS564-32:6455407A,2314,ETS564-32,6455407A,1,1
LUTT-T1,7100,1,Final Test 1,1,1TPS51100DGQR,DGQ,10,alt,ETS564:6455407A,2314,ETS564,6455407A,1,1
PUTT-T1,7100,1,Final Test 1,1,1TPS61012DGSR,DGS,10,,ETS-0-64:6492377B,4295,ETS-0-64,6492377B,1,1
PUTT-T1,7100,1,Final Test 1,1,1TPS61012DGSR,DGS,10,alt,ETS-1-64:6492377B,4295,ETS-1-64,6492377B,1,1
PUTT-T1,7100,1,Final Test 1,1,1TPS61012DGSR,DGS,10,alt,ETS-1-128:6492377B,4295,ETS-1-128,6492377B,1,1
PUTT-T1,7100,1,Final Test 1,1,1TPS61012DGSR,DGS,10,alt,ETS-1M-64:6492377B,4295,ETS-1M-64,6492377B,1,1
PUTT-T1,7100,1,Final Test 1,1,1TPS61012DGSR,DGS,10,alt,ETS-2-64:6492377B,4295,ETS-2-64,6492377B,1,1
PUTT-T1,7100,1,Final Test 1,1,1TPS61012DGSR,DGS,10,,ETS564-32:6461406A,4295,ETS564-32,6461406A,1,1
PUTT-T1,7100,1,Final Test 1,1,1TPS61012DGSR,DGS,10,alt,ETS564:6461406A,4295,ETS564,6461406A,1,1
PUTT-T1,7100,1,Final Test 1,1,1TPS62040DGQR,DGQ,10,,ETS-0-128:6462727B,4565,ETS-0-128,6462727B,1,1
PUTT-T1,7100,1,Final Test 1,1,1TPS62040DGQR,DGQ,10,alt,ETS-1-128:6462727B,4565,ETS-1-128,6462727B,1,1
LUTT-T1,7100,1,Final Test 1,1,1UCC27424DGNR,DGN,8,,ETS564-32:6430442A,4300,ETS564-32,6430442A,1,1
LUTT-T1,7100,1,Final Test 1,1,1UCC27424DGNR,DGN,8,alt,ETS564:6430442A,4300,ETS564,6430442A,1,1
LUTT-T1,7100,1,Final Test 1,1,1UCC37325DGNR,DGN,8,,ETS-0-64:6492291A,4300,ETS-0-64,6492291A,1,1
LUTT-T1,7100,1,Final Test 1,1,1UCC37325DGNR,DGN,8,alt,ETS-1-64:6492291A,4300,ETS-1-64,6492291A,1,1
LUTT-T1,7100,1,Final Test 1,1,1UCC37325DGNR,DGN,8,alt,ETS-1-128:6492291A,4300,ETS-1-128,6492291A,1,1
LUTT-T1,7100,1,Final Test 1,1,1UCC37325DGNR,DGN,8,alt,ETS-1M-64:6492291A,4300,ETS-1M-64,6492291A,1,1
LUTT-T1,7100,1,Final Test 1,1,1UCC37325DGNR,DGN,8,alt,ETS-2-64:6492291A,4300,ETS-2-64,6492291A,1,1
LUTT-T1,7100,1,Final Test 1,1,1UCC37325DGNR,DGN,8,,ETS564-32:6430442A,4300,ETS564-32,6430442A,1,1
LUTT-T1,7100,1,Final Test 1,1,1UCC37325DGNR,DGN,8,alt,ETS564:6430442A,4300,ETS564,6430442A,1,1
LTR-T2,7101,1,Final Test 2,1,2U40057QPWPRSV,PWP,16,,ETS564-32:6433489B,1588,ETS564-32,6433489B,1,1
LTR-T2,7101,1,Final Test 2,1,2U40057QPWPRSV,PWP,16,alt,ETS564:6433489B,1588,ETS564,6433489B,1,1
LTKY-T3,7101,1,Final Test 2,1,2U54110QPWPRQ1,PWP,20,,ETS-0-64:6473197B,3505,ETS-0-64,6473197B,1,1
LTKY-T3,7101,1,Final Test 2,1,2U54110QPWPRQ1,PWP,20,alt,ETS-1-64:6473197B,3505,ETS-1-64,6473197B,1,1
LTKY-T3,7101,1,Final Test 2,1,2U54110QPWPRQ1,PWP,20,alt,ETS-1-128:6473197B,3505,ETS-1-128,6473197B,1,1
LTKY-T3,7101,1,Final Test 2,1,2U54110QPWPRQ1,PWP,20,alt,ETS-1M-64:6473197B,3505,ETS-1M-64,6473197B,1,1
LTKY-T3,7101,1,Final Test 2,1,2U54110QPWPRQ1,PWP,20,alt,ETS-2-64:6473197B,3505,ETS-2-64,6473197B,1,1
LTKY-T3,7102,1,Final Test 3,1,2U54110QPWPRQ1,PWP,20,,ETS-0-64:6473197B,3505,ETS-0-64,6473197B,1,1
LTKY-T3,7102,1,Final Test 3,1,2U54110QPWPRQ1,PWP,20,alt,ETS-1-64:6473197B,3505,ETS-1-64,6473197B,1,1
LTKY-T3,7102,1,Final Test 3,1,2U54110QPWPRQ1,PWP,20,alt,ETS-1-128:6473197B,3505,ETS-1-128,6473197B,1,1
LTKY-T3,7102,1,Final Test 3,1,2U54110QPWPRQ1,PWP,20,alt,ETS-1M-64:6473197B,3505,ETS-1M-64,6473197B,1,1
LTKY-T3,7102,1,Final Test 3,1,2U54110QPWPRQ1,PWP,20,alt,ETS-2-64:6473197B,3505,ETS-2-64,6473197B,1,1
LTR-T4Q3,7100,1,Final Test 1,1,2U54310QPWPRQ1,PWP,20,,ETS-0-64:6473197B,4235,ETS-0-64,6473197B,1,1
LTR-T4Q3,7100,1,Final Test 1,1,2U54310QPWPRQ1,PWP,20,alt,ETS-1-64:6473197B,4235,ETS-1-64,6473197B,1,1
LTR-T4Q3,7100,1,Final Test 1,1,2U54310QPWPRQ1,PWP,20,alt,ETS-1-128:6473197B,4235,ETS-1-128,6473197B,1,1
LTR-T4Q3,7100,1,Final Test 1,1,2U54310QPWPRQ1,PWP,20,alt,ETS-1M-64:6473197B,4235,ETS-1M-64,6473197B,1,1
LTR-T4Q3,7100,1,Final Test 1,1,2U54310QPWPRQ1,PWP,20,alt,ETS-2-64:6473197B,4235,ETS-2-64,6473197B,1,1
LTR-T4Q3,7101,1,Final Test 2,1,2U54310QPWPRQ1,PWP,20,,ETS564-32:6462741B,4235,ETS564-32,6462741B,1,1
LTR-T4Q3,7101,1,Final Test 2,1,2U54310QPWPRQ1,PWP,20,alt,ETS564:6462741B,4235,ETS564,6462741B,1,1
LTKY-T2,7100,1,Final Test 1,1,2U54350MPWPREP,PWP,16,,ETS-0-64:6473283A,1829,ETS-0-64,6473283A,1,1
LTKY-T2,7100,1,Final Test 1,1,2U54350MPWPREP,PWP,16,alt,ETS-1-64:6473283A,1829,ETS-1-64,6473283A,1,1
LTKY-T2,7100,1,Final Test 1,1,2U54350MPWPREP,PWP,16,alt,ETS-1-128:6473283A,1829,ETS-1-128,6473283A,1,1
LTKY-T2,7100,1,Final Test 1,1,2U54350MPWPREP,PWP,16,alt,ETS-1M-64:6473283A,1829,ETS-1M-64,6473283A,1,1
LTKY-T2,7100,1,Final Test 1,1,2U54350MPWPREP,PWP,16,alt,ETS-2-64:6473283A,1829,ETS-2-64,6473283A,1,1
LTR-TTBRT,7100,1,Final Test 1,1,2U54372QPWPRDN,PWP,20,,ETS-0-64:6504853A/6487463C,2016,ETS-0-64,6504853A/6487463C,1,1
LTR-TTBRT,7100,1,Final Test 1,1,2U54372QPWPRDN,PWP,20,alt,ETS-1-64:6504853A/6487463C,2016,ETS-1-64,6504853A/6487463C,1,1
LTR-TTBRT,7100,1,Final Test 1,1,2U54372QPWPRDN,PWP,20,alt,ETS-1-128:6504853A/6487463C,2016,ETS-1-128,6504853A/6487463C,1,1
LTR-TTBRT,7100,1,Final Test 1,1,2U54372QPWPRDN,PWP,20,alt,ETS-1M-64:6504853A/6487463C,2016,ETS-1M-64,6504853A/6487463C,1,1
LTR-TTBRT,7100,1,Final Test 1,1,2U54372QPWPRDN,PWP,20,alt,ETS-2-64:6504853A/6487463C,2016,ETS-2-64,6504853A/6487463C,1,1
LTR-TTBRT,7101,1,Final Test 2,1,2U54372QPWPRDN,PWP,20,,ETS-0-64:6504853A/6487463C,2016,ETS-0-64,6504853A/6487463C,1,1
LTR-TTBRT,7101,1,Final Test 2,1,2U54372QPWPRDN,PWP,20,alt,ETS-1-64:6504853A/6487463C,2016,ETS-1-64,6504853A/6487463C,1,1
LTR-TTBRT,7101,1,Final Test 2,1,2U54372QPWPRDN,PWP,20,alt,ETS-1-128:6504853A/6487463C,2016,ETS-1-128,6504853A/6487463C,1,1
LTR-TTBRT,7101,1,Final Test 2,1,2U54372QPWPRDN,PWP,20,alt,ETS-1M-64:6504853A/6487463C,2016,ETS-1M-64,6504853A/6487463C,1,1
LTR-TTBRT,7101,1,Final Test 2,1,2U54372QPWPRDN,PWP,20,alt,ETS-2-64:6504853A/6487463C,2016,ETS-2-64,6504853A/6487463C,1,1
LTR-TTBRT,7112,1,QA Sample 3,1,2U54372QPWPRDN,PWP,20,,ETS-0-64:6504853A/6487463C,2016,ETS-0-64,6504853A/6487463C,1,1
LTR-TTBRT,7112,1,QA Sample 3,1,2U54372QPWPRDN,PWP,20,alt,ETS-1-64:6504853A/6487463C,2016,ETS-1-64,6504853A/6487463C,1,1
LTR-TTBRT,7112,1,QA Sample 3,1,2U54372QPWPRDN,PWP,20,alt,ETS-1-128:6504853A/6487463C,2016,ETS-1-128,6504853A/6487463C,1,1
LTR-TTBRT,7112,1,QA Sample 3,1,2U54372QPWPRDN,PWP,20,alt,ETS-1M-64:6504853A/6487463C,2016,ETS-1M-64,6504853A/6487463C,1,1
LTR-TTBRT,7112,1,QA Sample 3,1,2U54372QPWPRDN,PWP,20,alt,ETS-2-64:6504853A/6487463C,2016,ETS-2-64,6504853A/6487463C,1,1
LTR-TTBRT,7100,1,Final Test 1,1,2U54612QPWPRDN,PWP,28,,ETS-0-64:6504852A/6487463C,2350,ETS-0-64,6504852A/6487463C,1,1
LTR-TTBRT,7100,1,Final Test 1,1,2U54612QPWPRDN,PWP,28,alt,ETS-1-64:6504852A/6487463C,2350,ETS-1-64,6504852A/6487463C,1,1
LTR-TTBRT,7100,1,Final Test 1,1,2U54612QPWPRDN,PWP,28,alt,ETS-1-128:6504852A/6487463C,2350,ETS-1-128,6504852A/6487463C,1,1
LTR-TTBRT,7100,1,Final Test 1,1,2U54612QPWPRDN,PWP,28,alt,ETS-1M-64:6504852A/6487463C,2350,ETS-1M-64,6504852A/6487463C,1,1
LTR-TTBRT,7100,1,Final Test 1,1,2U54612QPWPRDN,PWP,28,alt,ETS-2-64:6504852A/6487463C,2350,ETS-2-64,6504852A/6487463C,1,1
LTR-TTBRT,7101,1,Final Test 2,1,2U54612QPWPRDN,PWP,28,,ETS-0-64:6504852A/6487463C,2350,ETS-0-64,6504852A/6487463C,1,1
LTR-TTBRT,7101,1,Final Test 2,1,2U54612QPWPRDN,PWP,28,alt,ETS-1-64:6504852A/6487463C,2350,ETS-1-64,6504852A/6487463C,1,1
LTR-TTBRT,7101,1,Final Test 2,1,2U54612QPWPRDN,PWP,28,alt,ETS-1-128:6504852A/6487463C,2350,ETS-1-128,6504852A/6487463C,1,1
LTR-TTBRT,7101,1,Final Test 2,1,2U54612QPWPRDN,PWP,28,alt,ETS-1M-64:6504852A/6487463C,2350,ETS-1M-64,6504852A/6487463C,1,1
LTR-TTBRT,7101,1,Final Test 2,1,2U54612QPWPRDN,PWP,28,alt,ETS-2-64:6504852A/6487463C,2350,ETS-2-64,6504852A/6487463C,1,1
LTR-T1,7100,1,Final Test 1,1,2U65100QPWPRQ1,PWP,24,,ETS-0-32:6471816C,3000,ETS-0-32,6471816C,1,1
LTR-T1,7100,1,Final Test 1,1,2U65100QPWPRQ1,PWP,24,alt,ETS-0-64:6471816C,3000,ETS-0-64,6471816C,1,1
LTR-T1,7100,1,Final Test 1,1,2U65100QPWPRQ1,PWP,24,alt,ETS-1-64:6471816C,3000,ETS-1-64,6471816C,1,1
LTR-T1,7100,1,Final Test 1,1,2U65100QPWPRQ1,PWP,24,alt,ETS-1-128:6471816C,3000,ETS-1-128,6471816C,1,1
LTR-T1,7100,1,Final Test 1,1,2U65100QPWPRQ1,PWP,24,alt,ETS-1M-64:6471816C,3000,ETS-1M-64,6471816C,1,1
LTR-T1,7100,1,Final Test 1,1,2U65100QPWPRQ1,PWP,24,alt,ETS-2-64:6471816C,3000,ETS-2-64,6471816C,1,1
LYTGB-T1,7100,1,Final Test 1,1,ADS-7862YB/2K,PBS,32,,ETS-1M-64:,700,ETS-1M-64,,1,1
LYTGB-T1,7100,1,Final Test 1,1,ADS-8323YB/2K,PBS,32,,ETS-0QM-64:6507898A,815,ETS-0QM-64,6507898A,1,1
PTKY-T1,7100,1,Final Test 1,1,ADS1230IPWR,PW,16,,ETS-0M-32:6476837A,1119,ETS-0M-32,6476837A,1,1
LTKYV-T1,7110,1,QA Sample 1,1,BQ2005STR,DW,20,,ETS-0-64:6505161A,170,ETS-0-64,6505161A,1,1
LTKYV-T1,7110,1,QA Sample 1,1,BQ2005STR,DW,20,alt,ETS-1-64:6505161A,170,ETS-1-64,6505161A,1,1
LTKYV-T1,7110,1,QA Sample 1,1,BQ2005STR,DW,20,alt,ETS-1-128:6505161A,170,ETS-1-128,6505161A,1,1
LTKYV-T1,7110,1,QA Sample 1,1,BQ2005STR,DW,20,alt,ETS-1M-64:6505161A,170,ETS-1M-64,6505161A,1,1
LTKYV-T1,7110,1,QA Sample 1,1,BQ2005STR,DW,20,alt,ETS-2-64:6505161A,170,ETS-2-64,6505161A,1,1
LTBV-T2,7100,1,Final Test 1,1,DAC813AU,DW,28,,ETS-1-64:6495028A,360,ETS-1-64,6495028A,1,1
LTBV-T2,7100,1,Final Test 1,1,DAC813AU,DW,28,alt,ETS-1-128:6495028A,360,ETS-1-128,6495028A,1,1
LTBV-T2,7100,1,Final Test 1,1,DAC813AU,DW,28,alt,ETS-1M-64:6495028A,360,ETS-1M-64,6495028A,1,1
LTBV-T2,7100,1,Final Test 1,1,DAC813AU,DW,28,alt,ETS-2-64:6495028A,360,ETS-2-64,6495028A,1,1
PTKY-T1,7100,1,Final Test 1,1,DRV602PWR,PW,14,,ETS-0-128:6501065B,3600,ETS-0-128,6501065B,1,1
PTKY-T1,7100,1,Final Test 1,1,DRV602PWR,PW,14,alt,ETS-1-128:6501065B,3600,ETS-1-128,6501065B,1,1
PTKY-T1,7100,1,Final Test 1,1,DRV603PWR,PW,14,,ETS-0-128:6501065B,5096,ETS-0-128,6501065B,1,1
PTKY-T1,7100,1,Final Test 1,1,DRV603PWR,PW,14,alt,ETS-1-128:6501065B,5096,ETS-1-128,6501065B,1,1
LTR-T4Q3,7100,1,Final Test 1,1,G610QPWPRG4Q1,PWP,28,,ETS-0-64:6473198B,2394,ETS-0-64,6473198B,1,1
LTR-T4Q3,7100,1,Final Test 1,1,G610QPWPRG4Q1,PWP,28,alt,ETS-1-64:6473198B,2394,ETS-1-64,6473198B,1,1
LTR-T4Q3,7100,1,Final Test 1,1,G610QPWPRG4Q1,PWP,28,alt,ETS-1-128:6473198B,2394,ETS-1-128,6473198B,1,1
LTR-T4Q3,7100,1,Final Test 1,1,G610QPWPRG4Q1,PWP,28,alt,ETS-1M-64:6473198B,2394,ETS-1M-64,6473198B,1,1
LTR-T4Q3,7100,1,Final Test 1,1,G610QPWPRG4Q1,PWP,28,alt,ETS-2-64:6473198B,2394,ETS-2-64,6473198B,1,1
LTR-T4Q3,7101,1,Final Test 2,1,G610QPWPRG4Q1,PWP,28,,ETS564-32:6462741B,2394,ETS564-32,6462741B,1,1
LTR-T4Q3,7101,1,Final Test 2,1,G610QPWPRG4Q1,PWP,28,alt,ETS564:6462741B,2394,ETS564,6462741B,1,1
LTR-T4Q3,7102,1,Final Test 3,1,G610QPWPRG4Q1,PWP,28,,ETS564-32:6462741B,2394,ETS564-32,6462741B,1,1
LTR-T4Q3,7102,1,Final Test 3,1,G610QPWPRG4Q1,PWP,28,alt,ETS564:6462741B,2394,ETS564,6462741B,1,1
LTR-T4Q3,7103,1,Final Test 4,1,G610QPWPRG4Q1,PWP,28,,ETS564-32:6462741B,2394,ETS564-32,6462741B,1,1
LTR-T4Q3,7103,1,Final Test 4,1,G610QPWPRG4Q1,PWP,28,alt,ETS564:6462741B,2394,ETS564,6462741B,1,1
LTR-T4Q3,7112,1,QA Sample 3,1,G610QPWPRG4Q1,PWP,28,,ETS564-32:6462741B,2394,ETS564-32,6462741B,1,1
LTR-T4Q3,7112,1,QA Sample 3,1,G610QPWPRG4Q1,PWP,28,alt,ETS564:6462741B,2394,ETS564,6462741B,1,1
PTKYV-T1,7100,1,Final Test 1,1,MPC508AU,DW,16,,ETS-0-32:6465505B,1000,ETS-0-32,6465505B,1,1
PTKYV-T1,7100,1,Final Test 1,1,MPC508AU,DW,16,alt,ETS-0-64:6465505B,1000,ETS-0-64,6465505B,1,1
PTKYV-T1,7100,1,Final Test 1,1,MPC508AU,DW,16,alt,ETS-1-64:6465505B,1000,ETS-1-64,6465505B,1,1
PTKYV-T1,7100,1,Final Test 1,1,MPC508AU,DW,16,alt,ETS-1-128:6465505B,1000,ETS-1-128,6465505B,1,1
PTKYV-T1,7100,1,Final Test 1,1,MPC508AU,DW,16,alt,ETS-1M-64:6465505B,1000,ETS-1M-64,6465505B,1,1
PTKYV-T1,7100,1,Final Test 1,1,MPC508AU,DW,16,alt,ETS-2-64:6465505B,1000,ETS-2-64,6465505B,1,1
LTKY-T1,7100,1,Room Elect,1,MSP430U300IPMR,PM,64,,:,849,,,1,1
WLUTT-2TQ1,7100,1,Final Test 1,1,Q1AC7728SRTQT8,RTQ,56,,ETS-0M-64:6504716A,51,ETS-0M-64,6504716A,1,1
WLUTT-2TQ1,7100,1,Final Test 1,1,Q1AC7728SRTQT8,RTQ,56,alt,ETS-1M-64:6504716A,51,ETS-1M-64,6504716A,1,1
WLUTT-2TQ1,7101,1,Final Test 2,1,Q1AC8228SRTQT8,RTQ,56,,ETS-0M-64:6504716A,44,ETS-0M-64,6504716A,1,1
WLUTT-2TQ1,7101,1,Final Test 2,1,Q1AC8228SRTQT8,RTQ,56,alt,ETS-1M-64:6504716A,44,ETS-1M-64,6504716A,1,1
WLUTT-2TQ1,7100,1,Final Test 1,1,Q1AC8728SRTQT8,RTQ,56,,ETS-0M-64:6504716A,43,ETS-0M-64,6504716A,1,1
WLUTT-2TQ1,7100,1,Final Test 1,1,Q1AC8728SRTQT8,RTQ,56,alt,ETS-1M-64:6504716A,43,ETS-1M-64,6504716A,1,1
WLUTT-T1,7100,1,Final Test 1,1,Q1TPS65851ZQZR,ZQZ,120,,ETS-0-64:6490924B,570,ETS-0-64,6490924B,1,1
WLUTT-T1,7100,1,Final Test 1,1,Q1TPS65851ZQZR,ZQZ,120,alt,ETS-1-64:6490924B,570,ETS-1-64,6490924B,1,1
WLUTT-T1,7100,1,Final Test 1,1,Q1TPS65851ZQZR,ZQZ,120,alt,ETS-1-128:6490924B,570,ETS-1-128,6490924B,1,1
WLUTT-T1,7100,1,Final Test 1,1,Q1TPS65851ZQZR,ZQZ,120,alt,ETS-1M-64:6490924B,570,ETS-1M-64,6490924B,1,1
WLUTT-T1,7100,1,Final Test 1,1,Q1TPS65851ZQZR,ZQZ,120,alt,ETS-2-64:6490924B,570,ETS-2-64,6490924B,1,1
WLTB-T2Q1,7101,1,Final Test 2,1,QDAC7728SPAG7,PAG,64,,ETS-0M-64:6498515A,46,ETS-0M-64,6498515A,1,1
WLTB-T2Q1,7101,1,Final Test 2,1,QDAC7728SPAG7,PAG,64,alt,ETS-1M-64:6498515A,46,ETS-1M-64,6498515A,1,1
WLTB-T2Q1,7101,1,Final Test 2,1,QDAC8728SPAG7,PAG,64,,ETS-0M-64:6498515A,40,ETS-0M-64,6498515A,1,1
WLTB-T2Q1,7101,1,Final Test 2,1,QDAC8728SPAG7,PAG,64,alt,ETS-1M-64:6498515A,40,ETS-1M-64,6498515A,1,1
QLTKY-T1,7110,1,QA Sample 1,1,QTPS54550PWP7,PWP,16,,ETS-0-64:6473283C,1921,ETS-0-64,6473283C,1,1
QLTKY-T1,7110,1,QA Sample 1,1,QTPS54550PWP7,PWP,16,alt,ETS-1-64:6473283C,1921,ETS-1-64,6473283C,1,1
QLTKY-T1,7110,1,QA Sample 1,1,QTPS54550PWP7,PWP,16,alt,ETS-1-128:6473283C,1921,ETS-1-128,6473283C,1,1
QLTKY-T1,7110,1,QA Sample 1,1,QTPS54550PWP7,PWP,16,alt,ETS-1M-64:6473283C,1921,ETS-1M-64,6473283C,1,1
QLTKY-T1,7110,1,QA Sample 1,1,QTPS54550PWP7,PWP,16,alt,ETS-2-64:6473283C,1921,ETS-2-64,6473283C,1,1
PTKY-T1,7100,1,Final Test 1,1,SN0405063PWPR,PWP,16,,ETS-0-64:6473283C,1829,ETS-0-64,6473283C,1,1
PTKY-T1,7100,1,Final Test 1,1,SN0405063PWPR,PWP,16,alt,ETS-1-64:6473283C,1829,ETS-1-64,6473283C,1,1
PTKY-T1,7100,1,Final Test 1,1,SN0405063PWPR,PWP,16,alt,ETS-1-128:6473283C,1829,ETS-1-128,6473283C,1,1
PTKY-T1,7100,1,Final Test 1,1,SN0405063PWPR,PWP,16,alt,ETS-1M-64:6473283C,1829,ETS-1M-64,6473283C,1,1
PTKY-T1,7100,1,Final Test 1,1,SN0405063PWPR,PWP,16,alt,ETS-2-64:6473283C,1829,ETS-2-64,6473283C,1,1
PTKY-T1,7100,1,Final Test 1,1,SN0608006PWPR,PWP,20,,ETS-0-64:6479471B,1650,ETS-0-64,6479471B,1,1
PTKY-T1,7100,1,Final Test 1,1,SN0608006PWPR,PWP,20,alt,ETS-1-64:6479471B,1650,ETS-1-64,6479471B,1,1
PTKY-T1,7100,1,Final Test 1,1,SN0608006PWPR,PWP,20,alt,ETS-1-128:6479471B,1650,ETS-1-128,6479471B,1,1
PTKY-T1,7100,1,Final Test 1,1,SN0608006PWPR,PWP,20,alt,ETS-1M-64:6479471B,1650,ETS-1M-64,6479471B,1,1
PTKY-T1,7100,1,Final Test 1,1,SN0608006PWPR,PWP,20,alt,ETS-2-64:6479471B,1650,ETS-2-64,6479471B,1,1
LTKY-T1,7100,1,Final Test 1,1,SN0806054PWPR,PWP,16,,ETS-0-64:6485429B,1588,ETS-0-64,6485429B,1,1
LTKY-T1,7100,1,Final Test 1,1,SN0806054PWPR,PWP,16,alt,ETS-1-64:6485429B,1588,ETS-1-64,6485429B,1,1
LTKY-T1,7100,1,Final Test 1,1,SN0806054PWPR,PWP,16,alt,ETS-1-128:6485429B,1588,ETS-1-128,6485429B,1,1
LTKY-T1,7100,1,Final Test 1,1,SN0806054PWPR,PWP,16,alt,ETS-1M-64:6485429B,1588,ETS-1M-64,6485429B,1,1
LTKY-T1,7100,1,Final Test 1,1,SN0806054PWPR,PWP,16,alt,ETS-2-64:6485429B,1588,ETS-2-64,6485429B,1,1
LTKY-T1,7121,1,100% Rescreen 1,1,SN0806054PWPR,PWP,16,,ETS-0-64:6485429B,1588,ETS-0-64,6485429B,1,1
LTKY-T1,7121,1,100% Rescreen 1,1,SN0806054PWPR,PWP,16,alt,ETS-1-64:6485429B,1588,ETS-1-64,6485429B,1,1
LTKY-T1,7121,1,100% Rescreen 1,1,SN0806054PWPR,PWP,16,alt,ETS-1-128:6485429B,1588,ETS-1-128,6485429B,1,1
LTKY-T1,7121,1,100% Rescreen 1,1,SN0806054PWPR,PWP,16,alt,ETS-1M-64:6485429B,1588,ETS-1M-64,6485429B,1,1
LTKY-T1,7121,1,100% Rescreen 1,1,SN0806054PWPR,PWP,16,alt,ETS-2-64:6485429B,1588,ETS-2-64,6485429B,1,1
QLTKY-T1,7100,1,Final Test 1,1,SWRC54010PWPR7,PWP,28,,ETS564-32:6440109A,2000,ETS564-32,6440109A,1,1
QLTKY-T1,7100,1,Final Test 1,1,SWRC54010PWPR7,PWP,28,alt,ETS564:6440109A,2000,ETS564,6440109A,1,1
WLTR-T1,7110,1,QA Sample 1,1,SWRPS54283PWPR,PWP,14,,ETS-0-64:6483172A,1708,ETS-0-64,6483172A,1,1
WLTR-T1,7110,1,QA Sample 1,1,SWRPS54283PWPR,PWP,14,alt,ETS-1-64:6483172A,1708,ETS-1-64,6483172A,1,1
WLTR-T1,7110,1,QA Sample 1,1,SWRPS54283PWPR,PWP,14,alt,ETS-1-128:6483172A,1708,ETS-1-128,6483172A,1,1
WLTR-T1,7110,1,QA Sample 1,1,SWRPS54283PWPR,PWP,14,alt,ETS-1M-64:6483172A,1708,ETS-1M-64,6483172A,1,1
WLTR-T1,7110,1,QA Sample 1,1,SWRPS54283PWPR,PWP,14,alt,ETS-2-64:6483172A,1708,ETS-2-64,6483172A,1,1
QPTKY-T1,7100,1,Final Test 1,1,SWRTPA3004D2P7,PHP,48,,ETS-0-64:6479376B,1600,ETS-0-64,6479376B,1,1
QPTKY-T1,7100,1,Final Test 1,1,SWRTPA3004D2P7,PHP,48,alt,ETS-1-64:6479376B,1600,ETS-1-64,6479376B,1,1
QPTKY-T1,7100,1,Final Test 1,1,SWRTPA3004D2P7,PHP,48,alt,ETS-1-128:6479376B,1600,ETS-1-128,6479376B,1,1
QPTKY-T1,7100,1,Final Test 1,1,SWRTPA3004D2P7,PHP,48,alt,ETS-1M-64:6479376B,1600,ETS-1M-64,6479376B,1,1
QPTKY-T1,7100,1,Final Test 1,1,SWRTPA3004D2P7,PHP,48,alt,ETS-2-64:6479376B,1600,ETS-2-64,6479376B,1,1
LTKY-T1,7100,1,Final Test 1,1,THS7303PWR,PW,20,,ETS-0-64:6485806C,2580,ETS-0-64,6485806C,1,1
LTKY-T1,7100,1,Final Test 1,1,THS7303PWR,PW,20,alt,ETS-1-64:6485806C,2580,ETS-1-64,6485806C,1,1
LTKY-T1,7100,1,Final Test 1,1,THS7303PWR,PW,20,alt,ETS-1-128:6485806C,2580,ETS-1-128,6485806C,1,1
LTKY-T1,7100,1,Final Test 1,1,THS7303PWR,PW,20,alt,ETS-1M-64:6485806C,2580,ETS-1M-64,6485806C,1,1
LTKY-T1,7100,1,Final Test 1,1,THS7303PWR,PW,20,alt,ETS-2-64:6485806C,2580,ETS-2-64,6485806C,1,1
PMB-T1,7100,1,Final Test 1,1,THS7319IZSVR,ZSV,9,,ETS-0-64:,5628,ETS-0-64,,1,1
PMB-T1,7100,1,Final Test 1,1,THS7319IZSVR,ZSV,9,alt,ETS-1-64:,5628,ETS-1-64,,1,1
PMB-T1,7100,1,Final Test 1,1,THS7319IZSVR,ZSV,9,alt,ETS-1-128:,5628,ETS-1-128,,1,1
PMB-T1,7100,1,Final Test 1,1,THS7319IZSVR,ZSV,9,alt,ETS-1M-64:,5628,ETS-1M-64,,1,1
PMB-T1,7100,1,Final Test 1,1,THS7319IZSVR,ZSV,9,alt,ETS-2-64:,5628,ETS-2-64,,1,1
LTKY-T1,7100,1,Final Test 1,1,TLC0838CPW,PW,20,,ETS-1-64:6500271A,2500,ETS-1-64,6500271A,1,1
LTKY-T1,7100,1,Final Test 1,1,TLC0838CPW,PW,20,alt,ETS-1-128:6500271A,2500,ETS-1-128,6500271A,1,1
LTKY-T1,7100,1,Final Test 1,1,TLC0838CPW,PW,20,alt,ETS-1M-64:6500271A,2500,ETS-1M-64,6500271A,1,1
LTKY-T1,7100,1,Final Test 1,1,TLC0838CPW,PW,20,alt,ETS-2-64:6500271A,2500,ETS-2-64,6500271A,1,1
LTKY-T1,7100,1,Final Test 1,1,TPA032D02DCAR,DCA,48,,A56X-2X-STD:4072781C,2000,A56X-2X-STD,4072781C,1,1
PTKY-T1,7100,1,Final Test 1,1,TPA3004D2PHPR,PHP,48,,ETS-0-64:6479376B,1600,ETS-0-64,6479376B,1,1
PTKY-T1,7100,1,Final Test 1,1,TPA3004D2PHPR,PHP,48,alt,ETS-1-64:6479376B,1600,ETS-1-64,6479376B,1,1
PTKY-T1,7100,1,Final Test 1,1,TPA3004D2PHPR,PHP,48,alt,ETS-1-128:6479376B,1600,ETS-1-128,6479376B,1,1
PTKY-T1,7100,1,Final Test 1,1,TPA3004D2PHPR,PHP,48,alt,ETS-1M-64:6479376B,1600,ETS-1M-64,6479376B,1,1
PTKY-T1,7100,1,Final Test 1,1,TPA3004D2PHPR,PHP,48,alt,ETS-2-64:6479376B,1600,ETS-2-64,6479376B,1,1
LTKY-T1,7100,1,Final Test 1,1,TPA3121D2PWPR,PWP,24,,ETS-0-64:6481146C,1500,ETS-0-64,6481146C,1,1
LTKY-T1,7100,1,Final Test 1,1,TPA3121D2PWPR,PWP,24,alt,ETS-1-64:6481146C,1500,ETS-1-64,6481146C,1,1
LTKY-T1,7100,1,Final Test 1,1,TPA3121D2PWPR,PWP,24,alt,ETS-1-128:6481146C,1500,ETS-1-128,6481146C,1,1
LTKY-T1,7100,1,Final Test 1,1,TPA3121D2PWPR,PWP,24,alt,ETS-1M-64:6481146C,1500,ETS-1M-64,6481146C,1,1
LTKY-T1,7100,1,Final Test 1,1,TPA3121D2PWPR,PWP,24,alt,ETS-2-64:6481146C,1500,ETS-2-64,6481146C,1,1
LTKY-T1,7100,1,Final Test 1,1,TPA3124D2PWPR,PWP,24,,ETS-0-64:6481146C,1917,ETS-0-64,6481146C,1,1
LTKY-T1,7100,1,Final Test 1,1,TPA3124D2PWPR,PWP,24,alt,ETS-1-64:6481146C,1917,ETS-1-64,6481146C,1,1
LTKY-T1,7100,1,Final Test 1,1,TPA3124D2PWPR,PWP,24,alt,ETS-1-128:6481146C,1917,ETS-1-128,6481146C,1,1
LTKY-T1,7100,1,Final Test 1,1,TPA3124D2PWPR,PWP,24,alt,ETS-1M-64:6481146C,1917,ETS-1M-64,6481146C,1,1
LTKY-T1,7100,1,Final Test 1,1,TPA3124D2PWPR,PWP,24,alt,ETS-2-64:6481146C,1917,ETS-2-64,6481146C,1,1
LTKY-T1,7100,1,Final Test 1,1,TPA6030A4PWPR,PWP,28,,ETS-0-64:6466496A,2477,ETS-0-64,6466496A,1,1
LTKY-T1,7100,1,Final Test 1,1,TPA6030A4PWPR,PWP,28,alt,ETS-1-64:6466496A,2477,ETS-1-64,6466496A,1,1
LTKY-T1,7100,1,Final Test 1,1,TPA6030A4PWPR,PWP,28,alt,ETS-1-128:6466496A,2477,ETS-1-128,6466496A,1,1
LTKY-T1,7100,1,Final Test 1,1,TPA6030A4PWPR,PWP,28,alt,ETS-1M-64:6466496A,2477,ETS-1M-64,6466496A,1,1
LTKY-T1,7100,1,Final Test 1,1,TPA6030A4PWPR,PWP,28,alt,ETS-2-64:6466496A,2477,ETS-2-64,6466496A,1,1
LTRV-TQT,7100,1,Room Elect,1,TPIC6B273DWRG4,DW,20,,:,1800,,,1,1
LTRV-TQT,7100,1,Room Elect,1,TPIC6B595DWR,DW,20,,:,1000,,,1,1
LTKY-T1,7100,1,Final Test 1,1,TPS2363PFB,PFB,48,,ETS-0-64:6467021B,1400,ETS-0-64,6467021B,1,1
LTKY-T1,7100,1,Final Test 1,1,TPS2363PFB,PFB,48,alt,ETS-1-64:6467021B,1400,ETS-1-64,6467021B,1,1
LTKY-T1,7100,1,Final Test 1,1,TPS2363PFB,PFB,48,alt,ETS-1-128:6467021B,1400,ETS-1-128,6467021B,1,1
LTKY-T1,7100,1,Final Test 1,1,TPS2363PFB,PFB,48,alt,ETS-1M-64:6467021B,1400,ETS-1M-64,6467021B,1,1
LTKY-T1,7100,1,Final Test 1,1,TPS2363PFB,PFB,48,alt,ETS-2-64:6467021B,1400,ETS-2-64,6467021B,1,1
LTKY-T1,7100,1,Final Test 1,1,TPS2363PFBR,PFB,48,,ETS-0-64:6467021B,1400,ETS-0-64,6467021B,1,1
LTKY-T1,7100,1,Final Test 1,1,TPS2363PFBR,PFB,48,alt,ETS-1-64:6467021B,1400,ETS-1-64,6467021B,1,1
LTKY-T1,7100,1,Final Test 1,1,TPS2363PFBR,PFB,48,alt,ETS-1-128:6467021B,1400,ETS-1-128,6467021B,1,1
LTKY-T1,7100,1,Final Test 1,1,TPS2363PFBR,PFB,48,alt,ETS-1M-64:6467021B,1400,ETS-1M-64,6467021B,1,1
LTKY-T1,7100,1,Final Test 1,1,TPS2363PFBR,PFB,48,alt,ETS-2-64:6467021B,1400,ETS-2-64,6467021B,1,1
PTKY-T1,7100,1,Final Test 1,1,TPS23754PWPR,PWP,20,,ETS-1-32:6496765B,1980,ETS-1-32,6496765B,1,1
PTKYV-T1,7100,1,Final Test 1,1,TPS2377DR,D,8,,ETS564-32:6453620A,2852,ETS564-32,6453620A,1,1
PTKYV-T1,7100,1,Final Test 1,1,TPS2377DR,D,8,alt,ETS564:6453620A,2852,ETS564,6453620A,1,1
LTKY-T1,7100,1,Final Test 1,1,TPS40056PWPR,PWP,16,,ETS564-32:6440031B,500,ETS564-32,6440031B,1,1
LTKY-T1,7100,1,Final Test 1,1,TPS40056PWPR,PWP,16,alt,ETS564:6440031B,500,ETS564,6440031B,1,1
LTKY-T1,7100,1,Final Test 1,1,TPS40071PWPR,PWP,16,,ETS564-32:6442302C,1140,ETS564-32,6442302C,1,1
LTKY-T1,7100,1,Final Test 1,1,TPS40071PWPR,PWP,16,alt,ETS564:6442302C,1140,ETS564,6442302C,1,1
PTKY-T1,7100,1,Final Test 1,1,TPS51116PWPR,PWP,20,,ETS-0-64:6479471B,1661,ETS-0-64,6479471B,1,1
PTKY-T1,7100,1,Final Test 1,1,TPS51116PWPR,PWP,20,alt,ETS-1-64:6479471B,1661,ETS-1-64,6479471B,1,1
PTKY-T1,7100,1,Final Test 1,1,TPS51116PWPR,PWP,20,alt,ETS-1-128:6479471B,1661,ETS-1-128,6479471B,1,1
PTKY-T1,7100,1,Final Test 1,1,TPS51116PWPR,PWP,20,alt,ETS-1M-64:6479471B,1661,ETS-1M-64,6479471B,1,1
PTKY-T1,7100,1,Final Test 1,1,TPS51116PWPR,PWP,20,alt,ETS-2-64:6479471B,1661,ETS-2-64,6479471B,1,1
PTKY-T1,7100,1,Final Test 1,1,TPS5130PTR,PT,48,,ETS-0-64:6463103B,1370,ETS-0-64,6463103B,1,1
PTKY-T1,7100,1,Final Test 1,1,TPS5130PTR,PT,48,alt,ETS-1-64:6463103B,1370,ETS-1-64,6463103B,1,1
PTKY-T1,7100,1,Final Test 1,1,TPS5130PTR,PT,48,alt,ETS-1-128:6463103B,1370,ETS-1-128,6463103B,1,1
PTKY-T1,7100,1,Final Test 1,1,TPS5130PTR,PT,48,alt,ETS-1M-64:6463103B,1370,ETS-1M-64,6463103B,1,1
PTKY-T1,7100,1,Final Test 1,1,TPS5130PTR,PT,48,alt,ETS-2-64:6463103B,1370,ETS-2-64,6463103B,1,1
LTKY-T1,7100,1,Final Test 1,1,TPS54010PWPR,PWP,28,,ETS564-32:6440109A,2000,ETS564-32,6440109A,1,1
LTKY-T1,7100,1,Final Test 1,1,TPS54010PWPR,PWP,28,alt,ETS564:6440109A,2000,ETS564,6440109A,1,1
LTKY-T1,7100,1,Final Test 1,1,TPS54312PWPR,PWP,20,,ETS-0-64:6473197B,2000,ETS-0-64,6473197B,1,1
LTKY-T1,7100,1,Final Test 1,1,TPS54312PWPR,PWP,20,alt,ETS-1-64:6473197B,2000,ETS-1-64,6473197B,1,1
LTKY-T1,7100,1,Final Test 1,1,TPS54312PWPR,PWP,20,alt,ETS-1-128:6473197B,2000,ETS-1-128,6473197B,1,1
LTKY-T1,7100,1,Final Test 1,1,TPS54312PWPR,PWP,20,alt,ETS-1M-64:6473197B,2000,ETS-1M-64,6473197B,1,1
LTKY-T1,7100,1,Final Test 1,1,TPS54312PWPR,PWP,20,alt,ETS-2-64:6473197B,2000,ETS-2-64,6473197B,1,1
LTKY-T1,7100,1,Final Test 1,1,TPS54314PWPR,PWP,20,,ETS-0-64:6473197B,2000,ETS-0-64,6473197B,1,1
LTKY-T1,7100,1,Final Test 1,1,TPS54314PWPR,PWP,20,alt,ETS-1-64:6473197B,2000,ETS-1-64,6473197B,1,1
LTKY-T1,7100,1,Final Test 1,1,TPS54314PWPR,PWP,20,alt,ETS-1-128:6473197B,2000,ETS-1-128,6473197B,1,1
LTKY-T1,7100,1,Final Test 1,1,TPS54314PWPR,PWP,20,alt,ETS-1M-64:6473197B,2000,ETS-1M-64,6473197B,1,1
LTKY-T1,7100,1,Final Test 1,1,TPS54314PWPR,PWP,20,alt,ETS-2-64:6473197B,2000,ETS-2-64,6473197B,1,1
LTKY-T1,7100,1,Final Test 1,1,TPS54316PWP,PWP,20,,ETS-0-64:6473197B,2000,ETS-0-64,6473197B,1,1
LTKY-T1,7100,1,Final Test 1,1,TPS54316PWP,PWP,20,alt,ETS-1-64:6473197B,2000,ETS-1-64,6473197B,1,1
LTKY-T1,7100,1,Final Test 1,1,TPS54316PWP,PWP,20,alt,ETS-1-128:6473197B,2000,ETS-1-128,6473197B,1,1
LTKY-T1,7100,1,Final Test 1,1,TPS54316PWP,PWP,20,alt,ETS-1M-64:6473197B,2000,ETS-1M-64,6473197B,1,1
LTKY-T1,7100,1,Final Test 1,1,TPS54316PWP,PWP,20,alt,ETS-2-64:6473197B,2000,ETS-2-64,6473197B,1,1
LTKY-T1,7100,1,Final Test 1,1,TPS54316PWPR,PWP,20,,ETS-0-64:6473197B,2000,ETS-0-64,6473197B,1,1
LTKY-T1,7100,1,Final Test 1,1,TPS54316PWPR,PWP,20,alt,ETS-1-64:6473197B,2000,ETS-1-64,6473197B,1,1
LTKY-T1,7100,1,Final Test 1,1,TPS54316PWPR,PWP,20,alt,ETS-1-128:6473197B,2000,ETS-1-128,6473197B,1,1
LTKY-T1,7100,1,Final Test 1,1,TPS54316PWPR,PWP,20,alt,ETS-1M-64:6473197B,2000,ETS-1M-64,6473197B,1,1
LTKY-T1,7100,1,Final Test 1,1,TPS54316PWPR,PWP,20,alt,ETS-2-64:6473197B,2000,ETS-2-64,6473197B,1,1
LTKY-T1,7100,1,Final Test 1,1,TPS54372PWPR,PWP,20,,ETS-0-64:6473197B,2016,ETS-0-64,6473197B,1,1
LTKY-T1,7100,1,Final Test 1,1,TPS54372PWPR,PWP,20,alt,ETS-1-64:6473197B,2016,ETS-1-64,6473197B,1,1
LTKY-T1,7100,1,Final Test 1,1,TPS54372PWPR,PWP,20,alt,ETS-1-128:6473197B,2016,ETS-1-128,6473197B,1,1
LTKY-T1,7100,1,Final Test 1,1,TPS54372PWPR,PWP,20,alt,ETS-1M-64:6473197B,2016,ETS-1M-64,6473197B,1,1
LTKY-T1,7100,1,Final Test 1,1,TPS54372PWPR,PWP,20,alt,ETS-2-64:6473197B,2016,ETS-2-64,6473197B,1,1
LTKY-T1,7100,1,Final Test 1,1,TPS54610PWP,PWP,28,,ETS-0-64:6473198B,2394,ETS-0-64,6473198B,1,1
LTKY-T1,7100,1,Final Test 1,1,TPS54610PWP,PWP,28,alt,ETS-1-64:6473198B,2394,ETS-1-64,6473198B,1,1
LTKY-T1,7100,1,Final Test 1,1,TPS54610PWP,PWP,28,alt,ETS-1-128:6473198B,2394,ETS-1-128,6473198B,1,1
LTKY-T1,7100,1,Final Test 1,1,TPS54610PWP,PWP,28,alt,ETS-1M-64:6473198B,2394,ETS-1M-64,6473198B,1,1
LTKY-T1,7100,1,Final Test 1,1,TPS54610PWP,PWP,28,alt,ETS-2-64:6473198B,2394,ETS-2-64,6473198B,1,1
LTKY-T1,7100,1,Final Test 1,1,TPS54610PWPR,PWP,28,,ETS-0-64:6473198B,2394,ETS-0-64,6473198B,1,1
LTKY-T1,7100,1,Final Test 1,1,TPS54610PWPR,PWP,28,alt,ETS-1-64:6473198B,2394,ETS-1-64,6473198B,1,1
LTKY-T1,7100,1,Final Test 1,1,TPS54610PWPR,PWP,28,alt,ETS-1-128:6473198B,2394,ETS-1-128,6473198B,1,1
LTKY-T1,7100,1,Final Test 1,1,TPS54610PWPR,PWP,28,alt,ETS-1M-64:6473198B,2394,ETS-1M-64,6473198B,1,1
LTKY-T1,7100,1,Final Test 1,1,TPS54610PWPR,PWP,28,alt,ETS-2-64:6473198B,2394,ETS-2-64,6473198B,1,1
LTKY-T1,7110,1,QA Sample 1,1,TPS54610PWPR,PWP,28,,ETS-0-64:6473198B,2394,ETS-0-64,6473198B,1,1
LTKY-T1,7110,1,QA Sample 1,1,TPS54610PWPR,PWP,28,alt,ETS-1-64:6473198B,2394,ETS-1-64,6473198B,1,1
LTKY-T1,7110,1,QA Sample 1,1,TPS54610PWPR,PWP,28,alt,ETS-1-128:6473198B,2394,ETS-1-128,6473198B,1,1
LTKY-T1,7110,1,QA Sample 1,1,TPS54610PWPR,PWP,28,alt,ETS-1M-64:6473198B,2394,ETS-1M-64,6473198B,1,1
LTKY-T1,7110,1,QA Sample 1,1,TPS54610PWPR,PWP,28,alt,ETS-2-64:6473198B,2394,ETS-2-64,6473198B,1,1
LTKY-T1,7100,1,Final Test 1,1,TPS54612PWPR,PWP,28,,ETS-0-64:6473198B,2350,ETS-0-64,6473198B,1,1
LTKY-T1,7100,1,Final Test 1,1,TPS54612PWPR,PWP,28,alt,ETS-1-64:6473198B,2350,ETS-1-64,6473198B,1,1
LTKY-T1,7100,1,Final Test 1,1,TPS54612PWPR,PWP,28,alt,ETS-1-128:6473198B,2350,ETS-1-128,6473198B,1,1
LTKY-T1,7100,1,Final Test 1,1,TPS54612PWPR,PWP,28,alt,ETS-1M-64:6473198B,2350,ETS-1M-64,6473198B,1,1
LTKY-T1,7100,1,Final Test 1,1,TPS54612PWPR,PWP,28,alt,ETS-2-64:6473198B,2350,ETS-2-64,6473198B,1,1
LTKY-T1,7100,1,Final Test 1,1,TPS54613PWP,PWP,28,,ETS-0-64:6473198B,2500,ETS-0-64,6473198B,1,1
LTKY-T1,7100,1,Final Test 1,1,TPS54613PWP,PWP,28,alt,ETS-1-64:6473198B,2500,ETS-1-64,6473198B,1,1
LTKY-T1,7100,1,Final Test 1,1,TPS54613PWP,PWP,28,alt,ETS-1-128:6473198B,2500,ETS-1-128,6473198B,1,1
LTKY-T1,7100,1,Final Test 1,1,TPS54613PWP,PWP,28,alt,ETS-1M-64:6473198B,2500,ETS-1M-64,6473198B,1,1
LTKY-T1,7100,1,Final Test 1,1,TPS54613PWP,PWP,28,alt,ETS-2-64:6473198B,2500,ETS-2-64,6473198B,1,1
LTKY-T1,7100,1,Final Test 1,1,TPS54614PWP,PWP,28,,ETS-0-64:6473198B,2537,ETS-0-64,6473198B,1,1
LTKY-T1,7100,1,Final Test 1,1,TPS54614PWP,PWP,28,alt,ETS-1-64:6473198B,2537,ETS-1-64,6473198B,1,1
LTKY-T1,7100,1,Final Test 1,1,TPS54614PWP,PWP,28,alt,ETS-1-128:6473198B,2537,ETS-1-128,6473198B,1,1
LTKY-T1,7100,1,Final Test 1,1,TPS54614PWP,PWP,28,alt,ETS-1M-64:6473198B,2537,ETS-1M-64,6473198B,1,1
LTKY-T1,7100,1,Final Test 1,1,TPS54614PWP,PWP,28,alt,ETS-2-64:6473198B,2537,ETS-2-64,6473198B,1,1
LTKY-T1,7100,1,Final Test 1,1,TPS54680PWPR,PWP,28,,ETS-0-64:6473198B,3150,ETS-0-64,6473198B,1,1
LTKY-T1,7100,1,Final Test 1,1,TPS54680PWPR,PWP,28,alt,ETS-1-64:6473198B,3150,ETS-1-64,6473198B,1,1
LTKY-T1,7100,1,Final Test 1,1,TPS54680PWPR,PWP,28,alt,ETS-1-128:6473198B,3150,ETS-1-128,6473198B,1,1
LTKY-T1,7100,1,Final Test 1,1,TPS54680PWPR,PWP,28,alt,ETS-1M-64:6473198B,3150,ETS-1M-64,6473198B,1,1
LTKY-T1,7100,1,Final Test 1,1,TPS54680PWPR,PWP,28,alt,ETS-2-64:6473198B,3150,ETS-2-64,6473198B,1,1
LTKY-T1,7100,1,Final Test 1,1,TPS54810PWP,PWP,28,,ETS-0-64:6473198B,2491,ETS-0-64,6473198B,1,1
LTKY-T1,7100,1,Final Test 1,1,TPS54810PWP,PWP,28,alt,ETS-1-64:6473198B,2491,ETS-1-64,6473198B,1,1
LTKY-T1,7100,1,Final Test 1,1,TPS54810PWP,PWP,28,alt,ETS-1-128:6473198B,2491,ETS-1-128,6473198B,1,1
LTKY-T1,7100,1,Final Test 1,1,TPS54810PWP,PWP,28,alt,ETS-1M-64:6473198B,2491,ETS-1M-64,6473198B,1,1
LTKY-T1,7100,1,Final Test 1,1,TPS54810PWP,PWP,28,alt,ETS-2-64:6473198B,2491,ETS-2-64,6473198B,1,1
LTKY-T1,7100,1,Final Test 1,1,TPS54810PWPR,PWP,28,,ETS-0-64:6473198B,2491,ETS-0-64,6473198B,1,1
LTKY-T1,7100,1,Final Test 1,1,TPS54810PWPR,PWP,28,alt,ETS-1-64:6473198B,2491,ETS-1-64,6473198B,1,1
LTKY-T1,7100,1,Final Test 1,1,TPS54810PWPR,PWP,28,alt,ETS-1-128:6473198B,2491,ETS-1-128,6473198B,1,1
LTKY-T1,7100,1,Final Test 1,1,TPS54810PWPR,PWP,28,alt,ETS-1M-64:6473198B,2491,ETS-1M-64,6473198B,1,1
LTKY-T1,7100,1,Final Test 1,1,TPS54810PWPR,PWP,28,alt,ETS-2-64:6473198B,2491,ETS-2-64,6473198B,1,1
LTKY-T1,7100,1,Final Test 1,1,TPS54873PWPR,PWP,28,,ETS-0-64:6473198B,2500,ETS-0-64,6473198B,1,1
LTKY-T1,7100,1,Final Test 1,1,TPS54873PWPR,PWP,28,alt,ETS-1-64:6473198B,2500,ETS-1-64,6473198B,1,1
LTKY-T1,7100,1,Final Test 1,1,TPS54873PWPR,PWP,28,alt,ETS-1-128:6473198B,2500,ETS-1-128,6473198B,1,1
LTKY-T1,7100,1,Final Test 1,1,TPS54873PWPR,PWP,28,alt,ETS-1M-64:6473198B,2500,ETS-1M-64,6473198B,1,1
LTKY-T1,7100,1,Final Test 1,1,TPS54873PWPR,PWP,28,alt,ETS-2-64:6473198B,2500,ETS-2-64,6473198B,1,1
LTKY-T1,7100,1,Final Test 1,1,TPS54910PWPR,PWP,28,,ETS-0-64:6473198B,2945,ETS-0-64,6473198B,1,1
LTKY-T1,7100,1,Final Test 1,1,TPS54910PWPR,PWP,28,alt,ETS-1-64:6473198B,2945,ETS-1-64,6473198B,1,1
LTKY-T1,7100,1,Final Test 1,1,TPS54910PWPR,PWP,28,alt,ETS-1-128:6473198B,2945,ETS-1-128,6473198B,1,1
LTKY-T1,7100,1,Final Test 1,1,TPS54910PWPR,PWP,28,alt,ETS-1M-64:6473198B,2945,ETS-1M-64,6473198B,1,1
LTKY-T1,7100,1,Final Test 1,1,TPS54910PWPR,PWP,28,alt,ETS-2-64:6473198B,2945,ETS-2-64,6473198B,1,1
LTKY-T1,7100,1,Final Test 1,1,TPS54972PWPR,PWP,28,,ETS-0-64:6473198B,2500,ETS-0-64,6473198B,1,1
LTKY-T1,7100,1,Final Test 1,1,TPS54972PWPR,PWP,28,alt,ETS-1-64:6473198B,2500,ETS-1-64,6473198B,1,1
LTKY-T1,7100,1,Final Test 1,1,TPS54972PWPR,PWP,28,alt,ETS-1-128:6473198B,2500,ETS-1-128,6473198B,1,1
LTKY-T1,7100,1,Final Test 1,1,TPS54972PWPR,PWP,28,alt,ETS-1M-64:6473198B,2500,ETS-1M-64,6473198B,1,1
LTKY-T1,7100,1,Final Test 1,1,TPS54972PWPR,PWP,28,alt,ETS-2-64:6473198B,2500,ETS-2-64,6473198B,1,1
LTKY-T1,7100,1,Final Test 1,1,TPS61500PWPR,PWP,14,,ETS-0-64:6496624B,3500,ETS-0-64,6496624B,1,1
LTKY-T1,7100,1,Final Test 1,1,TPS61500PWPR,PWP,14,alt,ETS-1-64:6496624B,3500,ETS-1-64,6496624B,1,1
LTKY-T1,7100,1,Final Test 1,1,TPS61500PWPR,PWP,14,alt,ETS-1-128:6496624B,3500,ETS-1-128,6496624B,1,1
LTKY-T1,7100,1,Final Test 1,1,TPS61500PWPR,PWP,14,alt,ETS-1M-64:6496624B,3500,ETS-1M-64,6496624B,1,1
LTKY-T1,7100,1,Final Test 1,1,TPS61500PWPR,PWP,14,alt,ETS-2-64:6496624B,3500,ETS-2-64,6496624B,1,1
LJBG-T1,7100,1,Final Test 1,1,TPS65850ZQZR,ZQZ,120,,ETS-0-64:6490924B,571,ETS-0-64,6490924B,1,1
LJBG-T1,7100,1,Final Test 1,1,TPS65850ZQZR,ZQZ,120,alt,ETS-1-64:6490924B,571,ETS-1-64,6490924B,1,1
LJBG-T1,7100,1,Final Test 1,1,TPS65850ZQZR,ZQZ,120,alt,ETS-1-128:6490924B,571,ETS-1-128,6490924B,1,1
LJBG-T1,7100,1,Final Test 1,1,TPS65850ZQZR,ZQZ,120,alt,ETS-1M-64:6490924B,571,ETS-1M-64,6490924B,1,1
LJBG-T1,7100,1,Final Test 1,1,TPS65850ZQZR,ZQZ,120,alt,ETS-2-64:6490924B,571,ETS-2-64,6490924B,1,1
LJBG-T1,7100,1,Final Test 1,1,TPS65851ZQZR,ZQZ,120,,ETS-0-64:6490924B,570,ETS-0-64,6490924B,1,1
LJBG-T1,7100,1,Final Test 1,1,TPS65851ZQZR,ZQZ,120,alt,ETS-1-64:6490924B,570,ETS-1-64,6490924B,1,1
LJBG-T1,7100,1,Final Test 1,1,TPS65851ZQZR,ZQZ,120,alt,ETS-1-128:6490924B,570,ETS-1-128,6490924B,1,1
LJBG-T1,7100,1,Final Test 1,1,TPS65851ZQZR,ZQZ,120,alt,ETS-1M-64:6490924B,570,ETS-1M-64,6490924B,1,1
LJBG-T1,7100,1,Final Test 1,1,TPS65851ZQZR,ZQZ,120,alt,ETS-2-64:6490924B,570,ETS-2-64,6490924B,1,1
LJBG-T1,7110,1,QA Sample 1,1,TPS65851ZQZR,ZQZ,120,,ETS-0-64:6490924B,570,ETS-0-64,6490924B,1,1
LJBG-T1,7110,1,QA Sample 1,1,TPS65851ZQZR,ZQZ,120,alt,ETS-1-64:6490924B,570,ETS-1-64,6490924B,1,1
LJBG-T1,7110,1,QA Sample 1,1,TPS65851ZQZR,ZQZ,120,alt,ETS-1-128:6490924B,570,ETS-1-128,6490924B,1,1
LJBG-T1,7110,1,QA Sample 1,1,TPS65851ZQZR,ZQZ,120,alt,ETS-1M-64:6490924B,570,ETS-1M-64,6490924B,1,1
LJBG-T1,7110,1,QA Sample 1,1,TPS65851ZQZR,ZQZ,120,alt,ETS-2-64:6490924B,570,ETS-2-64,6490924B,1,1
LJBG-T1,7121,1,100% Rescreen 1,1,TPS65851ZQZR,ZQZ,120,,ETS-0-64:6490924B,570,ETS-0-64,6490924B,1,1
LJBG-T1,7121,1,100% Rescreen 1,1,TPS65851ZQZR,ZQZ,120,alt,ETS-1-64:6490924B,570,ETS-1-64,6490924B,1,1
LJBG-T1,7121,1,100% Rescreen 1,1,TPS65851ZQZR,ZQZ,120,alt,ETS-1-128:6490924B,570,ETS-1-128,6490924B,1,1
LJBG-T1,7121,1,100% Rescreen 1,1,TPS65851ZQZR,ZQZ,120,alt,ETS-1M-64:6490924B,570,ETS-1M-64,6490924B,1,1
LJBG-T1,7121,1,100% Rescreen 1,1,TPS65851ZQZR,ZQZ,120,alt,ETS-2-64:6490924B,570,ETS-2-64,6490924B,1,1
LJBG-T1,7100,1,Final Test 1,1,TPS65856ZQZR,ZQZ,120,,ETS-0-64:6490924B,537,ETS-0-64,6490924B,1,1
LJBG-T1,7100,1,Final Test 1,1,TPS65856ZQZR,ZQZ,120,alt,ETS-1-64:6490924B,537,ETS-1-64,6490924B,1,1
LJBG-T1,7100,1,Final Test 1,1,TPS65856ZQZR,ZQZ,120,alt,ETS-1-128:6490924B,537,ETS-1-128,6490924B,1,1
LJBG-T1,7100,1,Final Test 1,1,TPS65856ZQZR,ZQZ,120,alt,ETS-1M-64:6490924B,537,ETS-1M-64,6490924B,1,1
LJBG-T1,7100,1,Final Test 1,1,TPS65856ZQZR,ZQZ,120,alt,ETS-2-64:6490924B,537,ETS-2-64,6490924B,1,1
LJBG-T1,7110,1,QA Sample 1,1,TPS65856ZQZR,ZQZ,120,,ETS-0-64:6490924B,537,ETS-0-64,6490924B,1,1
LJBG-T1,7110,1,QA Sample 1,1,TPS65856ZQZR,ZQZ,120,alt,ETS-1-64:6490924B,537,ETS-1-64,6490924B,1,1
LJBG-T1,7110,1,QA Sample 1,1,TPS65856ZQZR,ZQZ,120,alt,ETS-1-128:6490924B,537,ETS-1-128,6490924B,1,1
LJBG-T1,7110,1,QA Sample 1,1,TPS65856ZQZR,ZQZ,120,alt,ETS-1M-64:6490924B,537,ETS-1M-64,6490924B,1,1
LJBG-T1,7110,1,QA Sample 1,1,TPS65856ZQZR,ZQZ,120,alt,ETS-2-64:6490924B,537,ETS-2-64,6490924B,1,1
LJBG-T1,7121,1,100% Rescreen 1,1,TPS65856ZQZR,ZQZ,120,,ETS-0-64:6490924B,537,ETS-0-64,6490924B,1,1
LJBG-T1,7121,1,100% Rescreen 1,1,TPS65856ZQZR,ZQZ,120,alt,ETS-1-64:6490924B,537,ETS-1-64,6490924B,1,1
LJBG-T1,7121,1,100% Rescreen 1,1,TPS65856ZQZR,ZQZ,120,alt,ETS-1-128:6490924B,537,ETS-1-128,6490924B,1,1
LJBG-T1,7121,1,100% Rescreen 1,1,TPS65856ZQZR,ZQZ,120,alt,ETS-1M-64:6490924B,537,ETS-1M-64,6490924B,1,1
LJBG-T1,7121,1,100% Rescreen 1,1,TPS65856ZQZR,ZQZ,120,alt,ETS-2-64:6490924B,537,ETS-2-64,6490924B,1,1
TTKY-T1,7100,1,Room Elect,1,TPS76850QPWPR,PWP,20,,:,1410,,,1,1
LTKY-T1,7100,1,Final Test 1,1,TRF7903PWR,PW,20,,ETS-0-128:6465144B,2500,ETS-0-128,6465144B,1,1
LTKY-T1,7100,1,Final Test 1,1,TRF7903PWR,PW,20,alt,ETS-1-128:6465144B,2500,ETS-1-128,6465144B,1,1
PTKY-T1,7100,1,Final Test 1,1,TRF7905PWR,PW,28,,ETS-1-128:6465144B,2472,ETS-1-128,6465144B,1,1
LTKY-T1,7100,1,Final Test 1,1,XCD7100PWP,PWP,14,,ETS-0-64:6468856A,501,ETS-0-64,6468856A,1,1
LTKY-T1,7100,1,Final Test 1,1,XCD7100PWP,PWP,14,alt,ETS-1-64:6468856A,501,ETS-1-64,6468856A,1,1
LTKY-T1,7100,1,Final Test 1,1,XCD7100PWP,PWP,14,alt,ETS-1-128:6468856A,501,ETS-1-128,6468856A,1,1
LTKY-T1,7100,1,Final Test 1,1,XCD7100PWP,PWP,14,alt,ETS-1M-64:6468856A,501,ETS-1M-64,6468856A,1,1
LTKY-T1,7100,1,Final Test 1,1,XCD7100PWP,PWP,14,alt,ETS-2-64:6468856A,501,ETS-2-64,6468856A,1,1
LTKY-T1,7100,1,Final Test 1,1,XCD7100PWPR,PWP,14,,ETS-0-64:6468856A,501,ETS-0-64,6468856A,1,1
LTKY-T1,7100,1,Final Test 1,1,XCD7100PWPR,PWP,14,alt,ETS-1-64:6468856A,501,ETS-1-64,6468856A,1,1
LTKY-T1,7100,1,Final Test 1,1,XCD7100PWPR,PWP,14,alt,ETS-1-128:6468856A,501,ETS-1-128,6468856A,1,1
LTKY-T1,7100,1,Final Test 1,1,XCD7100PWPR,PWP,14,alt,ETS-1M-64:6468856A,501,ETS-1M-64,6468856A,1,1
LTKY-T1,7100,1,Final Test 1,1,XCD7100PWPR,PWP,14,alt,ETS-2-64:6468856A,501,ETS-2-64,6468856A,1,1
LTKY-T1,7100,1,Final Test 1,1,XN0405001PWPR,PWP,16,,ETS-1-64:6485429A,1588,ETS-1-64,6485429A,1,1
LTKY-T1,7100,1,Final Test 1,1,XN0405001PWPR,PWP,16,alt,ETS-1-128:6485429A,1588,ETS-1-128,6485429A,1,1
LTKY-T1,7100,1,Final Test 1,1,XN0405001PWPR,PWP,16,alt,ETS-1M-64:6485429A,1588,ETS-1M-64,6485429A,1,1
LTKY-T1,7100,1,Final Test 1,1,XN0405001PWPR,PWP,16,alt,ETS-2-64:6485429A,1588,ETS-2-64,6485429A,1,1
PDU-T1,7100,1,Final Test 1,1,XPA3100D2PHPR,PHP,48,,ETS-0-64:6477054B,1813,ETS-0-64,6477054B,1,1
PDU-T1,7100,1,Final Test 1,1,XPA3100D2PHPR,PHP,48,alt,ETS-1-64:6477054B,1813,ETS-1-64,6477054B,1,1
PDU-T1,7100,1,Final Test 1,1,XPA3100D2PHPR,PHP,48,alt,ETS-1-128:6477054B,1813,ETS-1-128,6477054B,1,1
PDU-T1,7100,1,Final Test 1,1,XPA3100D2PHPR,PHP,48,alt,ETS-1M-64:6477054B,1813,ETS-1M-64,6477054B,1,1
PDU-T1,7100,1,Final Test 1,1,XPA3100D2PHPR,PHP,48,alt,ETS-2-64:6477054B,1813,ETS-2-64,6477054B,1,1
PDU-T1,7100,1,Final Test 1,1,XPA3101D2PHPR,PHP,48,,ETS-0-64:6477054B,1350,ETS-0-64,6477054B,1,1
PDU-T1,7100,1,Final Test 1,1,XPA3101D2PHPR,PHP,48,alt,ETS-1-64:6477054B,1350,ETS-1-64,6477054B,1,1
PDU-T1,7100,1,Final Test 1,1,XPA3101D2PHPR,PHP,48,alt,ETS-1-128:6477054B,1350,ETS-1-128,6477054B,1,1
PDU-T1,7100,1,Final Test 1,1,XPA3101D2PHPR,PHP,48,alt,ETS-1M-64:6477054B,1350,ETS-1M-64,6477054B,1,1
PDU-T1,7100,1,Final Test 1,1,XPA3101D2PHPR,PHP,48,alt,ETS-2-64:6477054B,1350,ETS-2-64,6477054B,1,1
LDU-T1,7100,1,Final Test 1,1,XPA3106D1VFPR,VFP,32,,ETS-0-64:6485601A,1200,ETS-0-64,6485601A,1,1
LDU-T1,7100,1,Final Test 1,1,XPA3106D1VFPR,VFP,32,alt,ETS-1-64:6485601A,1200,ETS-1-64,6485601A,1,1
LDU-T1,7100,1,Final Test 1,1,XPA3106D1VFPR,VFP,32,alt,ETS-1-128:6485601A,1200,ETS-1-128,6485601A,1,1
LDU-T1,7100,1,Final Test 1,1,XPA3106D1VFPR,VFP,32,alt,ETS-1M-64:6485601A,1200,ETS-1M-64,6485601A,1,1
LDU-T1,7100,1,Final Test 1,1,XPA3106D1VFPR,VFP,32,alt,ETS-2-64:6485601A,1200,ETS-2-64,6485601A,1,1
LTKY-T1,7100,1,Final Test 1,1,XPA3123D2PWPR,PWP,24,,ETS-0-64:6481146C,1702,ETS-0-64,6481146C,1,1
LTKY-T1,7100,1,Final Test 1,1,XPA3123D2PWPR,PWP,24,alt,ETS-1-64:6481146C,1702,ETS-1-64,6481146C,1,1
LTKY-T1,7100,1,Final Test 1,1,XPA3123D2PWPR,PWP,24,alt,ETS-1-128:6481146C,1702,ETS-1-128,6481146C,1,1
LTKY-T1,7100,1,Final Test 1,1,XPA3123D2PWPR,PWP,24,alt,ETS-1M-64:6481146C,1702,ETS-1M-64,6481146C,1,1
LTKY-T1,7100,1,Final Test 1,1,XPA3123D2PWPR,PWP,24,alt,ETS-2-64:6481146C,1702,ETS-2-64,6481146C,1,1
LTKY-T1,7110,1,QA Sample 1,1,XPA3123D2PWPR,PWP,24,,ETS-0-64:6481146C,1702,ETS-0-64,6481146C,1,1
LTKY-T1,7110,1,QA Sample 1,1,XPA3123D2PWPR,PWP,24,alt,ETS-1-64:6481146C,1702,ETS-1-64,6481146C,1,1
LTKY-T1,7110,1,QA Sample 1,1,XPA3123D2PWPR,PWP,24,alt,ETS-1-128:6481146C,1702,ETS-1-128,6481146C,1,1
LTKY-T1,7110,1,QA Sample 1,1,XPA3123D2PWPR,PWP,24,alt,ETS-1M-64:6481146C,1702,ETS-1M-64,6481146C,1,1
LTKY-T1,7110,1,QA Sample 1,1,XPA3123D2PWPR,PWP,24,alt,ETS-2-64:6481146C,1702,ETS-2-64,6481146C,1,1
LTKY-T1,7100,1,Final Test 1,1,XPS2384APJDR,PJD,64,,ETS-0-64:6490530A,477,ETS-0-64,6490530A,1,1
LTKY-T1,7100,1,Final Test 1,1,XPS2384APJDR,PJD,64,alt,ETS-1-64:6490530A,477,ETS-1-64,6490530A,1,1
LTKY-T1,7100,1,Final Test 1,1,XPS2384APJDR,PJD,64,alt,ETS-1-128:6490530A,477,ETS-1-128,6490530A,1,1
LTKY-T1,7100,1,Final Test 1,1,XPS2384APJDR,PJD,64,alt,ETS-1M-64:6490530A,477,ETS-1M-64,6490530A,1,1
LTKY-T1,7100,1,Final Test 1,1,XPS2384APJDR,PJD,64,alt,ETS-2-64:6490530A,477,ETS-2-64,6490530A,1,1
LTKY-T1,7110,1,QA Sample 1,1,XPS2384APJDR,PJD,64,,ETS-0-64:6490530A,477,ETS-0-64,6490530A,1,1
LTKY-T1,7110,1,QA Sample 1,1,XPS2384APJDR,PJD,64,alt,ETS-1-64:6490530A,477,ETS-1-64,6490530A,1,1
LTKY-T1,7110,1,QA Sample 1,1,XPS2384APJDR,PJD,64,alt,ETS-1-128:6490530A,477,ETS-1-128,6490530A,1,1
LTKY-T1,7110,1,QA Sample 1,1,XPS2384APJDR,PJD,64,alt,ETS-1M-64:6490530A,477,ETS-1M-64,6490530A,1,1
LTKY-T1,7110,1,QA Sample 1,1,XPS2384APJDR,PJD,64,alt,ETS-2-64:6490530A,477,ETS-2-64,6490530A,1,1
LTKY-T1,7100,1,Final Test 1,1,XPS40055PWPR,PWP,16,,ETS-1-64:6485429A,1581,ETS-1-64,6485429A,1,1
LTKY-T1,7100,1,Final Test 1,1,XPS40055PWPR,PWP,16,alt,ETS-1-128:6485429A,1581,ETS-1-128,6485429A,1,1
LTKY-T1,7100,1,Final Test 1,1,XPS40055PWPR,PWP,16,alt,ETS-1M-64:6485429A,1581,ETS-1M-64,6485429A,1,1
LTKY-T1,7100,1,Final Test 1,1,XPS40055PWPR,PWP,16,alt,ETS-2-64:6485429A,1581,ETS-2-64,6485429A,1,1
LTKY-T1,7121,1,100% Rescreen 1,1,XPS40057PWP-P,PWP,16,,ETS-1-64:6485429A,1588,ETS-1-64,6485429A,1,1
LTKY-T1,7121,1,100% Rescreen 1,1,XPS40057PWP-P,PWP,16,alt,ETS-1-128:6485429A,1588,ETS-1-128,6485429A,1,1
LTKY-T1,7121,1,100% Rescreen 1,1,XPS40057PWP-P,PWP,16,alt,ETS-1M-64:6485429A,1588,ETS-1M-64,6485429A,1,1
LTKY-T1,7121,1,100% Rescreen 1,1,XPS40057PWP-P,PWP,16,alt,ETS-2-64:6485429A,1588,ETS-2-64,6485429A,1,1
LTKY-T1,7100,1,Final Test 1,1,XPS40057PWPR,PWP,16,,ETS-1-64:6485429A,1588,ETS-1-64,6485429A,1,1
LTKY-T1,7100,1,Final Test 1,1,XPS40057PWPR,PWP,16,alt,ETS-1-128:6485429A,1588,ETS-1-128,6485429A,1,1
LTKY-T1,7100,1,Final Test 1,1,XPS40057PWPR,PWP,16,alt,ETS-1M-64:6485429A,1588,ETS-1M-64,6485429A,1,1
LTKY-T1,7100,1,Final Test 1,1,XPS40057PWPR,PWP,16,alt,ETS-2-64:6485429A,1588,ETS-2-64,6485429A,1,1
LTKY-T1,7100,1,Final Test 1,1,XPS54286PWP,PWP,14,,ETS-0-64:6483172A,1663,ETS-0-64,6483172A,1,1
LTKY-T1,7100,1,Final Test 1,1,XPS54286PWP,PWP,14,alt,ETS-1-64:6483172A,1663,ETS-1-64,6483172A,1,1
LTKY-T1,7100,1,Final Test 1,1,XPS54286PWP,PWP,14,alt,ETS-1-128:6483172A,1663,ETS-1-128,6483172A,1,1
LTKY-T1,7100,1,Final Test 1,1,XPS54286PWP,PWP,14,alt,ETS-1M-64:6483172A,1663,ETS-1M-64,6483172A,1,1
LTKY-T1,7100,1,Final Test 1,1,XPS54286PWP,PWP,14,alt,ETS-2-64:6483172A,1663,ETS-2-64,6483172A,1,1
LTKY-T1,7100,1,Final Test 1,1,XPS54286PWPR,PWP,14,,ETS-0-64:6483172A,1663,ETS-0-64,6483172A,1,1
LTKY-T1,7100,1,Final Test 1,1,XPS54286PWPR,PWP,14,alt,ETS-1-64:6483172A,1663,ETS-1-64,6483172A,1,1
LTKY-T1,7100,1,Final Test 1,1,XPS54286PWPR,PWP,14,alt,ETS-1-128:6483172A,1663,ETS-1-128,6483172A,1,1
LTKY-T1,7100,1,Final Test 1,1,XPS54286PWPR,PWP,14,alt,ETS-1M-64:6483172A,1663,ETS-1M-64,6483172A,1,1
LTKY-T1,7100,1,Final Test 1,1,XPS54286PWPR,PWP,14,alt,ETS-2-64:6483172A,1663,ETS-2-64,6483172A,1,1
LTKY-T1,7110,1,QA Sample 1,1,XPS54286PWPR,PWP,14,,ETS-0-64:6483172A,1663,ETS-0-64,6483172A,1,1
LTKY-T1,7110,1,QA Sample 1,1,XPS54286PWPR,PWP,14,alt,ETS-1-64:6483172A,1663,ETS-1-64,6483172A,1,1
LTKY-T1,7110,1,QA Sample 1,1,XPS54286PWPR,PWP,14,alt,ETS-1-128:6483172A,1663,ETS-1-128,6483172A,1,1
LTKY-T1,7110,1,QA Sample 1,1,XPS54286PWPR,PWP,14,alt,ETS-1M-64:6483172A,1663,ETS-1M-64,6483172A,1,1
LTKY-T1,7110,1,QA Sample 1,1,XPS54286PWPR,PWP,14,alt,ETS-2-64:6483172A,1663,ETS-2-64,6483172A,1,1
LTKY-T1,7100,1,Final Test 1,1,XPS54310PWP,PWP,20,,ETS-0-64:6473197B,4235,ETS-0-64,6473197B,1,1
LTKY-T1,7100,1,Final Test 1,1,XPS54310PWP,PWP,20,alt,ETS-1-64:6473197B,4235,ETS-1-64,6473197B,1,1
LTKY-T1,7100,1,Final Test 1,1,XPS54310PWP,PWP,20,alt,ETS-1-128:6473197B,4235,ETS-1-128,6473197B,1,1
LTKY-T1,7100,1,Final Test 1,1,XPS54310PWP,PWP,20,alt,ETS-1M-64:6473197B,4235,ETS-1M-64,6473197B,1,1
LTKY-T1,7100,1,Final Test 1,1,XPS54310PWP,PWP,20,alt,ETS-2-64:6473197B,4235,ETS-2-64,6473197B,1,1
LTKY-T1,7100,1,Final Test 1,1,XPS54310PWPR,PWP,20,,ETS-0-64:6473197B,4235,ETS-0-64,6473197B,1,1
LTKY-T1,7100,1,Final Test 1,1,XPS54310PWPR,PWP,20,alt,ETS-1-64:6473197B,4235,ETS-1-64,6473197B,1,1
LTKY-T1,7100,1,Final Test 1,1,XPS54310PWPR,PWP,20,alt,ETS-1-128:6473197B,4235,ETS-1-128,6473197B,1,1
LTKY-T1,7100,1,Final Test 1,1,XPS54310PWPR,PWP,20,alt,ETS-1M-64:6473197B,4235,ETS-1M-64,6473197B,1,1
LTKY-T1,7100,1,Final Test 1,1,XPS54310PWPR,PWP,20,alt,ETS-2-64:6473197B,4235,ETS-2-64,6473197B,1,1
LTKY-T1,7110,1,QA Sample 1,1,XPS54310PWPR,PWP,20,,ETS-0-64:6473197B,4235,ETS-0-64,6473197B,1,1
LTKY-T1,7110,1,QA Sample 1,1,XPS54310PWPR,PWP,20,alt,ETS-1-64:6473197B,4235,ETS-1-64,6473197B,1,1
LTKY-T1,7110,1,QA Sample 1,1,XPS54310PWPR,PWP,20,alt,ETS-1-128:6473197B,4235,ETS-1-128,6473197B,1,1
LTKY-T1,7110,1,QA Sample 1,1,XPS54310PWPR,PWP,20,alt,ETS-1M-64:6473197B,4235,ETS-1M-64,6473197B,1,1
LTKY-T1,7110,1,QA Sample 1,1,XPS54310PWPR,PWP,20,alt,ETS-2-64:6473197B,4235,ETS-2-64,6473197B,1,1
LTKY-T1,7121,1,100% Rescreen 1,1,XPS54310PWPR,PWP,20,,ETS-0-64:6473197B,4235,ETS-0-64,6473197B,1,1
LTKY-T1,7121,1,100% Rescreen 1,1,XPS54310PWPR,PWP,20,alt,ETS-1-64:6473197B,4235,ETS-1-64,6473197B,1,1
LTKY-T1,7121,1,100% Rescreen 1,1,XPS54310PWPR,PWP,20,alt,ETS-1-128:6473197B,4235,ETS-1-128,6473197B,1,1
LTKY-T1,7121,1,100% Rescreen 1,1,XPS54310PWPR,PWP,20,alt,ETS-1M-64:6473197B,4235,ETS-1M-64,6473197B,1,1
LTKY-T1,7121,1,100% Rescreen 1,1,XPS54310PWPR,PWP,20,alt,ETS-2-64:6473197B,4235,ETS-2-64,6473197B,1,1
PTKY-T1,7100,1,Final Test 1,1,XPS54350PWP,PWP,16,,ETS-0-64:6473283C,1829,ETS-0-64,6473283C,1,1
PTKY-T1,7100,1,Final Test 1,1,XPS54350PWP,PWP,16,alt,ETS-1-64:6473283C,1829,ETS-1-64,6473283C,1,1
PTKY-T1,7100,1,Final Test 1,1,XPS54350PWP,PWP,16,alt,ETS-1-128:6473283C,1829,ETS-1-128,6473283C,1,1
PTKY-T1,7100,1,Final Test 1,1,XPS54350PWP,PWP,16,alt,ETS-1M-64:6473283C,1829,ETS-1M-64,6473283C,1,1
PTKY-T1,7100,1,Final Test 1,1,XPS54350PWP,PWP,16,alt,ETS-2-64:6473283C,1829,ETS-2-64,6473283C,1,1
PTKY-T1,7100,1,Final Test 1,1,XPS54350PWPR,PWP,16,,ETS-0-64:6473283C,1829,ETS-0-64,6473283C,1,1
PTKY-T1,7100,1,Final Test 1,1,XPS54350PWPR,PWP,16,alt,ETS-1-64:6473283C,1829,ETS-1-64,6473283C,1,1
PTKY-T1,7100,1,Final Test 1,1,XPS54350PWPR,PWP,16,alt,ETS-1-128:6473283C,1829,ETS-1-128,6473283C,1,1
PTKY-T1,7100,1,Final Test 1,1,XPS54350PWPR,PWP,16,alt,ETS-1M-64:6473283C,1829,ETS-1M-64,6473283C,1,1
PTKY-T1,7100,1,Final Test 1,1,XPS54350PWPR,PWP,16,alt,ETS-2-64:6473283C,1829,ETS-2-64,6473283C,1,1
LTKY-T2Q1,7100,1,Final Test 1,1,XPS54380PWPR,PWP,20,,ETS-0-64:6473197B,4670,ETS-0-64,6473197B,1,1
LTKY-T2Q1,7100,1,Final Test 1,1,XPS54380PWPR,PWP,20,alt,ETS-1-64:6473197B,4670,ETS-1-64,6473197B,1,1
LTKY-T2Q1,7100,1,Final Test 1,1,XPS54380PWPR,PWP,20,alt,ETS-1-128:6473197B,4670,ETS-1-128,6473197B,1,1
LTKY-T2Q1,7100,1,Final Test 1,1,XPS54380PWPR,PWP,20,alt,ETS-1M-64:6473197B,4670,ETS-1M-64,6473197B,1,1
LTKY-T2Q1,7100,1,Final Test 1,1,XPS54380PWPR,PWP,20,alt,ETS-2-64:6473197B,4670,ETS-2-64,6473197B,1,1
LTKY-T1,7100,1,Final Test 1,1,XPS54383PWP,PWP,14,,ETS-0-64:6483172A,1743,ETS-0-64,6483172A,1,1
LTKY-T1,7100,1,Final Test 1,1,XPS54383PWP,PWP,14,alt,ETS-1-64:6483172A,1743,ETS-1-64,6483172A,1,1
LTKY-T1,7100,1,Final Test 1,1,XPS54383PWP,PWP,14,alt,ETS-1-128:6483172A,1743,ETS-1-128,6483172A,1,1
LTKY-T1,7100,1,Final Test 1,1,XPS54383PWP,PWP,14,alt,ETS-1M-64:6483172A,1743,ETS-1M-64,6483172A,1,1
LTKY-T1,7100,1,Final Test 1,1,XPS54383PWP,PWP,14,alt,ETS-2-64:6483172A,1743,ETS-2-64,6483172A,1,1
LTKY-T1,7100,1,Final Test 1,1,XPS54383PWPR,PWP,14,,ETS-0-64:6483172A,1743,ETS-0-64,6483172A,1,1
LTKY-T1,7100,1,Final Test 1,1,XPS54383PWPR,PWP,14,alt,ETS-1-64:6483172A,1743,ETS-1-64,6483172A,1,1
LTKY-T1,7100,1,Final Test 1,1,XPS54383PWPR,PWP,14,alt,ETS-1-128:6483172A,1743,ETS-1-128,6483172A,1,1
LTKY-T1,7100,1,Final Test 1,1,XPS54383PWPR,PWP,14,alt,ETS-1M-64:6483172A,1743,ETS-1M-64,6483172A,1,1
LTKY-T1,7100,1,Final Test 1,1,XPS54383PWPR,PWP,14,alt,ETS-2-64:6483172A,1743,ETS-2-64,6483172A,1,1
LTKY-T1,7100,1,Final Test 1,1,XPS54386PWP,PWP,14,,ETS-0-64:6483172A,1653,ETS-0-64,6483172A,1,1
LTKY-T1,7100,1,Final Test 1,1,XPS54386PWP,PWP,14,alt,ETS-1-64:6483172A,1653,ETS-1-64,6483172A,1,1
LTKY-T1,7100,1,Final Test 1,1,XPS54386PWP,PWP,14,alt,ETS-1-128:6483172A,1653,ETS-1-128,6483172A,1,1
LTKY-T1,7100,1,Final Test 1,1,XPS54386PWP,PWP,14,alt,ETS-1M-64:6483172A,1653,ETS-1M-64,6483172A,1,1
LTKY-T1,7100,1,Final Test 1,1,XPS54386PWP,PWP,14,alt,ETS-2-64:6483172A,1653,ETS-2-64,6483172A,1,1
LTKY-T1,7100,1,Final Test 1,1,XPS54386PWPR,PWP,14,,ETS-0-64:6483172A,1653,ETS-0-64,6483172A,1,1
LTKY-T1,7100,1,Final Test 1,1,XPS54386PWPR,PWP,14,alt,ETS-1-64:6483172A,1653,ETS-1-64,6483172A,1,1
LTKY-T1,7100,1,Final Test 1,1,XPS54386PWPR,PWP,14,alt,ETS-1-128:6483172A,1653,ETS-1-128,6483172A,1,1
LTKY-T1,7100,1,Final Test 1,1,XPS54386PWPR,PWP,14,alt,ETS-1M-64:6483172A,1653,ETS-1M-64,6483172A,1,1
LTKY-T1,7100,1,Final Test 1,1,XPS54386PWPR,PWP,14,alt,ETS-2-64:6483172A,1653,ETS-2-64,6483172A,1,1
LTKY-T1,7121,1,100% Rescreen 1,1,XPS54386PWPR,PWP,14,,ETS-0-64:6483172A,1653,ETS-0-64,6483172A,1,1
LTKY-T1,7121,1,100% Rescreen 1,1,XPS54386PWPR,PWP,14,alt,ETS-1-64:6483172A,1653,ETS-1-64,6483172A,1,1
LTKY-T1,7121,1,100% Rescreen 1,1,XPS54386PWPR,PWP,14,alt,ETS-1-128:6483172A,1653,ETS-1-128,6483172A,1,1
LTKY-T1,7121,1,100% Rescreen 1,1,XPS54386PWPR,PWP,14,alt,ETS-1M-64:6483172A,1653,ETS-1M-64,6483172A,1,1
LTKY-T1,7121,1,100% Rescreen 1,1,XPS54386PWPR,PWP,14,alt,ETS-2-64:6483172A,1653,ETS-2-64,6483172A,1,1
LTKY-T1,7100,1,Final Test 1,1,XPS54550PWPR,PWP,16,,ETS-0-64:6473283C,1921,ETS-0-64,6473283C,1,1
LTKY-T1,7100,1,Final Test 1,1,XPS54550PWPR,PWP,16,alt,ETS-1-64:6473283C,1921,ETS-1-64,6473283C,1,1
LTKY-T1,7100,1,Final Test 1,1,XPS54550PWPR,PWP,16,alt,ETS-1-128:6473283C,1921,ETS-1-128,6473283C,1,1
LTKY-T1,7100,1,Final Test 1,1,XPS54550PWPR,PWP,16,alt,ETS-1M-64:6473283C,1921,ETS-1M-64,6473283C,1,1
LTKY-T1,7100,1,Final Test 1,1,XPS54550PWPR,PWP,16,alt,ETS-2-64:6473283C,1921,ETS-2-64,6473283C,1,1
LTKY-T1,7100,1,Final Test 1,1,XPS54672PWPR,PWP,28,,ETS-0-64:6473198B,2876,ETS-0-64,6473198B,1,1
LTKY-T1,7100,1,Final Test 1,1,XPS54672PWPR,PWP,28,alt,ETS-1-64:6473198B,2876,ETS-1-64,6473198B,1,1
LTKY-T1,7100,1,Final Test 1,1,XPS54672PWPR,PWP,28,alt,ETS-1-128:6473198B,2876,ETS-1-128,6473198B,1,1
LTKY-T1,7100,1,Final Test 1,1,XPS54672PWPR,PWP,28,alt,ETS-1M-64:6473198B,2876,ETS-1M-64,6473198B,1,1
LTKY-T1,7100,1,Final Test 1,1,XPS54672PWPR,PWP,28,alt,ETS-2-64:6473198B,2876,ETS-2-64,6473198B,1,1
LTKY-T1,7100,1,Final Test 1,1,XPS65160APWPR,PWP,28,,ETS-0-64:6469171D,1763,ETS-0-64,6469171D,1,1
LTKY-T1,7100,1,Final Test 1,1,XPS65160APWPR,PWP,28,alt,ETS-1-64:6469171D,1763,ETS-1-64,6469171D,1,1
LTKY-T1,7100,1,Final Test 1,1,XPS65160APWPR,PWP,28,alt,ETS-1-128:6469171D,1763,ETS-1-128,6469171D,1,1
LTKY-T1,7100,1,Final Test 1,1,XPS65160APWPR,PWP,28,alt,ETS-1M-64:6469171D,1763,ETS-1M-64,6469171D,1,1
LTKY-T1,7100,1,Final Test 1,1,XPS65160APWPR,PWP,28,alt,ETS-2-64:6469171D,1763,ETS-2-64,6469171D,1,1
LTKY-T1,7100,1,Final Test 1,1,XPS65161PWPR,PWP,28,,ETS-0-32:6469171D,1714,ETS-0-32,6469171D,1,1
LTKY-T1,7100,1,Final Test 1,1,XPS65161PWPR,PWP,28,alt,ETS-0-64:6469171D,1714,ETS-0-64,6469171D,1,1
LTKY-T1,7100,1,Final Test 1,1,XPS65161PWPR,PWP,28,alt,ETS-1-64:6469171D,1714,ETS-1-64,6469171D,1,1
LTKY-T1,7100,1,Final Test 1,1,XPS65161PWPR,PWP,28,alt,ETS-1-128:6469171D,1714,ETS-1-128,6469171D,1,1
LTKY-T1,7100,1,Final Test 1,1,XPS65161PWPR,PWP,28,alt,ETS-1M-64:6469171D,1714,ETS-1M-64,6469171D,1,1
LTKY-T1,7100,1,Final Test 1,1,XPS65161PWPR,PWP,28,alt,ETS-2-64:6469171D,1714,ETS-2-64,6469171D,1,1
