"device","logpoint","quantity","average_capacity","Queue"
"01AIRGWR2-ZQR#","4410","838","38004.89","0.02"
"0QRGZRQ1-ULQN&","4410","3515","0","0"
"1108026RHDR1-R","1400","7919","51023.3","0.16"
"1108026RHDR1-R","1410","15584","51023.3","0.31"
"1108026RHDR1-R","1420","5648","51023.3","0.11"
"1108026RHDR1-R","1450","39512","51023.3","0.77"
"1108026RHDR1-R","2100","15803","51023.3","0.31"
"1108026RHDR1-R","4410","23722","51023.3","0.46"
"1211013RGER-LK","1450","7670","77765.22","0.1"
"1220ARSNR1-G2K","1400","10076","30679.08","0.33"
"1220ARSNR1-G2K","4410","41325","30679.08","1.35"
"1235PRWLR-G2N#","4410","20303","0","0"
"1306051RHRR-G2","1400","5074","42013.53","0.12"
"1311031RHAR-G2","1420","3766","26283.66","0.14"
"1311031RHAR-G2","1450","2577","26283.66","0.1"
"1312DRCR1-G2KY","1410","13819","0","0"
"1312DRCR1-G2KY","1450","41434","0","0"
"1312DRCR1-G2KY","2000","6795","0","0"
"1312DRCR1-G2KY","4410","172489","0","0"
"1362RVER1-LQR#","1420","7517","83732.62","0.09"
"1362RVER1-LQR#","1450","7749","83732.62","0.09"
"1402065RVER-LN","1450","7232","64979.35","0.11"
"1501005RHBR-G2","4410","105265","61890.83","1.7"
"1622IDRCT-URR&","4410","5034","0","0"
"1622RSMR1-G2YK","4410","19958","68739.17","0.29"
"202027ARSLR-G2","1400","2364","93968.85","0.03"
"202027CRSLR-G2","1460","5179","90582.23","0.06"
"202027CRSLR-G2","4410","39513","90582.23","0.44"
"202027DRSLR-G2","1410","5181","88948.54","0.06"
"202027DRSLR-G2","4410","12922","88948.53","0.15"
"2402QDRRRQ1-G2","1450","11387","187042.91","0.06"
"24075TRGTR-G2Y","4410","8426","86327.5","0.1"
"24725ARGRR-G2K","695","7560","90560.3","0.08"
"24725ARGRR-G2K","1430","15096","90560.3","0.17"
"24725ARGRR-G2K","1450","8852","90560.3","0.1"
"24725ARGRR-G2K","2100","15085","90560.3","0.17"
"24725ARGRR-G2K","4410","25518","90560.3","0.28"
"24735RGRR1-G2K","2100","8868","87959.22","0.1"
"24735RGRR1-G2K","4410","30114","87959.22","0.34"
"24780SRUYR-G2K","4410","80356","61544.65","1.31"
"2543QRTERQ1-G2","1410","13473","97389.3","0.14"
"2543QRTERQ1-G2","1460","13783","97389.3","0.14"
"2543QRTERQ1-G2","2100","8373","97389.3","0.09"
"2543QRTERQ1-G2","4410","120110","97389.3","1.23"
"25810RVCR-G2R#","2150","3399","0","0"
"2592AADRCR-G2K","695","13824","56572.06","0.24"
"2592AADRCR-G2K","1410","13816","56572.06","0.24"
"2592AADRCR-G2K","2100","27626","56572.06","0.49"
"2592AADRCT-G2K","1410","13822","56572.06","0.24"
"2592AADRCT-G2K","2100","6674","56572.06","0.12"
"2592ZADRCR-G2K","695","13820","51641.5","0.27"
"2592ZADRCR-G2K","2100","9228","51641.5","0.18"
"25942ARVCR1-G2","1400","15296","31944.65","0.48"
"285ARUKR1-G2KY","4410","20712","109078.26","0.19"
"29442DRBR-BKY$","1415","56942","70232.71","0.81"
"29442DRBR-BKY$","4410","74652","70232.71","1.06"
"401032DSGR1-G2","1450","19516","266738.26","0.07"
"401032DSGR1-G2","2000","15284","266738.26","0.06"
"401032DSGR1-G2","4410","74461","266738.26","0.28"
"406035RGER-G2Y","4410","86506","43310.3","2"
"408065RHLR-G2K","2100","6465","30653.96","0.21"
"408065RHLR-G2K","4410","54358","30653.96","1.77"
"44C20RVFT1-LN#","2100","7154","16624.76","0.43"
"44C20RVFT2-LN#","2100","17850","16624.76","1.07"
"4519RTER1-RQR&","4410","20128","55027.28","0.37"
"4622RHLR1-LQR#","4410","15108","55732.88","0.27"
"480RNCR1-OG2N&","1450","1408","118820.57","0.01"
"50842A0RSKR-G2","1460","2592","0","0"
"50842A0RSKR-G2","4410","21360","0","0"
"5090BRVNR-G2N#","2100","601","22809.6","0.03"
"51220RHBR2-G2K","4410","65154","34243.47","1.9"
"51631RSMR-G2YK","1420","9997","66896.3","0.15"
"51631RSMR-G2YK","2100","9954","66896.3","0.15"
"51631RSMR-G2YK","4410","47021","66896.3","0.7"
"51650RSLT2-G2K","4410","31542","28631.69","1.1"
"53819ARGTR1-LK","4410","55219","107404.51","0.51"
"54328DRCRP-G2Y","1450","10076","90239.55","0.11"
"54328DRCRP-G2Y","4410","6829","90239.55","0.08"
"546QRTERQ11-G2","1410","34528","0","0"
"546QRTERQ11-G2","1415","10615","0","0"
"546QRTERQ11-G2","1420","13812","0","0"
"546QRTERQ11-G2","1450","45186","0","0"
"546QRTERQ11-G2","1460","13809","0","0"
"546QRTERQ11-G2","3000","13810","0","0"
"546QRTERQ11-G2","4410","93967","0","0"
"5633ARTER-KDG2","4410","157311","83610.75","1.88"
"5633BRTER-KDG2","1410","13794","78064.94","0.18"
"5633BRTER-KDG2","1450","23243","78064.94","0.3"
"5633BRTER-KDG2","2100","13814","78064.94","0.18"
"5633BRTER-KDG2","4410","35741","78064.94","0.46"
"58872Q5D7-NS2Y","1400","14382","114912","0.13"
"58872Q5D7-NS2Y","1410","7185","114912","0.06"
"58872Q5D7-NS2Y","1420","34421","114912","0.3"
"58872Q5D7-NS2Y","1450","14374","114912","0.13"
"58872Q5D7-NS2Y","1460","7173","114912","0.06"
"58872Q5D7-NS2Y","2100","16347","114912","0.14"
"58872Q5D7-NS2Y","3000","14268","114912","0.12"
"58872Q5D7-NS2Y","4410","4886","114912","0.04"
"603V1RUNR-G2N#","695","49575","197858.21","0.25"
"603V1RUNR-G2N#","1405","13809","197858.21","0.07"
"603V1RUNR-G2N#","1410","24759","197858.21","0.13"
"603V1RUNR-G2N#","1430","24663","197858.21","0.12"
"603V1RUNR-G2N#","2150","24829","197858.21","0.13"
"603V1RUNR-G2N#","4410","601851","197858.21","3.04"
"608098RHBR-G2K","1450","7851","37726.01","0.21"
"62150BRGTR-OLY","695","8469","103199.08","0.08"
"62152QRGTRQ1-L","1460","4601","0","0"
"6215AQRGTRQ1-L","1415","13640","0","0"
"62407QDRCRQ1-R","1400","7139","0","0"
"62407QDRCRQ1-R","2000","7397","0","0"
"635KRSNR1-KDG2","2000","14706","74351.85","0.2"
"652621RHBR1-G2","1400","7917","63680.95","0.12"
"652621RHBR1-G2","1430","15794","63680.95","0.25"
"652621RHBR1-G2","4410","35837","63680.95","0.56"
"65633AKRTER-G2","1400","8890","82589.16","0.11"
"65633AKRTER-G2","1410","27632","82589.16","0.33"
"65633AKRTER-G2","1450","41460","82589.16","0.5"
"65633AKRTER-G2","1460","13822","82589.16","0.17"
"65633AKRTER-G2","2100","9890","82589.16","0.12"
"65633AKRTER-G2","4410","168515","82589.16","2.04"
"65633BKRTER-G2","1400","69062","78715.65","0.88"
"65633BKRTER-G2","1410","55231","78715.65","0.7"
"65633BKRTER-G2","1450","79983","78715.65","1.02"
"65633BKRTER-G2","2100","73906","78715.65","0.94"
"65633BKRTER-G2","3000","13817","78715.65","0.18"
"65633BKRTER-G2","4410","263821","78715.65","3.35"
"74110RVFT-LQN#","4410","7633","62771.58","0.12"
"771803DPJR-G2K","1400","16105","134254.33","0.12"
"771803DPJR-G2K","4410","16127","134254.33","0.12"
"7A8300RGRR-G2K","1400","15097","83689.41","0.18"
"7A8300RGRR-G2K","1410","37759","83689.41","0.45"
"7A8300RGRR-G2K","1430","22663","83689.41","0.27"
"7A8300RGRR-G2K","1450","82279","83689.41","0.98"
"7A8300RGRR-G2K","2000","311324","83689.41","3.72"
"7A8300RGRR-G2K","4410","322927","83689.41","3.86"
"7A8300RGRT-G2K","2000","37755","83689.41","0.45"
"7A8300RGRT-G2K","4410","11627","83689.41","0.14"
"7A8300RGWT-G2K","1400","4609","51203.7","0.09"
"7A8300RGWT-G2K","1450","7896","51203.7","0.15"
"7A8300RGWT-G2K","4410","3890","51203.7","0.08"
"810RVCR3-G2QR&","1400","4173",NULL,"0"
"87351Q5D1-NS2Y","1400","7196","123771.43","0.06"
"87351Q5D1-NS2Y","1410","7150","123771.43","0.06"
"87351Q5D1-NS2Y","1420","10652","123771.43","0.09"
"87351Q5D1-NS2Y","1450","9464","123771.43","0.08"
"87351Q5D1-NS2Y","1460","7126","123771.43","0.06"
"95377Q4M1-LQN#","4410","3819","0","0"
"95377Q4M2-LQN#","4410","3877","0","0"
"A2006D1DRBR-RK","1420","13800","79116.46","0.17"
"A2006D1DRBR-RK","2100","33972","79116.46","0.43"
"A2012D2RTJR-RK","1450","6538","84242.8","0.08"
"A2012D2RTJR-RK","4410","73235","84242.8","0.87"
"A2313IDRGR1-CK","1420","6910","103199.08","0.07"
"A2313IDRGR1-CK","1450","10636","103199.08","0.1"
"A2314AIDRBR-CK","1410","25041","131551.73","0.19"
"A2314AIDRBR-CK","1420","13709","131551.73","0.1"
"A2314AIDRBR-CK","1430","13792","131551.73","0.1"
"A3221AIRGVR-ZK","1410","8776","77608.91","0.11"
"A3221AIRGVR-ZK","1420","19095","77608.91","0.25"
"A3221AIRGVR-ZK","1450","5022","77608.91","0.06"
"A3221AIRGVR-ZK","2100","10066","77608.91","0.13"
"A3221AIRGVR-ZK","4410","131058","77608.91","1.69"
"A6130A2RTJR-LK","1400","20138","50617.81","0.4"
"A6130A2RTJR-LK","1450","10076","50617.81","0.2"
"A6133A2RTJR-LK","1400","20155","0","0"
"A6133A2RTJR-LK","1410","25153","0","0"
"A6133A2RTJR-LK","1420","5415","0","0"
"A6133A2RTJR-LK","1450","10074","0","0"
"A6133A2RTJR-LK","2100","10076","0","0"
"A6133A2RTJR-LK","3000","10080","0","0"
"A6133A2RTJR-LK","4410","146745","0","0"
"A8001DRBR1-G2K","1410","34828","203416.22","0.17"
"A8001DRBR1-G2K","1430","13821","203416.22","0.07"
"A8001DRBR1-G2K","1450","41463","203416.22","0.2"
"A8001DRBR1-G2K","2000","82899","203416.22","0.41"
"A8001DRBR1-G2K","4410","362632","203416.22","1.78"
"AC7562SDSCR-UC","4410","35613","20014.03","1.78"
"AC7760IRHAR-CK","4410","4454","30863.65","0.14"
"AC8163SDSCR-UC","4410","7029","25816.62","0.27"
"BQ24130RHLR-G2","1410","8016","48086.81","0.17"
"BQ24130RHLR-G2","1430","9162","48086.81","0.19"
"BQ24130RHLR-G2","4410","40382","48086.81","0.84"
"BQ24133RGYR-G2","4410","24178","49584.85","0.49"
"BQ24133RGYR1-L","1400","6469","49584.85","0.13"
"BQ24133RGYR1-L","1420","9935","49584.85","0.2"
"BQ24133RGYR1-L","1430","6393","49584.85","0.13"
"BQ24133RGYR1-L","2100","12887","49584.85","0.26"
"BQ24133RGYR1-L","4410","25738","49584.85","0.52"
"BQ24190RGER-RY","1410","10012","59614.85","0.17"
"BQ24190RGER-RY","1430","9949","59614.85","0.17"
"BQ24190RGER-RY","2100","7217","59614.85","0.12"
"BQ24190RGER-RY","4410","14962","59614.85","0.25"
"BQ24196RGER-RY","695","10030","60916.13","0.16"
"BQ24196RGER-RY","1400","40095","60916.13","0.66"
"BQ24196RGER-RY","1410","116622","60916.13","1.91"
"BQ24196RGER-RY","1430","65508","60916.13","1.08"
"BQ24196RGER-RY","1450","104118","60916.13","1.71"
"BQ24196RGER-RY","1460","3821","60916.13","0.06"
"BQ24196RGER-RY","2100","78014","60916.13","1.28"
"BQ24196RGER-RY","4410","126127","60916.13","2.07"
"BQ24296RGER-G2","1400","5033","64783.18","0.08"
"BQ24296RGER-G2","2100","10077","64783.18","0.16"
"BQ24296RGER-G2","4410","9479","64783.18","0.15"
"BQ24298RTWR-G2","2000","8395","115807.42","0.07"
"BQ24298RTWR-G2","4410","48486","115807.42","0.42"
"BQ24311DSGR-G2","4410","23506","200903.74","0.12"
"BQ24616RGER-LK","1400","6918","48665.57","0.14"
"BQ24616RGER-LK","1410","10078","48665.57","0.21"
"BQ24616RGER-LK","2100","10049","48665.57","0.21"
"BQ24616RGER-LK","4410","19914","48665.57","0.41"
"BQ24640RVAT-LK","1420","6347","52646.91","0.12"
"BQ24728RGRR-LK","1430","15075","86948.19","0.17"
"BQ24728RGRR-LK","1460","15085","86948.19","0.17"
"BQ24728RGRR-LK","2100","10749","86948.19","0.12"
"BQ24728RGRR-LK","4410","15085","86948.19","0.17"
"BQ24770RUYR-G2","1450","10947","61763.96","0.18"
"BQ24770RUYR-G2","2100","10060","61763.96","0.16"
"BQ24770RUYR-G2","4410","49471","61763.96","0.8"
"BQ24777RUYR-G2","695","10080","50429.95","0.2"
"BQ24777RUYR-G2","4410","174827","50429.95","3.47"
"BQ25040DQCR-G2","4410","64804","129861.82","0.5"
"BQ25890RTWR-G2","1400","5865","79794.23","0.07"
"BQ25890RTWR-G2","1450","109972","79794.23","1.38"
"BQ25890RTWR-G2","2000","25174","79794.23","0.32"
"BQ25890RTWR-G2","4410","79592","79794.23","1"
"BQ25892RTWR-G2","695","141752","84207.59","1.68"
"BQ25892RTWR-G2","1400","75952","84207.59","0.9"
"BQ25892RTWR-G2","1410","40257","84207.59","0.48"
"BQ25892RTWR-G2","1430","10056","84207.59","0.12"
"BQ25892RTWR-G2","1450","130946","84207.59","1.56"
"BQ25892RTWR-G2","2000","295473","84207.59","3.51"
"BQ25892RTWR-G2","2150","57244","84207.59","0.68"
"BQ25892RTWR-G2","4410","904765","84207.59","10.74"
"BQ25895RTWR-G2","1400","5035","75733.05","0.07"
"BQ25895RTWR-G2","1450","19883","75733.05","0.26"
"BQ25895RTWR-G2","2000","30186","75733.05","0.4"
"BQ25895RTWR-G2","4410","20102","75733.05","0.27"
"BQ29700DSER-G2","1430","36410","137281.69","0.27"
"BQ29700DSER-G2","4410","62640","137281.69","0.46"
"CC24610DRBR-GK","4410","13777","93149.41","0.15"
"CD3211A1RGPR-L","1410","17630","182400","0.1"
"CD3211A1RGPR-L","1420","18646","182400","0.1"
"CD3211A1RGPR-L","1450","65410","182400","0.36"
"CD3211A1RGPR-L","2000","100152","182400","0.55"
"CD3211A1RGPR-L","2150","30206","182400","0.17"
"CD3211A1RGPR-L","4410","213530","182400","1.17"
"CSD17570Q5B1-N","1410","14390","145105.71","0.1"
"CSD17570Q5B1-N","1420","19517","145105.71","0.13"
"CSD17570Q5B1-N","1450","19385","145105.71","0.13"
"CSD17570Q5B1-N","1460","20097","145105.71","0.14"
"CSD17570Q5B1-N","2100","6895","145105.71","0.05"
"CSD17573Q5B1-N","4410","3006","139242.86","0.02"
"CSD17576Q5B1-N","2100","3592","143640","0.03"
"CSD17576Q5B1-N","4410","62209","143640","0.43"
"CSD18540Q5B1-N","1400","7194","145105.71","0.05"
"CSD87381P1-NS2","4410","26874","188033.72","0.14"
"CSD87588N-NS2 ","4410","3624","186174.37","0.02"
"D18502Q5B-NQR#","4410","6476","108407.55","0.06"
"D58873Q3D-NS2Y","1400","2681","114912","0.02"
"D58873Q3D-NS2Y","1410","25308","114912","0.22"
"D58873Q3D-NS2Y","1420","16120","114912","0.14"
"D58873Q3D-NS2Y","1430","18790","114912","0.16"
"D58873Q3D-NS2Y","1450","10738","114912","0.09"
"D58873Q3D-NS2Y","1460","14139","114912","0.12"
"D58873Q3D-NS2Y","2100","5366","114912","0.05"
"D58873Q3D-NS2Y","3000","5063","114912","0.04"
"D59998Q4M-LQN&","4410","3657","0","0"
"D74110RVFR2-LN","4410","3020","62771.58","0.05"
"D95373BQ5M1-LN","4410","6725","55486.68","0.12"
"D95377Q4M-LQN#","4410","3844","0","0"
"D95379Q3M-LNKY","1400","15659","69380.83","0.23"
"D95379Q3M-LNKY","1410","5339","69380.83","0.08"
"D95379Q3M-LNKY","1420","15718","69380.83","0.23"
"D95379Q3M-LNKY","1430","2555","69380.83","0.04"
"D95379Q3M-LNKY","1450","5194","69380.83","0.07"
"D95379Q3M-LNKY","2000","76731","69380.83","1.11"
"D95379Q3M-LNKY","4410","4693","69380.83","0.07"
"D97374Q4M-LNKE","1400","30504","67001.71","0.46"
"D97374Q4M-LNKE","1410","30512","67001.71","0.46"
"D97374Q4M-LNKE","1420","43097","67001.71","0.64"
"D97374Q4M-LNKE","1450","27235","67001.71","0.41"
"D97374Q4M-LNKE","1460","7828","67001.71","0.12"
"D97374Q4M-LNKE","2100","7825","67001.71","0.12"
"D97374Q4M-LNKE","3000","15733","67001.71","0.23"
"D97374Q4M-LNKE","4410","86078","67001.71","1.28"
"DC1101DRCR-KDC","4410","20594","85335.49","0.24"
"DC1101DRCT-KDC","4410","9333","0","0"
"DRV421RTJR-UN ","4410","6916","0","0"
"DS1191IRSMR-CK","4410","18815","15981.71","1.18"
"LV62130RGTR-LY","3000","7655","104493.73","0.07"
"N1107017RHLR-L","1410","7536","70909.88","0.11"
"NA300AIDSQR-CK","1430","24497","112889.4","0.22"
"NA300AIDSQR-CK","2150","24741","112889.4","0.22"
"NA300AIDSQR-CK","4410","340509","112889.4","3.02"
"NA826AIDRGR-RK","1410","13822","24560.04","0.56"
"NA826AIDRGR-RK","1450","13822","24560.04","0.56"
"NA826AIDRGR-RK","2100","13824","24560.04","0.56"
"NA826AIDRGR-RK","3000","8179","24560.04","0.33"
"PS24720RGTR-CK","1400","13820","53551.22","0.26"
"PS24720RGTR-CK","1450","6911","53551.22","0.13"
"PS24720RGTR-CK","2100","10501","53551.22","0.2"
"PS24720RGTR-CK","4410","56522","53551.22","1.06"
"PS2560DRCR1-G2","4410","46496","0","0"
"PS2561DRCR1-LY","4410","6950","0","0"
"PS28225DRBR1-C","1400","6901","84672","0.08"
"PS28225DRBR1-C","1410","7095","84672","0.08"
"PS28225DRBR1-C","1450","13787","84672","0.16"
"PS28225DRBR1-C","4410","80208","84672","0.95"
"PS40040DRBRB-B","2100","6908","63219.93","0.11"
"PS40040DRBRB-B","4410","26621","63219.93","0.42"
"PS40041DRBR-B ","1450","7107","62568.18","0.11"
"PS40041DRBR-B ","3000","13796","62568.18","0.22"
"PS40041DRBR-B ","4410","48466","62568.18","0.77"
"PS40425RHAR-G2","4410","6264","23509.33","0.27"
"PS40428RHAR-G2","4410","3660","23958.49","0.15"
"PS51117RGYR1-B","1460","15062","142700.64","0.11"
"PS51117RGYR1-B","4410","30119","142700.64","0.21"
"PS51125RGER-BY","1410","14850","68851.57","0.22"
"PS51125RGER-BY","1430","10010","68851.57","0.15"
"PS51125RGER-BY","1450","5316","68851.57","0.08"
"PS51125RGER-BY","2100","10025","68851.57","0.15"
"PS51125RGER-BY","3000","10023","68851.57","0.15"
"PS51621RHAR-BK","4410","43805","34291.2","1.28"
"PS51980RTVR-LK","1450","7915","32041.85","0.25"
"PS51980RTVR-LK","4410","23728","32041.85","0.74"
"PS53313RGER-G2","2100","10033","59152.08","0.17"
"PS53317RGBR-G2","1400","7190","41130.2","0.17"
"PS53317RGBR-G2","1420","5099","41130.2","0.12"
"PS53317RGBR-G2","1430","28725","41130.2","0.7"
"PS53317RGBR-G2","1450","21522","41130.2","0.52"
"PS53317RGBR-G2","3000","12392","41130.2","0.3"
"PS53317RGBR-G2","4410","59529","41130.2","1.45"
"PS53318DQPR-LN","695","339","61310.73","0.01"
"PS53318DQPR-LN","1400","6629","61310.73","0.11"
"PS53318DQPR-LN","1410","13987","61310.73","0.23"
"PS53318DQPR-LN","1420","13620","61310.73","0.22"
"PS53318DQPR-LN","1450","1752","61310.73","0.03"
"PS53318DQPR-LN","1460","3349","61310.73","0.05"
"PS53318DQPR-LN","2100","6991","61310.73","0.11"
"PS53318DQPR-LN","3000","7008","61310.73","0.11"
"PS53318DQPR-LN","4410","51074","61310.73","0.83"
"PS53319DQPR-LN","695","2084","59923.87","0.03"
"PS53319DQPR-LN","1400","13961","59923.87","0.23"
"PS53319DQPR-LN","1410","7003","59923.87","0.12"
"PS53319DQPR-LN","1460","4859","59923.87","0.08"
"PS53319DQPR-LN","4410","1045","59923.87","0.02"
"PS53513RVER-LN","1410","13253","70313.34","0.19"
"PS53513RVER-LN","1420","11689","70313.34","0.17"
"PS53513RVER-LN","1450","3469","70313.34","0.05"
"PS53513RVER-LN","4410","77","70313.34","0"
"PS53515RVER-LN","1410","7841","67710.19","0.12"
"PS53515RVER-LN","1420","7876","67710.19","0.12"
"PS53515RVER-LN","2100","5199","67710.19","0.08"
"PS53515RVER-LN","4410","15526","67710.19","0.23"
"PS54218RTER3-C","2100","13793","101077.28","0.14"
"PS54218RTER4-C","1400","27499","101077.28","0.27"
"PS54218RTER4-C","1410","27568","101077.28","0.27"
"PS54218RTER4-C","1450","13771","101077.28","0.14"
"PS54218RTER4-C","4410","82620","101077.28","0.82"
"PS54678RTER-G2","1410","13819","51911.9","0.27"
"PS54678RTER-G2","1460","13820","51911.9","0.27"
"PS54678RTER-G2","2100","20720","51911.9","0.4"
"PS54678RTER-G2","4410","136431","51911.9","2.63"
"PS54821RHLR2-R","1400","12197","61549.98","0.2"
"PS54821RHLR2-R","1410","28241","61549.98","0.46"
"PS54821RHLR2-R","1460","30219","61549.98","0.49"
"PS54821RHLR2-R","2100","23712","61549.98","0.39"
"PS54821RHLR2-R","4410","62894","61549.98","1.02"
"PS59621RHAT1-B","4410","3820","34591.94","0.11"
"PS61088RHLR-G2","4410","7918","183063.27","0.04"
"PS61093DSKR-CK","1410","9475","436173.91","0.02"
"PS61093DSKR-CK","1450","10029","436173.91","0.02"
"PS61093DSKR-CK","2000","25050","436173.91","0.06"
"PS61093DSKR-G2","4410","56217","436173.91","0.13"
"PS61161DRVR-LK","2150","24814","219277.24","0.11"
"PS61176RTER-G2","1410","13801","93324.66","0.15"
"PS61177RGRR-G2","4410","30079","78711.24","0.38"
"PS62040DRCR1-R","1430","11376","130220.68","0.09"
"PS62134DRGTR-L","695","6906","85687.1","0.08"
"PS62175DQCR-RK","1410","17265","600628.97","0.03"
"PS62420DRCR-RY","1410","16423","57584.54","0.29"
"PS62420DRCR-RY","3000","16701","57584.54","0.29"
"PS62420DRCR-RY","4410","144871","57584.54","2.52"
"PS62745DSSR-LK","4410","31847","96506.18","0.33"
"PS63000DRCR-LY","1430","7055","68377.39","0.1"
"PS63000DRCR-LY","1450","16916","68377.39","0.25"
"PS65023RSBR1-R","1400","7902","51947.93","0.15"
"PS65023RSBR1-R","1420","7821","51947.93","0.15"
"PS65023RSBR1-R","1430","15829","51947.93","0.3"
"PS65023RSBR1-R","1450","7899","51947.93","0.15"
"PS65023RSBR1-R","1460","3944","51947.93","0.08"
"PS65023RSBR1-R","2100","25015","51947.93","0.48"
"PS65023RSBR1-R","4410","66076","51947.93","1.27"
"PS65051RSMR1-R","1420","20139","27425.22","0.73"
"PS65051RSMR1-R","2100","7626","27425.22","0.28"
"PS65051RSMR1-R","4410","68088","27425.22","2.48"
"PS65051RSMT1-R","3000","3800","27425.22","0.14"
"PS65148CRHBR-U","4410","13106","53887.55","0.24"
"PS65154RSLR-G2","4410","2292","34473.6","0.07"
"PS65168RSBR1-R","4410","7704","54869.27","0.14"
"PS65197BRUYR-G","1400","7181","0","0"
"PS65197BRUYR-G","1430","5034","0","0"
"PS65261RHBR-G2","1420","3955","84486.72","0.05"
"PS65261RHBR-G2","2100","4936","84486.72","0.06"
"PS65261RHBR-G2","4410","7849","84486.72","0.09"
"PS65263RHBT-G2","1450","14052","0","0"
"PS65400RGZR1-L","1450","1876","20026.16","0.09"
"PS65400RGZR1-L","4410","35699","20026.16","1.78"
"PS65633RTER-G2","2100","13819","82766.2","0.17"
"PS70630DRVR-RK","2000","13648","308723.33","0.04"
"PS70933DRVR-RK","4410","130359","294802.12","0.44"
"PS70950DRVR-RK","4410","74416","300388.38","0.25"
"PS74801DRCR1-B","1430","13790","217915.27","0.06"
"PS74801DRCR1-B","1450","13796","217915.27","0.06"
"PS74801DRCR1-B","2000","62254","217915.27","0.29"
"PS74801DRCR1-B","4410","155623","217915.27","0.71"
"PS7A7100RGTR-L","4410","122813","55854.55","2.2"
"PS7A7100RGTT-L","4410","40840","55854.55","0.73"
"PS7A7200RGTR-L","1410","13189","52416","0.25"
"PS7A7200RGTR-L","1450","13824","52416","0.26"
"PS7A7200RGTR-L","4410","68590","52416","1.31"
"Q24261MRGER1-8","1410","10080","43435.33","0.23"
"Q24261MRGER1-8","1450","5038","43435.33","0.12"
"Q24261MRGER1-8","2100","8278","43435.33","0.19"
"Q24261MRGER1-8","4410","32171","43435.33","0.74"
"Q24272RGER-G2Y","1410","19734","72586.61","0.27"
"Q24272RGER-G2Y","3000","10005","72586.61","0.14"
"Q24272RGER-G2Y","4410","29590","72586.61","0.41"
"Q24296MRGER-G2","695","6627","65579.49","0.1"
"Q24296MRGER-G2","1400","35793","65579.49","0.55"
"Q24296MRGER-G2","1410","65452","65579.49","1"
"Q24296MRGER-G2","1420","16194","65579.49","0.25"
"Q24296MRGER-G2","1430","61081","65579.49","0.93"
"Q24296MRGER-G2","1450","16311","65579.49","0.25"
"Q24296MRGER-G2","1460","10066","65579.49","0.15"
"Q24296MRGER-G2","2100","40266","65579.49","0.61"
"Q24296MRGER-G2","4410","276113","65579.49","4.21"
"Q24617RGER-G2K","1410","5035","50510.77","0.1"
"Q24617RGER-G2K","1420","5039","50510.77","0.1"
"Q24617RGER-G2K","4410","8941","50510.77","0.18"
"Q24727RGRR-G2K","4410","15097","76975.87","0.2"
"Q24735RGRR1-LK","1400","19641","87959.22","0.22"
"Q24735RGRR1-LK","1420","24465","87959.22","0.28"
"Q24735RGRR1-LK","1430","7520","87959.22","0.09"
"Q24735RGRR1-LK","4410","50788","87959.22","0.58"
"Q24736RGRR-G2K","1450","7528","75720.65","0.1"
"Q24736RGRR-G2K","2100","20447","75720.65","0.27"
"Q24780RUYR-G2K","4410","26655","64256.32","0.41"
"Q25895MRTWR-G2","1400","10057","0","0"
"Q25895MRTWR-G2","1410","9748","0","0"
"Q25895MRTWR-G2","2000","28697","0","0"
"Q25895MRTWR-G2","2150","20140","0","0"
"Q25895MRTWR-G2","4410","224243","0","0"
"Q25895MRTWT-G2","2000","8929","0","0"
"Q25895MRTWT-G2","4410","8927","0","0"
"RV401AIRGWR-ZK","695","7920","38004.89","0.21"
"S24742RGER-G2K","1420","4948","35100.39","0.14"
"S24771RGER-G2K","1410","9923","0","0"
"S24771RGER-G2K","1420","5015","0","0"
"S25810RVCR-G2P","4410","7660","0","0"
"S51125ARGER-BY","2100","10025","67600.47","0.15"
"S51125ARGER-BY","4410","94408","67600.47","1.4"
"S51200DRCR-G2Y","1400","33042","99263.5","0.33"
"S51200DRCR-G2Y","1410","50643","99263.5","0.51"
"S51200DRCR-G2Y","1430","15513","99263.5","0.16"
"S51200DRCR-G2Y","1450","46701","99263.5","0.47"
"S51200DRCR-G2Y","2100","16181","99263.5","0.16"
"S51200DRCR-G2Y","4410","16849","99263.5","0.17"
"S51220ARSNR-LK","1400","89978","30679.08","2.93"
"S51220ARSNR-LK","1410","20093","30679.08","0.65"
"S51220ARSNR-LK","1450","10073","30679.08","0.33"
"S51220ARSNR-LK","2100","10078","30679.08","0.33"
"S51220ARSNR-LK","4410","75834","30679.08","2.47"
"S51220ARTVR-LK","3000","7859","31647.9","0.25"
"S51220ARTVR-LK","4410","7882","31647.9","0.25"
"S51624RSMR-G2K","1400","10057","48793.8","0.21"
"S51624RSMR-G2K","1410","10063","48793.8","0.21"
"S51624RSMR-G2K","1450","15074","48793.8","0.31"
"S51624RSMR-G2K","2100","9892","48793.8","0.2"
"S51624RSMR-G2K","4410","130774","48793.8","2.68"
"S53211ARGTR-LK","1410","13808","93942.66","0.15"
"S53211ARGTR-LK","4410","39058","93942.66","0.42"
"S53311RGTR1-G2","2100","6880","94171.79","0.07"
"S53311RGTR1-G2","4410","9962","94171.79","0.11"
"S53312RGTR-G2Y","1410","8461","73662.73","0.11"
"S53312RGTR-G2Y","1430","16779","73662.73","0.23"
"S53312RGTR-G2Y","2100","16915","73662.73","0.23"
"S53312RGTR-G2Y","3000","10127","73662.73","0.14"
"S53312RGTR-G2Y","4410","16904","73662.73","0.23"
"S53353DQPR2-CN","1400","6994","58901.78","0.12"
"S53355ADQPR-CN","1400","13817","59120.69","0.23"
"S53355ADQPR-CN","1420","13981","59120.69","0.24"
"S53355ADQPR-CN","1430","7010","59120.69","0.12"
"S53355ADQPR-CN","2100","7025","59120.69","0.12"
"S53355ADQPR-CN","4410","35294","59120.69","0.6"
"S53515ARVER-LN","1410","7179","73354.38","0.1"
"S53515ARVER-LN","1450","3920","73354.38","0.05"
"S53631RSBR-G2K","1430","7912","15253.09","0.52"
"S53631RSBR-G2K","4410","23709","15253.09","1.55"
"S53641RSBR-G2K","4410","7440","10818.78","0.69"
"S53647RTAR-G2K","4410","16938","7257.6","2.33"
"S53661RSBR-G2K","1400","7909","12774.23","0.62"
"S54319RTER1-G2","1400","13780","0","0"
"S54319RTER1-G2","1410","13743","0","0"
"S54319RTER1-G2","2000","21486","0","0"
"S54335ADRCR-G2","1410","13781","88918.36","0.15"
"S54335ADRCR-G2","1430","13816","88918.36","0.16"
"S54335ADRCR-G2","2100","39196","88918.36","0.44"
"S54335ADRCR-G2","4410","48907","88918.36","0.55"
"S54335ADRCT-G2","695","9807","88918.36","0.11"
"S54335ADRCT-G2","4410","23527","88918.36","0.26"
"S54620RGYR1-G2","1400","8319","69929.46","0.12"
"S54620RGYR1-G2","1410","7550","69929.46","0.11"
"S54620RGYR1-G2","1460","15096","69929.46","0.22"
"S54620RGYR1-G2","2100","29806","69929.46","0.43"
"S54620RGYR1-G2","4410","23268","69929.46","0.33"
"S59641RSLT-G2K","4410","8126","28384.13","0.29"
"S59650RSLR-G2K","4410","15185","27500.72","0.55"
"S60151DRVR-G2K","695","24622","337221.82","0.07"
"S60151DRVR-G2K","1410","74343","337221.82","0.22"
"S60151DRVR-G2K","1430","99052","337221.82","0.29"
"S60151DRVR-G2K","2150","44044","337221.82","0.13"
"S60151DRVR-G2K","4410","322062","337221.82","0.96"
"S61020DRCR1-RY","1450","11754","115912.08","0.1"
"S61020DRCR1-RY","4410","8222","115912.08","0.07"
"S61093DSKR-G2K","1400","30092","436173.91","0.07"
"S61093DSKR-G2K","1410","60174","436173.91","0.14"
"S61093DSKR-G2K","2000","138723","436173.91","0.32"
"S61093DSKR-G2K","2150","110677","436173.91","0.25"
"S61093DSKR-G2K","4410","1050473","436173.91","2.41"
"S61291DRVR-G2K","4410","112097","359513.04","0.31"
"S62067DSGR1-G2","1400","24837","364126.32","0.07"
"S62067DSGR1-G2","1410","24835","364126.32","0.07"
"S62067DSGR1-G2","1430","49667","364126.32","0.14"
"S62067DSGR1-G2","1450","24808","364126.32","0.07"
"S62067DSGR1-G2","4410","98561","364126.32","0.27"
"S62090RGTR4-G2","4410","20458","89993.69","0.23"
"S62130ARGTRS-L","1400","32393","0","0"
"S62130ARGTRS-L","1410","118027","0","0"
"S62130ARGTRS-L","1450","16914","0","0"
"S62130ARGTRS-L","3000","13095","0","0"
"S62130ARGTRS-L","4410","233871","0","0"
"S62130DRGTR-LY","1410","29074","104050.8","0.28"
"S62130DRGTR-LY","3000","16914","104050.8","0.16"
"S62130DRGTR-LY","4410","33449","104050.8","0.32"
"S62140ARGTR-LY","4410","30228","95190.77","0.32"
"S62736RGYR-G2K","695","1680","58485.72","0.03"
"S62736RGYR-G2K","1450","41479","58485.72","0.71"
"S62736RGYR-G2K","1460","29827","58485.72","0.51"
"S62736RGYR-G2K","4410","52265","58485.72","0.89"
"S62740DSSR1-LK","1410","17273","167572.64","0.1"
"S62740DSSR1-LK","1430","17241","167572.64","0.1"
"S62740DSSR1-LK","1450","22335","167572.64","0.13"
"S62740DSSR1-LK","2000","130511","167572.64","0.78"
"S62740DSSR1-LK","2150","17203","167572.64","0.1"
"S62740DSSR1-LK","4410","43136","167572.64","0.26"
"S62740DSST1-LK","4410","62202","167572.64","0.37"
"S627451DSST-LK","4410","15375","0","0"
"S65175RSHR2-UN","4410","13641","27367.92","0.5"
"S65283RGER-G2Y","695","10030","51201.75","0.2"
"S65283RGER-G2Y","1400","30065","51201.75","0.59"
"S65283RGER-G2Y","1410","39878","51201.75","0.78"
"S65283RGER-G2Y","1450","37965","51201.75","0.74"
"S65283RGER-G2Y","2100","16348","51201.75","0.32"
"S65283RGER-G2Y","3000","20005","51201.75","0.39"
"S65283RGER-G2Y","4410","93858","51201.75","1.83"
"SD87381P6-UNR&","4410","26850","188033.72","0.14"
"SD96370Q5M4-LN","2100","6550","62328.86","0.11"
"SD96370Q5M4-LN","4410","56884","62328.86","0.91"
"SD97370Q5M2-LN","1400","10818","52894.74","0.2"
"SD97370Q5M2-LN","1410","41425","52894.74","0.78"
"SD97370Q5M2-LN","1420","20679","52894.74","0.39"
"SD97370Q5M2-LN","1450","13983","52894.74","0.26"
"SD97370Q5M2-LN","1460","13918","52894.74","0.26"
"SD97370Q5M2-LN","2100","6930","52894.74","0.13"
"SD97370Q5M2-LN","3000","20844","52894.74","0.39"
"SD97370Q5M2-LN","4410","130055","52894.74","2.46"
"SN2833RGRR-G2K","1450","6758","59869.35","0.11"
"SN2833RGRR-G2K","2100","9915","59869.35","0.17"
"THS6187IRTJR-B","1400","4598","79938.78","0.06"
"TLV62084DSGR-R","695","24840","411588.35","0.06"
"TPS2388RTQR-C ","1420","10899","2726.33","4"
"TPS2388RTQR-C ","1450","39374","2726.33","14.44"
"TPS2388RTQR-C ","2000","113460","2726.33","41.62"
"TPS2388RTQR-C ","2150","11755","2726.33","4.31"
"TPS2388RTQR-C ","4410","24609","2726.33","9.03"
"TPS2388RTQT-C ","1450","1842","0","0"
"TPS2420RSAR-G2","1450","10048","43776","0.23"
"TPS2420RSAR-G2","4410","8315","43776","0.19"
"TPS2420RSAT-G2","4410","8265","43776","0.19"
"TPS2553DRVR-L ","1400","24820","756144.19","0.03"
"TPS2553DRVR-L ","1410","74460","756144.19","0.1"
"TPS2553DRVR-L ","1430","74353","756144.19","0.1"
"TPS2553DRVR-L ","2150","74424","756144.19","0.1"
"TPS2557DRBR3-R","1400","32841","0","0"
"TPS2557DRBR3-R","1410","13824","0","0"
"TPS2557DRBR3-R","1420","13811","0","0"
"TPS2557DRBR3-R","1430","55204","0","0"
"TPS2557DRBR3-R","1450","27618","0","0"
"TPS2557DRBR3-R","2100","13798","0","0"
"TPS2557DRBR3-R","3000","13819","0","0"
"TPS2557DRBR3-R","4410","175851","0","0"
"TPS2590RSAR-G2","1410","5030","48764.81","0.1"
"TPS2590RSAR-G2","1420","10078","48764.81","0.21"
"TPS2590RSAR-G2","1430","10074","48764.81","0.21"
"TPS2590RSAR-G2","1450","7568","48764.81","0.16"
"TPS2590RSAR-G2","2100","10047","48764.81","0.21"
"TPS2590RSAR-G2","4410","29789","48764.81","0.61"
"TPS40322RHBR-C","1410","3959","32102.4","0.12"
"TPS40322RHBR-C","1430","15806","32102.4","0.49"
"TPS40322RHBR-C","4410","28929","32102.4","0.9"
"TPS40322RHBT-C","4410","5789","32102.4","0.18"
"TPS54061DRBR-C","1420","7250","70820.21","0.1"
"TPS54061DRBR-C","1460","13820","70820.21","0.2"
"TPS54061DRBR-C","2100","11119","70820.21","0.16"
"TPS54061DRBR-C","4410","147498","70820.21","2.08"
"TPS54519RTER-R","1420","6907","55027.28","0.13"
"TPS54519RTER-R","2100","13503","55027.28","0.25"
"TPS54519RTER-R","4410","55206","55027.28","1"
"TPS54541DPRR-C","4410","14772","67699.64","0.22"
"TPS54622RHLR-L","1400","14992","55732.88","0.27"
"TPS54622RHLR-L","1410","15113","55732.88","0.27"
"TPS54622RHLR-L","2100","14953","55732.88","0.27"
"TPS54719RTER-R","695","6905","54246.2","0.13"
"TPS54719RTER-R","1410","13618","54246.2","0.25"
"TPS55330RTET-L","4410","19786","53955.01","0.37"
"TPS65178RSLR-R","4410","2653","53109.26","0.05"
"TPS71745DSER-L","4410","133651","351412.84","0.38"
"TPS73701DRBR-B","1400","27616","68579.81","0.4"
"TPS73701DRBR-B","1410","13680","68579.81","0.2"
"TPS73701DRBR-B","1430","27633","68579.81","0.4"
"TPS73701DRBR-B","1460","26335","68579.81","0.38"
"TPS73701DRBR-B","2100","45184","68579.81","0.66"
"TPS73701DRBR-B","4410","206529","68579.81","3.01"
"TPS74701DRCR-B","1450","13711","202025.62","0.07"
"TPS74701DRCR-B","2000","20786","202025.62","0.1"
"TPS74701DRCR-B","4410","169620","202025.62","0.84"
"UCC27526DSDR-R","1410","13744","94171.79","0.15"
"V2603V1RUNR-G2","695","63659","197858.21","0.32"
"V62090RGTR1-G2","1400","13819","110473.34","0.13"
"V62090RGTR1-G2","1410","13773","110473.34","0.12"
"V62090RGTR1-G2","1420","27948","110473.34","0.25"
"V62090RGTR1-G2","1450","13811","110473.34","0.13"
"V62090RGTR1-G2","1460","13817","110473.34","0.13"
"V62090RGTR1-G2","2100","36626","110473.34","0.33"
"V62090RGTR1-G2","4410","266046","110473.34","2.41"
"V62130ARGTR-LY","4410","23408","103427.46","0.23"
"V62150ARGTR-LY","2100","16911","102084.92","0.17"
"V62150ARGTR-LY","4410","18768","102084.92","0.18"
