Machine_Instance_ID,Machine_Family_ID,Machine_Instance_Name,Lot_ID,Lot_Name,Quantity,Lot_Weight,Device ID,Device_Name,Route_ID,Tooling_Family_ID,Tooling_Family_Name,Certification,Value
3,2,CLFTEA11,235,5955578,12377,1684,82,PS62134DRGTR-L,810,403,6575577B,1,1
3,2,CLFTEA11,324,5961942,6896,1495,82,PS62134DRGTR-L,810,403,6575577B,1,1
3,2,CLFTEA11,378,5964269,13799,1438,82,PS62134DRGTR-L,810,403,6575577B,1,1
3,2,CLFTEA11,380,5964268,13805,1438,82,PS62134DRGTR-L,810,403,6575577B,1,1
3,2,CLFTEA11,381,5964271,6867,1438,82,PS62134DRGTR-L,810,403,6575577B,1,1
3,2,CLFTEA11,385,5964270,10088,1438,82,PS62134DRGTR-L,810,403,6575577B,1,1
3,2,CLFTEA11,379,5964273,13800,1438,113,S62134ARGTR1-L,1206,403,6575577B,1,1
3,2,CLFTEA11,384,5964274,13436,1438,113,S62134ARGTR1-L,1206,403,6575577B,1,1
3,2,CLFTEA11,386,5964275,7282,1438,113,S62134ARGTR1-L,1206,403,6575577B,1,1
3,2,CLFTEA11,391,5964952,13739,1410,114,S62134CRGTR1-L,1210,403,6575577B,1,1
3,2,CLFTEA11,392,5964960,10930,1410,114,S62134CRGTR1-L,1210,403,6575577B,1,1
3,2,CLFTEA11,394,5964950,13787,1410,114,S62134CRGTR1-L,1210,403,6575577B,1,1
3,2,CLFTEA11,395,5964959,13796,1410,114,S62134CRGTR1-L,1210,403,6575577B,1,1
3,2,CLFTEA11,396,5964954,13794,1410,114,S62134CRGTR1-L,1210,403,6575577B,1,1
3,2,CLFTEA11,397,5964956,13789,1410,114,S62134CRGTR1-L,1210,403,6575577B,1,1
3,2,CLFTEA11,398,5964957,9981,1410,114,S62134CRGTR1-L,1210,403,6575577B,1,1
3,2,CLFTEA11,401,5964953,13790,1410,114,S62134CRGTR1-L,1210,403,6575577B,1,1
3,2,CLFTEA11,402,5964951,13778,1410,114,S62134CRGTR1-L,1210,403,6575577B,1,1
3,2,CLFTEA11,1367,5983284,7802,872,114,S62134CRGTR1-L,1210,403,6575577B,1,1
4,2,CLFTEA12,11,5785851,15108,7058,7,4622RHLR1-LQR#,204,56,6487925B,1,1
4,2,CLFTEA12,1531,5985611,15087,807,209,N1107017RHLR-L,600,56,6487925B,1,1
4,2,CLFTEA12,1541,5985613,15100,807,209,N1107017RHLR-L,600,56,6487925B,1,1
4,2,CLFTEA12,1505,5984726,15032,830,206,PS54320RHLR-G2,740,56,6487925B,1,1
4,2,CLFTEA12,377,5964245,15098,1438,112,PS54821RHLR2-R,767,56,6487925B,1,1
4,2,CLFTEA12,387,5964246,15039,1438,112,PS54821RHLR2-R,767,56,6487925B,1,1
4,2,CLFTEA12,388,5964250,15114,1438,112,PS54821RHLR2-R,767,56,6487925B,1,1
4,2,CLFTEA12,389,5964247,15100,1438,112,PS54821RHLR2-R,767,56,6487925B,1,1
4,2,CLFTEA12,558,5968642,15087,1306,112,PS54821RHLR2-R,767,56,6487925B,1,1
4,2,CLFTEA12,1660,5989369,10195,707,112,PS54821RHLR2-R,767,56,6487925B,1,1
4,2,CLFTEA12,354,5964067,7543,1439,108,S54620RGYR1-G2,1140,56,6487925B,1,1
4,2,CLFTEA12,472,5967123,7535,1343,108,S54620RGYR1-G2,1140,56,6487925B,1,1
4,2,CLFTEA12,1215,5981022,15109,936,185,TPS54622RHLR-L,1379,56,6487925B,1,1
5,3,CLFTEA13,2,5491458,11443,15848,2,4519RTER1-RQR&,185,199,6522803A,1,1
5,3,CLFTEA13,3,5491459,8685,15848,2,4519RTER1-RQR&,185,199,6522803A,1,1
5,3,CLFTEA13,279,5958092,13815,1608,96,TPS54519RTER-R,1365,199,6522803A,1,1
5,3,CLFTEA13,280,5958090,13794,1608,96,TPS54519RTER-R,1365,199,6522803A,1,1
5,3,CLFTEA13,1154,5978782,13645,1006,96,TPS54519RTER-R,1365,199,6522803A,1,1
5,3,CLFTEA13,1155,5978783,13778,1006,96,TPS54519RTER-R,1365,199,6522803A,1,1
6,4,CLFTEA14,315,5963741,7525,1510,101,S51362RVER-LNY,1043,297,6545456B,1,1
6,4,CLFTEA14,628,5973025,7852,1244,46,S51363RVER-LNY,1047,297,6545456B,1,1
6,4,CLFTEA14,873,5976351,7873,1142,46,S51363RVER-LNY,1047,297,6545456B,1,1
6,4,CLFTEA14,600,5971559,6950,1277,133,S51367RVER-LNY,1051,297,6545456B,1,1
6,4,CLFTEA14,735,5974929,7436,1176,133,S51367RVER-LNY,1051,297,6545456B,1,1
6,4,CLFTEA14,736,5974931,7874,1176,133,S51367RVER-LNY,1051,297,6545456B,1,1
6,4,CLFTEA14,738,5974938,7825,1176,133,S51367RVER-LNY,1051,297,6545456B,1,1
6,4,CLFTEA14,739,5989225,7801,1176,133,S51367RVER-LNY,1051,297,6545456B,1,1
6,4,CLFTEA14,740,5974933,7709,1176,133,S51367RVER-LNY,1051,297,6545456B,1,1
6,4,CLFTEA14,741,5974937,7836,1176,133,S51367RVER-LNY,1051,297,6545456B,1,1
6,4,CLFTEA14,742,5974930,7742,1176,133,S51367RVER-LNY,1051,297,6545456B,1,1
6,4,CLFTEA14,743,5974934,7598,1176,133,S51367RVER-LNY,1051,297,6545456B,1,1
6,4,CLFTEA14,972,5978475,7790,1076,133,S51367RVER-LNY,1051,297,6545456B,1,1
6,4,CLFTEA14,973,5978466,7417,1076,133,S51367RVER-LNY,1051,297,6545456B,1,1
6,4,CLFTEA14,974,5978468,7832,1076,133,S51367RVER-LNY,1051,297,6545456B,1,1
6,4,CLFTEA14,975,5978470,7788,1076,133,S51367RVER-LNY,1051,297,6545456B,1,1
6,4,CLFTEA14,976,5978476,7651,1076,133,S51367RVER-LNY,1051,297,6545456B,1,1
6,4,CLFTEA14,977,5978472,7562,1076,133,S51367RVER-LNY,1051,297,6545456B,1,1
6,4,CLFTEA14,978,5978471,7826,1076,133,S51367RVER-LNY,1051,297,6545456B,1,1
6,4,CLFTEA14,1149,5980681,7854,1011,184,S51367RVERP-LN,1055,297,6545456B,1,1
9,7,CLFTEA17,744,5972675,16827,1174,148,PS63000DRCR-LY,876,11,6469014A,1,1
9,7,CLFTEA17,746,5972677,8405,1174,148,PS63000DRCR-LY,876,11,6469014A,1,1
9,7,CLFTEA17,748,5972674,16741,1174,148,PS63000DRCR-LY,876,11,6469014A,1,1
9,7,CLFTEA17,983,5976125,8405,1073,148,PS63000DRCR-LY,876,11,6469014A,1,1
9,7,CLFTEA17,984,5976122,16913,1073,148,PS63000DRCR-LY,876,11,6469014A,1,1
9,7,CLFTEA17,986,5976128,8461,1073,148,PS63000DRCR-LY,876,11,6469014A,1,1
9,7,CLFTEA17,987,5976123,16817,1073,148,PS63000DRCR-LY,876,11,6469014A,1,1
9,7,CLFTEA17,989,5976127,16577,1073,148,PS63000DRCR-LY,876,11,6469014A,1,1
9,7,CLFTEA17,993,5976124,10962,1073,148,PS63000DRCR-LY,876,11,6469014A,1,1
9,7,CLFTEA17,995,5976121,16917,1073,148,PS63000DRCR-LY,876,11,6469014A,1,1
9,7,CLFTEA17,996,5976126,16652,1073,148,PS63000DRCR-LY,876,11,6469014A,1,1
9,7,CLFTEA17,1386,5983801,16801,861,148,PS63000DRCR-LY,876,11,6469014A,1,1
9,7,CLFTEA17,1389,5983803,16836,861,148,PS63000DRCR-LY,876,11,6469014A,1,1
10,2,CLFTEA18,790,5981589,6853,1155,153,53819ARGTR1-LK,244,273,6542741A,1,1
10,2,CLFTEA18,1004,5983466,11495,1062,153,53819ARGTR1-LK,244,273,6542741A,1,1
10,2,CLFTEA18,1077,5984531,13816,1029,153,53819ARGTR1-LK,244,273,6542741A,1,1
10,2,CLFTEA18,1078,5984529,13815,1029,153,53819ARGTR1-LK,244,273,6542741A,1,1
10,2,CLFTEA18,1079,5984527,13809,1029,153,53819ARGTR1-LK,244,273,6542741A,1,1
10,2,CLFTEA18,1080,5984533,13807,1029,153,53819ARGTR1-LK,244,273,6542741A,1,1
10,2,CLFTEA18,1081,5984530,13817,1029,153,53819ARGTR1-LK,244,273,6542741A,1,1
10,2,CLFTEA18,1082,5984528,13820,1029,153,53819ARGTR1-LK,244,273,6542741A,1,1
10,2,CLFTEA18,1083,5984535,6911,1029,153,53819ARGTR1-LK,244,273,6542741A,1,1
10,2,CLFTEA18,1084,5984532,13817,1029,153,53819ARGTR1-LK,244,273,6542741A,1,1
10,2,CLFTEA18,1348,5989687,13818,896,153,53819ARGTR1-LK,244,273,6542741A,1,1
10,2,CLFTEA18,1349,5989683,13814,896,153,53819ARGTR1-LK,244,273,6542741A,1,1
10,2,CLFTEA18,1350,5989685,13819,896,153,53819ARGTR1-LK,244,273,6542741A,1,1
10,2,CLFTEA18,1351,5989689,7190,896,153,53819ARGTR1-LK,244,273,6542741A,1,1
10,2,CLFTEA18,1352,5989682,13816,896,153,53819ARGTR1-LK,244,273,6542741A,1,1
10,2,CLFTEA18,1353,5989688,13749,896,153,53819ARGTR1-LK,244,273,6542741A,1,1
10,2,CLFTEA18,1354,5989686,13815,896,153,53819ARGTR1-LK,244,273,6542741A,1,1
10,2,CLFTEA18,1355,5989684,13812,896,153,53819ARGTR1-LK,244,273,6542741A,1,1
10,2,CLFTEA18,1378,5990384,13805,868,153,53819ARGTR1-LK,244,273,6542741A,1,1
10,2,CLFTEA18,1379,5990389,7138,868,153,53819ARGTR1-LK,244,273,6542741A,1,1
10,2,CLFTEA18,1381,5990388,13741,868,153,53819ARGTR1-LK,244,273,6542741A,1,1
10,2,CLFTEA18,1385,5990383,13814,868,153,53819ARGTR1-LK,244,273,6542741A,1,1
10,2,CLFTEA18,1692,5997526,6888,667,153,53819ARGTR1-LK,244,273,6542741A,1,1
10,2,CLFTEA18,1694,5997525,9365,667,153,53819ARGTR1-LK,244,273,6542741A,1,1
10,2,CLFTEA18,186,5957068,11382,1906,70,PS53819RGTR-RK,730,273,6542741A,1,1
11,2,CLFTEA19,50,5925308,13461,2563,34,53219ARGTR-G2K,236,172,6518552B,1,1
11,2,CLFTEA19,291,5960389,13661,1540,34,53219ARGTR-G2K,236,172,6518552B,1,1
11,2,CLFTEA19,292,5960398,13799,1540,34,53219ARGTR-G2K,236,172,6518552B,1,1
11,2,CLFTEA19,293,5960399,7734,1540,34,53219ARGTR-G2K,236,172,6518552B,1,1
11,2,CLFTEA19,294,5960388,13739,1540,34,53219ARGTR-G2K,236,172,6518552B,1,1
11,2,CLFTEA19,295,5960397,13797,1540,34,53219ARGTR-G2K,236,172,6518552B,1,1
11,2,CLFTEA19,296,5960390,13821,1540,34,53219ARGTR-G2K,236,172,6518552B,1,1
11,2,CLFTEA19,297,5960392,13807,1540,34,53219ARGTR-G2K,236,172,6518552B,1,1
11,2,CLFTEA19,298,5960393,13800,1540,34,53219ARGTR-G2K,236,172,6518552B,1,1
11,2,CLFTEA19,299,5960395,13798,1540,34,53219ARGTR-G2K,236,172,6518552B,1,1
11,2,CLFTEA19,300,5960394,13775,1540,34,53219ARGTR-G2K,236,172,6518552B,1,1
11,2,CLFTEA19,301,5960391,13790,1540,34,53219ARGTR-G2K,236,172,6518552B,1,1
11,2,CLFTEA19,302,5960396,13730,1540,34,53219ARGTR-G2K,236,172,6518552B,1,1
11,2,CLFTEA19,882,5988127,13791,1140,34,53219ARGTR-G2K,236,172,6518552B,1,1
11,2,CLFTEA19,1471,5984773,13813,830,34,53219ARGTR-G2K,236,172,6518552B,1,1
11,2,CLFTEA19,1479,5984771,13784,830,34,53219ARGTR-G2K,236,172,6518552B,1,1
11,2,CLFTEA19,1482,5984775,12583,830,34,53219ARGTR-G2K,236,172,6518552B,1,1
11,2,CLFTEA19,1488,5984772,13765,830,34,53219ARGTR-G2K,236,172,6518552B,1,1
12,3,CLFTEA2,425,5964975,13817,1402,118,TPS73701DRBR-B,1403,58,6489159B,1,1
12,3,CLFTEA2,427,5964976,13796,1402,118,TPS73701DRBR-B,1403,58,6489159B,1,1
12,3,CLFTEA2,428,5964978,13815,1402,118,TPS73701DRBR-B,1403,58,6489159B,1,1
12,3,CLFTEA2,429,5964979,13610,1402,118,TPS73701DRBR-B,1403,58,6489159B,1,1
12,3,CLFTEA2,430,5964977,13764,1402,118,TPS73701DRBR-B,1403,58,6489159B,1,1
12,3,CLFTEA2,431,5964974,13819,1402,118,TPS73701DRBR-B,1403,58,6489159B,1,1
12,3,CLFTEA2,1370,5983454,13441,869,118,TPS73701DRBR-B,1403,58,6489159B,1,1
12,3,CLFTEA2,1371,5983451,13762,869,118,TPS73701DRBR-B,1403,58,6489159B,1,1
12,3,CLFTEA2,1372,5983452,13802,869,118,TPS73701DRBR-B,1403,58,6489159B,1,1
12,3,CLFTEA2,1373,5983450,13772,869,118,TPS73701DRBR-B,1403,58,6489159B,1,1
12,3,CLFTEA2,1374,5983455,13814,869,118,TPS73701DRBR-B,1403,58,6489159B,1,1
12,3,CLFTEA2,1375,5983456,13440,869,118,TPS73701DRBR-B,1403,58,6489159B,1,1
12,3,CLFTEA2,1376,5983457,6906,869,118,TPS73701DRBR-B,1403,58,6489159B,1,1
12,3,CLFTEA2,1377,5983453,13784,869,118,TPS73701DRBR-B,1403,58,6489159B,1,1
12,3,CLFTEA2,1516,5985647,9177,808,118,TPS73701DRBR-B,1403,58,6489159B,1,1
15,7,CLFTEA22,97,5930223,4985,2420,41,A2012D2RTJR-RK,355,4,6461377C,1,1
15,7,CLFTEA22,98,5930222,5350,2420,41,A2012D2RTJR-RK,355,4,6461377C,1,1
15,7,CLFTEA22,450,5966465,10072,1366,41,A2012D2RTJR-RK,355,4,6461377C,1,1
15,7,CLFTEA22,451,5966467,10050,1366,41,A2012D2RTJR-RK,355,4,6461377C,1,1
15,7,CLFTEA22,452,5966468,5594,1366,41,A2012D2RTJR-RK,355,4,6461377C,1,1
16,2,CLFTEA23,652,5970710,13752,1238,140,A8001DRBR2-G2K,403,133,6512302B,1,1
16,2,CLFTEA23,806,5973995,13813,1146,140,A8001DRBR2-G2K,403,133,6512302B,1,1
16,2,CLFTEA23,849,5973998,12481,1146,140,A8001DRBR2-G2K,403,133,6512302B,1,1
16,2,CLFTEA23,852,5973999,13802,1146,140,A8001DRBR2-G2K,403,133,6512302B,1,1
16,2,CLFTEA23,1285,5981557,13807,921,140,A8001DRBR2-G2K,403,133,6512302B,1,1
16,2,CLFTEA23,1294,5981554,13770,921,140,A8001DRBR2-G2K,403,133,6512302B,1,1
16,2,CLFTEA23,1295,5981555,13801,921,140,A8001DRBR2-G2K,403,133,6512302B,1,1
16,2,CLFTEA23,1296,5981559,13613,921,140,A8001DRBR2-G2K,403,133,6512302B,1,1
16,2,CLFTEA23,1469,5984784,12648,830,140,A8001DRBR2-G2K,403,133,6512302B,1,1
16,2,CLFTEA23,1483,5984781,13810,830,140,A8001DRBR2-G2K,403,133,6512302B,1,1
16,2,CLFTEA23,1486,5984777,13803,830,140,A8001DRBR2-G2K,403,133,6512302B,1,1
16,2,CLFTEA23,730,5972954,9748,1178,147,S7A8101DRBR-G2,1258,133,6512302B,1,1
17,2,CLFTEA24,1019,5977501,6902,1040,168,259230DRCR-G2K,103,311,6547181A,1,1
17,2,CLFTEA24,1026,5977504,6903,1040,166,259231DRCR-G2K,107,311,6547181A,1,1
17,2,CLFTEA24,1018,5977508,6877,1040,167,259240DRCR-G2K,111,311,6547181A,1,1
17,2,CLFTEA24,1036,5977507,11764,1040,167,259240DRCR-G2K,111,311,6547181A,1,1
17,2,CLFTEA24,1024,5977538,11774,1040,171,259251DRCR-G2K,123,311,6547181A,1,1
17,2,CLFTEA24,1025,5977545,6887,1040,172,259260DRCR-G2K,131,311,6547181A,1,1
17,2,CLFTEA24,1023,5977548,6902,1040,170,259261DRCR-G2K,135,311,6547181A,1,1
17,2,CLFTEA24,304,5960381,13452,1540,100,2592BLDRCR-G2K,143,311,6547181A,1,1
17,2,CLFTEA24,12,5988755,77,6289,8,2592ZADRCR-G2K,147,311,6547181A,1,1
17,2,CLFTEA24,269,5956847,13778,1647,91,592ALDRCR1-G2K,273,311,6547181A,1,1
17,2,CLFTEA24,528,5967541,13802,1335,91,592ALDRCR1-G2K,273,311,6547181A,1,1
17,2,CLFTEA24,529,5967540,13762,1335,91,592ALDRCR1-G2K,273,311,6547181A,1,1
17,2,CLFTEA24,530,5967542,13786,1335,91,592ALDRCR1-G2K,273,311,6547181A,1,1
17,2,CLFTEA24,531,5967548,11487,1335,91,592ALDRCR1-G2K,273,311,6547181A,1,1
17,2,CLFTEA24,533,5967545,13786,1335,91,592ALDRCR1-G2K,273,311,6547181A,1,1
17,2,CLFTEA24,535,5967547,13784,1335,91,592ALDRCR1-G2K,273,311,6547181A,1,1
18,2,CLFTEA25,810,5974073,10071,1146,156,24780SRUYR-G2K,99,385,6571495A,1,1
18,2,CLFTEA25,811,5974066,10061,1146,156,24780SRUYR-G2K,99,385,6571495A,1,1
18,2,CLFTEA25,812,5974072,10037,1146,156,24780SRUYR-G2K,99,385,6571495A,1,1
18,2,CLFTEA25,839,5974065,10069,1146,156,24780SRUYR-G2K,99,385,6571495A,1,1
18,2,CLFTEA25,860,5974070,10069,1146,156,24780SRUYR-G2K,99,385,6571495A,1,1
18,2,CLFTEA25,1204,5980161,10061,960,156,24780SRUYR-G2K,99,385,6571495A,1,1
18,2,CLFTEA25,1239,5981410,10058,926,156,24780SRUYR-G2K,99,385,6571495A,1,1
18,2,CLFTEA25,1250,5981409,10058,926,156,24780SRUYR-G2K,99,385,6571495A,1,1
18,2,CLFTEA25,358,5964087,10073,1439,109,SN2850RUYR-G2K,1269,385,6571495A,1,1
18,2,CLFTEA25,360,5964085,8004,1439,109,SN2850RUYR-G2K,1269,385,6571495A,1,1
18,2,CLFTEA25,361,5964083,10062,1439,109,SN2850RUYR-G2K,1269,385,6571495A,1,1
18,2,CLFTEA25,370,5964084,10044,1439,109,SN2850RUYR-G2K,1269,385,6571495A,1,1
18,2,CLFTEA25,477,5967155,9989,1343,109,SN2850RUYR-G2K,1269,385,6571495A,1,1
18,2,CLFTEA25,640,5970650,9980,1238,109,SN2850RUYR-G2K,1269,385,6571495A,1,1
18,2,CLFTEA25,641,5970654,10053,1238,109,SN2850RUYR-G2K,1269,385,6571495A,1,1
18,2,CLFTEA25,660,5970657,9981,1238,109,SN2850RUYR-G2K,1269,385,6571495A,1,1
18,2,CLFTEA25,662,5970656,10071,1238,109,SN2850RUYR-G2K,1269,385,6571495A,1,1
18,2,CLFTEA25,665,5970646,10043,1238,109,SN2850RUYR-G2K,1269,385,6571495A,1,1
19,2,CLFTEA26,537,5969321,4234,1324,127,D97374Q4M-LNKE,527,420,6578688B,1,1
19,2,CLFTEA26,888,5976287,7729,1125,127,D97374Q4M-LNKE,527,420,6578688B,1,1
19,2,CLFTEA26,889,5976291,7728,1125,127,D97374Q4M-LNKE,527,420,6578688B,1,1
19,2,CLFTEA26,890,5993121,7791,1125,127,D97374Q4M-LNKE,527,420,6578688B,1,1
19,2,CLFTEA26,891,5976267,3861,1125,127,D97374Q4M-LNKE,527,420,6578688B,1,1
19,2,CLFTEA26,892,5993120,5998,1125,127,D97374Q4M-LNKE,527,420,6578688B,1,1
19,2,CLFTEA26,893,5976270,7771,1125,127,D97374Q4M-LNKE,527,420,6578688B,1,1
19,2,CLFTEA26,894,5976278,7789,1125,127,D97374Q4M-LNKE,527,420,6578688B,1,1
19,2,CLFTEA26,895,5976290,7839,1125,127,D97374Q4M-LNKE,527,420,6578688B,1,1
19,2,CLFTEA26,896,5976277,7703,1125,127,D97374Q4M-LNKE,527,420,6578688B,1,1
19,2,CLFTEA26,897,5976283,7684,1125,127,D97374Q4M-LNKE,527,420,6578688B,1,1
19,2,CLFTEA26,898,5976281,7666,1125,127,D97374Q4M-LNKE,527,420,6578688B,1,1
19,2,CLFTEA26,899,5976284,7802,1125,127,D97374Q4M-LNKE,527,420,6578688B,1,1
19,2,CLFTEA26,900,5976286,7709,1125,127,D97374Q4M-LNKE,527,420,6578688B,1,1
19,2,CLFTEA26,901,5976288,7780,1125,127,D97374Q4M-LNKE,527,420,6578688B,1,1
19,2,CLFTEA26,902,5976285,7733,1125,127,D97374Q4M-LNKE,527,420,6578688B,1,1
19,2,CLFTEA26,903,5976289,7735,1125,127,D97374Q4M-LNKE,527,420,6578688B,1,1
19,2,CLFTEA26,1133,5979659,7668,1024,127,D97374Q4M-LNKE,527,420,6578688B,1,1
19,2,CLFTEA26,1134,5979653,7773,1024,127,D97374Q4M-LNKE,527,420,6578688B,1,1
19,2,CLFTEA26,1135,5979641,7819,1024,127,D97374Q4M-LNKE,527,420,6578688B,1,1
19,2,CLFTEA26,1136,5979656,7754,1024,127,D97374Q4M-LNKE,527,420,6578688B,1,1
19,2,CLFTEA26,1137,5979638,7108,1024,127,D97374Q4M-LNKE,527,420,6578688B,1,1
19,2,CLFTEA26,1138,5979663,7752,1024,127,D97374Q4M-LNKE,527,420,6578688B,1,1
19,2,CLFTEA26,1139,5979661,7831,1024,127,D97374Q4M-LNKE,527,420,6578688B,1,1
19,2,CLFTEA26,1140,5979643,7795,1024,127,D97374Q4M-LNKE,527,420,6578688B,1,1
19,2,CLFTEA26,1141,5979652,7704,1024,127,D97374Q4M-LNKE,527,420,6578688B,1,1
19,2,CLFTEA26,1142,5979658,7835,1024,127,D97374Q4M-LNKE,527,420,6578688B,1,1
19,2,CLFTEA26,1143,5979662,7853,1024,127,D97374Q4M-LNKE,527,420,6578688B,1,1
19,2,CLFTEA26,1144,5979654,7719,1024,127,D97374Q4M-LNKE,527,420,6578688B,1,1
19,2,CLFTEA26,1302,5983557,7777,912,127,D97374Q4M-LNKE,527,420,6578688B,1,1
19,2,CLFTEA26,1509,5986656,7761,817,127,D97374Q4M-LNKE,527,420,6578688B,1,1
20,2,CLFTEA27,698,5971839,5125,1202,143,N0706026RHHR-B,587,32,6479550B,1,1
20,2,CLFTEA27,699,5971828,5180,1202,143,N0706026RHHR-B,587,32,6479550B,1,1
20,2,CLFTEA27,700,5971827,5155,1202,143,N0706026RHHR-B,587,32,6479550B,1,1
20,2,CLFTEA27,701,5971837,5085,1202,143,N0706026RHHR-B,587,32,6479550B,1,1
20,2,CLFTEA27,702,5971838,5165,1202,143,N0706026RHHR-B,587,32,6479550B,1,1
20,2,CLFTEA27,703,5971829,4144,1202,143,N0706026RHHR-B,587,32,6479550B,1,1
20,2,CLFTEA27,704,5971841,5178,1202,143,N0706026RHHR-B,587,32,6479550B,1,1
20,2,CLFTEA27,705,5971842,3800,1202,143,N0706026RHHR-B,587,32,6479550B,1,1
20,2,CLFTEA27,706,5971831,5147,1202,143,N0706026RHHR-B,587,32,6479550B,1,1
20,2,CLFTEA27,707,5971826,5150,1202,143,N0706026RHHR-B,587,32,6479550B,1,1
20,2,CLFTEA27,709,5971825,5134,1202,143,N0706026RHHR-B,587,32,6479550B,1,1
20,2,CLFTEA27,710,5971834,5156,1202,143,N0706026RHHR-B,587,32,6479550B,1,1
20,2,CLFTEA27,711,5971835,5142,1202,143,N0706026RHHR-B,587,32,6479550B,1,1
20,2,CLFTEA27,713,5971832,5179,1202,143,N0706026RHHR-B,587,32,6479550B,1,1
20,2,CLFTEA27,714,5971836,5140,1202,143,N0706026RHHR-B,587,32,6479550B,1,1
20,2,CLFTEA27,715,5971833,5182,1202,143,N0706026RHHR-B,587,32,6479550B,1,1
20,2,CLFTEA27,941,5975043,5180,1102,143,N0706026RHHR-B,587,32,6479550B,1,1
20,2,CLFTEA27,947,5975037,3162,1102,143,N0706026RHHR-B,587,32,6479550B,1,1
22,2,CLFTEA29,758,5972978,10044,1170,150,N0608010RGER-B,578,49,6484809C,1,1
22,2,CLFTEA29,759,5972988,5033,1170,150,N0608010RGER-B,578,49,6484809C,1,1
22,2,CLFTEA29,760,5972986,10034,1170,150,N0608010RGER-B,578,49,6484809C,1,1
22,2,CLFTEA29,761,5972983,9961,1170,150,N0608010RGER-B,578,49,6484809C,1,1
22,2,CLFTEA29,762,5972980,10066,1170,150,N0608010RGER-B,578,49,6484809C,1,1
22,2,CLFTEA29,763,5972985,10031,1170,150,N0608010RGER-B,578,49,6484809C,1,1
22,2,CLFTEA29,764,5972979,9981,1170,150,N0608010RGER-B,578,49,6484809C,1,1
22,2,CLFTEA29,765,5972987,8932,1170,150,N0608010RGER-B,578,49,6484809C,1,1
22,2,CLFTEA29,766,5972982,10040,1170,150,N0608010RGER-B,578,49,6484809C,1,1
22,2,CLFTEA29,767,5972984,10059,1170,150,N0608010RGER-B,578,49,6484809C,1,1
22,2,CLFTEA29,769,5972981,10059,1170,150,N0608010RGER-B,578,49,6484809C,1,1
23,7,CLFTEA3,375,5963987,6895,1439,111,PS54678RTER-G2,758,256,6529253A,1,1
23,7,CLFTEA3,495,5967266,13800,1342,111,PS54678RTER-G2,758,256,6529253A,1,1
23,7,CLFTEA3,496,5967268,10278,1342,111,PS54678RTER-G2,758,256,6529253A,1,1
23,7,CLFTEA3,497,5967269,6893,1342,111,PS54678RTER-G2,758,256,6529253A,1,1
23,7,CLFTEA3,516,5967263,13770,1342,111,PS54678RTER-G2,758,256,6529253A,1,1
23,7,CLFTEA3,518,5967267,13809,1342,111,PS54678RTER-G2,758,256,6529253A,1,1
23,7,CLFTEA3,667,5970747,13732,1237,111,PS54678RTER-G2,758,256,6529253A,1,1
23,7,CLFTEA3,668,5970759,13778,1237,111,PS54678RTER-G2,758,256,6529253A,1,1
23,7,CLFTEA3,669,5970757,13805,1237,111,PS54678RTER-G2,758,256,6529253A,1,1
23,7,CLFTEA3,670,5970758,13804,1237,111,PS54678RTER-G2,758,256,6529253A,1,1
23,7,CLFTEA3,671,5970761,13789,1237,111,PS54678RTER-G2,758,256,6529253A,1,1
23,7,CLFTEA3,674,5970763,13810,1237,111,PS54678RTER-G2,758,256,6529253A,1,1
24,2,CLFTEA30,4,5729950,14162,8836,3,G62130ARGTRS-L,554,143,6513992B,1,1
24,2,CLFTEA30,5,5734270,11305,8701,3,G62130ARGTRS-L,554,143,6513992B,1,1
24,2,CLFTEA30,7,5753070,14591,8084,3,G62130ARGTRS-L,554,143,6513992B,1,1
25,2,CLFTEA31,154,5944195,6863,2016,62,PS51518RUKR-LK,699,231,6526517A,1,1
25,2,CLFTEA31,155,5944194,10606,2016,62,PS51518RUKR-LK,699,231,6526517A,1,1
25,2,CLFTEA31,201,5952248,13767,1776,62,PS51518RUKR-LK,699,231,6526517A,1,1
25,2,CLFTEA31,202,5952246,13810,1776,62,PS51518RUKR-LK,699,231,6526517A,1,1
25,2,CLFTEA31,203,5952247,13812,1776,62,PS51518RUKR-LK,699,231,6526517A,1,1
25,2,CLFTEA31,204,5952249,13807,1776,62,PS51518RUKR-LK,699,231,6526517A,1,1
25,2,CLFTEA31,206,5952245,13810,1776,62,PS51518RUKR-LK,699,231,6526517A,1,1
25,2,CLFTEA31,207,5952250,10873,1776,62,PS51518RUKR-LK,699,231,6526517A,1,1
25,2,CLFTEA31,208,5952251,6895,1776,62,PS51518RUKR-LK,699,231,6526517A,1,1
26,8,CLFTEA32,36,5917909,7789,2825,28,97376Q4M2-LQN&,350,283,6544140B,1,1
26,8,CLFTEA32,38,5917907,7052,2825,28,97376Q4M2-LQN&,350,283,6544140B,1,1
26,8,CLFTEA32,40,5917908,7722,2825,28,97376Q4M2-LQN&,350,283,6544140B,1,1
26,8,CLFTEA32,37,5917918,7006,2825,29,D95375Q4M-LQN&,525,283,6544140B,1,1
26,8,CLFTEA32,39,5917917,7734,2825,29,D95375Q4M-LQN&,525,283,6544140B,1,1
26,8,CLFTEA32,41,5917919,7264,2825,29,D95375Q4M-LQN&,525,283,6544140B,1,1
26,8,CLFTEA32,173,5947532,7524,1970,69,D97395Q4M-LNKE,533,283,6544140B,1,1
26,8,CLFTEA32,174,5963541,3744,1970,69,D97395Q4M-LNKE,533,283,6544140B,1,1
26,8,CLFTEA32,187,5950432,7801,1869,69,D97395Q4M-LNKE,533,283,6544140B,1,1
26,8,CLFTEA32,188,5950427,7572,1869,69,D97395Q4M-LNKE,533,283,6544140B,1,1
26,8,CLFTEA32,189,5967692,4574,1869,69,D97395Q4M-LNKE,533,283,6544140B,1,1
26,8,CLFTEA32,190,5950423,7822,1869,69,D97395Q4M-LNKE,533,283,6544140B,1,1
26,8,CLFTEA32,191,5950430,7615,1869,69,D97395Q4M-LNKE,533,283,6544140B,1,1
26,8,CLFTEA32,192,5950428,7820,1869,69,D97395Q4M-LNKE,533,283,6544140B,1,1
26,8,CLFTEA32,193,5950422,7804,1869,69,D97395Q4M-LNKE,533,283,6544140B,1,1
26,8,CLFTEA32,194,5950421,6454,1869,69,D97395Q4M-LNKE,533,283,6544140B,1,1
26,8,CLFTEA32,195,5950426,7804,1869,69,D97395Q4M-LNKE,533,283,6544140B,1,1
26,8,CLFTEA32,196,5950425,7747,1869,69,D97395Q4M-LNKE,533,283,6544140B,1,1
26,8,CLFTEA32,197,5950431,7861,1869,69,D97395Q4M-LNKE,533,283,6544140B,1,1
26,8,CLFTEA32,198,5950424,7692,1869,69,D97395Q4M-LNKE,533,283,6544140B,1,1
27,2,CLFTEA33,619,5970099,16714,1249,137,PS53312RGTR-LY,708,160,6516394A,1,1
27,2,CLFTEA33,620,5970103,12397,1249,137,PS53312RGTR-LY,708,160,6516394A,1,1
27,2,CLFTEA33,215,5954584,12595,1727,75,PS54326RGTR-LY,748,160,6516394A,1,1
27,2,CLFTEA33,694,5971902,16821,1205,75,PS54326RGTR-LY,748,160,6516394A,1,1
27,2,CLFTEA33,695,5971901,15987,1205,75,PS54326RGTR-LY,748,160,6516394A,1,1
27,2,CLFTEA33,696,5971903,16622,1205,75,PS54326RGTR-LY,748,160,6516394A,1,1
27,2,CLFTEA33,697,5971904,12571,1205,75,PS54326RGTR-LY,748,160,6516394A,1,1
27,2,CLFTEA33,788,5974041,13559,1159,152,S53302RGTR-G2Y,1070,160,6516394A,1,1
27,2,CLFTEA33,232,5956903,15193,1689,80,S53312RGTR-G2Y,1075,160,6516394A,1,1
27,2,CLFTEA33,233,5956901,16827,1689,80,S53312RGTR-G2Y,1075,160,6516394A,1,1
27,2,CLFTEA33,347,5963992,15149,1452,80,S53312RGTR-G2Y,1075,160,6516394A,1,1
27,2,CLFTEA33,348,5963990,16544,1452,80,S53312RGTR-G2Y,1075,160,6516394A,1,1
27,2,CLFTEA33,349,5972425,6908,1452,80,S53312RGTR-G2Y,1075,160,6516394A,1,1
27,2,CLFTEA33,350,5963991,6733,1452,80,S53312RGTR-G2Y,1075,160,6516394A,1,1
27,2,CLFTEA33,351,5963993,9743,1452,80,S53312RGTR-G2Y,1075,160,6516394A,1,1
27,2,CLFTEA33,1360,5983465,8388,878,199,S53511RGTR-G2Y,1086,160,6516394A,1,1
28,2,CLFTEA34,508,5967296,2186,1342,124,7A8300RGWR-G2K,333,342,6555551A,1,1
28,2,CLFTEA34,814,5974083,7883,1146,124,7A8300RGWR-G2K,333,342,6555551A,1,1
28,2,CLFTEA34,815,5974088,7910,1146,124,7A8300RGWR-G2K,333,342,6555551A,1,1
28,2,CLFTEA34,816,5974082,7896,1146,124,7A8300RGWR-G2K,333,342,6555551A,1,1
28,2,CLFTEA34,821,5974080,7913,1146,124,7A8300RGWR-G2K,333,342,6555551A,1,1
28,2,CLFTEA34,822,5974078,7901,1146,124,7A8300RGWR-G2K,333,342,6555551A,1,1
28,2,CLFTEA34,833,5974084,7866,1146,124,7A8300RGWR-G2K,333,342,6555551A,1,1
28,2,CLFTEA34,840,5974087,7900,1146,124,7A8300RGWR-G2K,333,342,6555551A,1,1
28,2,CLFTEA34,841,5974085,7908,1146,124,7A8300RGWR-G2K,333,342,6555551A,1,1
28,2,CLFTEA34,842,5974076,7887,1146,124,7A8300RGWR-G2K,333,342,6555551A,1,1
28,2,CLFTEA34,848,5974086,7902,1146,124,7A8300RGWR-G2K,333,342,6555551A,1,1
28,2,CLFTEA34,853,5974079,7900,1146,124,7A8300RGWR-G2K,333,342,6555551A,1,1
28,2,CLFTEA34,854,5974077,7898,1146,124,7A8300RGWR-G2K,333,342,6555551A,1,1
28,2,CLFTEA34,855,5974075,7887,1146,124,7A8300RGWR-G2K,333,342,6555551A,1,1
28,2,CLFTEA34,856,5974081,7901,1146,124,7A8300RGWR-G2K,333,342,6555551A,1,1
28,2,CLFTEA34,1053,5977746,7909,1033,124,7A8300RGWR-G2K,333,342,6555551A,1,1
28,2,CLFTEA34,1057,5977751,7905,1033,124,7A8300RGWR-G2K,333,342,6555551A,1,1
28,2,CLFTEA34,1058,5977749,7903,1033,124,7A8300RGWR-G2K,333,342,6555551A,1,1
28,2,CLFTEA34,1062,5977750,7908,1033,124,7A8300RGWR-G2K,333,342,6555551A,1,1
29,4,CLFTEA35,519,5975324,17279,1338,125,PS62742DSSR-LK,865,324,6552808A,1,1
29,4,CLFTEA35,520,5975328,8554,1338,125,PS62742DSSR-LK,865,324,6552808A,1,1
29,4,CLFTEA35,521,5975327,9934,1338,125,PS62742DSSR-LK,865,324,6552808A,1,1
29,4,CLFTEA35,524,5975323,17190,1338,125,PS62742DSSR-LK,865,324,6552808A,1,1
29,4,CLFTEA35,525,5975325,17196,1338,125,PS62742DSSR-LK,865,324,6552808A,1,1
29,4,CLFTEA35,526,5975321,17170,1338,125,PS62742DSSR-LK,865,324,6552808A,1,1
29,4,CLFTEA35,171,5954563,14617,1973,68,PS62745DSSR-LK,872,324,6552808A,1,1
29,4,CLFTEA35,172,5954564,14584,1973,68,PS62745DSSR-LK,872,324,6552808A,1,1
29,4,CLFTEA35,253,5964256,17209,1672,86,S62740DSSR1-LK,1232,324,6552808A,1,1
29,4,CLFTEA35,352,5971862,17124,1444,86,S62740DSSR1-LK,1232,324,6552808A,1,1
29,4,CLFTEA35,353,5971865,17276,1444,86,S62740DSSR1-LK,1232,324,6552808A,1,1
29,4,CLFTEA35,585,5977181,17279,1278,132,S627440DSSR-LK,1236,324,6552808A,1,1
29,4,CLFTEA35,586,5977186,8638,1278,132,S627440DSSR-LK,1236,324,6552808A,1,1
29,4,CLFTEA35,591,5977184,17272,1278,132,S627440DSSR-LK,1236,324,6552808A,1,1
29,4,CLFTEA35,592,5977183,17155,1278,132,S627440DSSR-LK,1236,324,6552808A,1,1
29,4,CLFTEA35,955,5982250,17265,1096,132,S627440DSSR-LK,1236,324,6552808A,1,1
29,4,CLFTEA35,956,5982253,17277,1096,132,S627440DSSR-LK,1236,324,6552808A,1,1
29,4,CLFTEA35,957,5982248,17273,1096,132,S627440DSSR-LK,1236,324,6552808A,1,1
29,4,CLFTEA35,958,5982249,17225,1096,132,S627440DSSR-LK,1236,324,6552808A,1,1
29,4,CLFTEA35,959,5982252,17275,1096,132,S627440DSSR-LK,1236,324,6552808A,1,1
29,4,CLFTEA35,960,5982255,8635,1096,132,S627440DSSR-LK,1236,324,6552808A,1,1
29,4,CLFTEA35,961,5982254,17257,1096,132,S627440DSSR-LK,1236,324,6552808A,1,1
29,4,CLFTEA35,962,5982251,17254,1096,132,S627440DSSR-LK,1236,324,6552808A,1,1
29,4,CLFTEA35,1162,5985786,8637,996,132,S627440DSSR-LK,1236,324,6552808A,1,1
30,2,CLFTEA36,1578,5987135,15081,765,211,24735RGRR1-G2K,91,137,6512615D,1,1
30,2,CLFTEA36,1584,5987136,15100,765,211,24735RGRR1-G2K,91,137,6512615D,1,1
30,2,CLFTEA36,1585,5987134,15098,765,211,24735RGRR1-G2K,91,137,6512615D,1,1
30,2,CLFTEA36,633,5970622,15087,1238,139,24737RGRR1-G2K,95,137,6512615D,1,1
30,2,CLFTEA36,642,5970609,15072,1238,139,24737RGRR1-G2K,95,137,6512615D,1,1
30,2,CLFTEA36,646,5970614,15107,1238,139,24737RGRR1-G2K,95,137,6512615D,1,1
30,2,CLFTEA36,648,5970619,14984,1238,139,24737RGRR1-G2K,95,137,6512615D,1,1
30,2,CLFTEA36,651,5970616,15080,1238,139,24737RGRR1-G2K,95,137,6512615D,1,1
30,2,CLFTEA36,658,5970621,15111,1238,139,24737RGRR1-G2K,95,137,6512615D,1,1
30,2,CLFTEA36,803,5973932,14809,1146,139,24737RGRR1-G2K,95,137,6512615D,1,1
30,2,CLFTEA36,805,5973926,14809,1146,139,24737RGRR1-G2K,95,137,6512615D,1,1
30,2,CLFTEA36,850,5973930,15073,1146,139,24737RGRR1-G2K,95,137,6512615D,1,1
30,2,CLFTEA36,857,5973924,15107,1146,139,24737RGRR1-G2K,95,137,6512615D,1,1
30,2,CLFTEA36,859,5973931,15074,1146,139,24737RGRR1-G2K,95,137,6512615D,1,1
30,2,CLFTEA36,1064,5977785,10513,1033,139,24737RGRR1-G2K,95,137,6512615D,1,1
30,2,CLFTEA36,1231,5981038,12986,927,192,Q24735RGRR1-LK,1008,137,6512615D,1,1
31,8,CLFTEA37,132,5938696,6269,2222,50,PS56121BDQPR-C,773,144,6514494A,1,1
31,8,CLFTEA37,134,5940562,5537,2159,52,PS56121DQPR2-C,777,144,6514494A,1,1
31,8,CLFTEA37,272,5959182,6956,1642,93,S56121ADQPR1-C,1149,144,6514494A,1,1
31,8,CLFTEA37,332,5965143,6316,1475,93,S56121ADQPR1-C,1149,144,6514494A,1,1
31,8,CLFTEA37,538,5983788,6984,1323,93,S56121ADQPR1-C,1149,144,6514494A,1,1
31,8,CLFTEA37,593,5988226,4041,1277,93,S56121ADQPR1-C,1149,144,6514494A,1,1
31,8,CLFTEA37,594,5971603,6836,1277,93,S56121ADQPR1-C,1149,144,6514494A,1,1
31,8,CLFTEA37,595,5971598,6850,1277,93,S56121ADQPR1-C,1149,144,6514494A,1,1
31,8,CLFTEA37,596,5971601,6803,1277,93,S56121ADQPR1-C,1149,144,6514494A,1,1
31,8,CLFTEA37,597,5971602,6896,1277,93,S56121ADQPR1-C,1149,144,6514494A,1,1
31,8,CLFTEA37,598,5971599,6353,1277,93,S56121ADQPR1-C,1149,144,6514494A,1,1
31,8,CLFTEA37,599,5971595,6847,1277,93,S56121ADQPR1-C,1149,144,6514494A,1,1
31,8,CLFTEA37,601,5971597,3997,1277,93,S56121ADQPR1-C,1149,144,6514494A,1,1
31,8,CLFTEA37,602,5971596,6852,1277,93,S56121ADQPR1-C,1149,144,6514494A,1,1
31,8,CLFTEA37,680,5973786,6810,1212,93,S56121ADQPR1-C,1149,144,6514494A,1,1
31,8,CLFTEA37,681,5973788,6946,1212,93,S56121ADQPR1-C,1149,144,6514494A,1,1
31,8,CLFTEA37,682,5973796,6644,1212,93,S56121ADQPR1-C,1149,144,6514494A,1,1
31,8,CLFTEA37,683,5973794,3916,1212,93,S56121ADQPR1-C,1149,144,6514494A,1,1
31,8,CLFTEA37,684,5973791,6921,1212,93,S56121ADQPR1-C,1149,144,6514494A,1,1
31,8,CLFTEA37,685,5973792,6898,1212,93,S56121ADQPR1-C,1149,144,6514494A,1,1
31,8,CLFTEA37,686,5973790,6998,1212,93,S56121ADQPR1-C,1149,144,6514494A,1,1
31,8,CLFTEA37,687,5973787,6873,1212,93,S56121ADQPR1-C,1149,144,6514494A,1,1
31,8,CLFTEA37,688,5994996,6914,1212,93,S56121ADQPR1-C,1149,144,6514494A,1,1
31,8,CLFTEA37,689,5994314,5303,1212,93,S56121ADQPR1-C,1149,144,6514494A,1,1
31,8,CLFTEA37,690,5973793,6968,1212,93,S56121ADQPR1-C,1149,144,6514494A,1,1
31,8,CLFTEA37,691,5973789,4284,1212,93,S56121ADQPR1-C,1149,144,6514494A,1,1
31,8,CLFTEA37,928,5977310,6828,1109,93,S56121ADQPR1-C,1149,144,6514494A,1,1
31,8,CLFTEA37,932,5977311,6894,1109,93,S56121ADQPR1-C,1149,144,6514494A,1,1
31,8,CLFTEA37,933,5998859,6589,1109,93,S56121ADQPR1-C,1149,144,6514494A,1,1
32,2,CLFTEA38,127,5944100,17887,2274,47,PS63031DSKR-CK,887,84,6497193A,1,1
33,2,CLFTEA39,1038,5991879,7901,1039,175,PS65261RHBR-G2,930,361,6568521A,1,1
33,2,CLFTEA39,1478,5985003,7885,830,175,PS65261RHBR-G2,930,361,6568521A,1,1
33,2,CLFTEA39,1481,5984746,7882,830,175,PS65261RHBR-G2,930,361,6568521A,1,1
33,2,CLFTEA39,1487,5984751,6830,830,175,PS65261RHBR-G2,930,361,6568521A,1,1
33,2,CLFTEA39,1489,5984750,7906,830,175,PS65261RHBR-G2,930,361,6568521A,1,1
33,2,CLFTEA39,1490,5984749,7910,830,175,PS65261RHBR-G2,930,361,6568521A,1,1
33,2,CLFTEA39,1492,5984999,7881,830,175,PS65261RHBR-G2,930,361,6568521A,1,1
33,2,CLFTEA39,1496,5985006,3927,830,175,PS65261RHBR-G2,930,361,6568521A,1,1
33,2,CLFTEA39,1499,5984748,7912,830,175,PS65261RHBR-G2,930,361,6568521A,1,1
33,2,CLFTEA39,1500,5985005,7894,830,175,PS65261RHBR-G2,930,361,6568521A,1,1
33,2,CLFTEA39,1501,5984747,7909,830,175,PS65261RHBR-G2,930,361,6568521A,1,1
33,2,CLFTEA39,1212,5980988,3954,936,190,S652611RHBR-G2,1248,361,6568521A,1,1
33,2,CLFTEA39,1213,5980985,7915,936,190,S652611RHBR-G2,1248,361,6568521A,1,1
34,9,CLFTEA4,30,5859724,5508,3158,25,001DRBR1-G2QN#,4,133,6512302B,1,1
34,9,CLFTEA4,31,5859727,6115,3158,25,001DRBR1-G2QN#,4,133,6512302B,1,1
34,9,CLFTEA4,655,5970714,13705,1238,140,A8001DRBR2-G2K,404,133,6512302B,1,1
34,9,CLFTEA4,801,5974003,13803,1146,140,A8001DRBR2-G2K,404,133,6512302B,1,1
34,9,CLFTEA4,824,5974000,13813,1146,140,A8001DRBR2-G2K,404,133,6512302B,1,1
34,9,CLFTEA4,831,5974005,13785,1146,140,A8001DRBR2-G2K,404,133,6512302B,1,1
34,9,CLFTEA4,832,5974001,13736,1146,140,A8001DRBR2-G2K,404,133,6512302B,1,1
34,9,CLFTEA4,843,5973996,13767,1146,140,A8001DRBR2-G2K,404,133,6512302B,1,1
34,9,CLFTEA4,1281,5981561,12651,921,140,A8001DRBR2-G2K,404,133,6512302B,1,1
34,9,CLFTEA4,1484,5984778,13817,830,140,A8001DRBR2-G2K,404,133,6512302B,1,1
34,9,CLFTEA4,1491,5984780,13817,830,140,A8001DRBR2-G2K,404,133,6512302B,1,1
34,9,CLFTEA4,1494,5984779,13804,830,140,A8001DRBR2-G2K,404,133,6512302B,1,1
34,9,CLFTEA4,1739,5991788,6907,640,140,A8001DRBR2-G2K,404,133,6512302B,1,1
34,9,CLFTEA4,1741,5991787,12655,640,140,A8001DRBR2-G2K,404,133,6512302B,1,1
35,10,CLFTEA40,246,5964114,9333,1673,84,3210A0RGPR1-G2,160,305,6546767B,1,1
35,10,CLFTEA40,49,5931461,10080,2645,33,CD3211A1RGPR-L,504,305,6546767B,1,1
35,10,CLFTEA40,236,5964117,10071,1673,83,D3211A1RGPR-G2,520,305,6546767B,1,1
35,10,CLFTEA40,237,5964127,5012,1673,83,D3211A1RGPR-G2,520,305,6546767B,1,1
35,10,CLFTEA40,238,5964126,5772,1673,83,D3211A1RGPR-G2,520,305,6546767B,1,1
35,10,CLFTEA40,239,5964119,10071,1673,83,D3211A1RGPR-G2,520,305,6546767B,1,1
35,10,CLFTEA40,240,5964123,10077,1673,83,D3211A1RGPR-G2,520,305,6546767B,1,1
35,10,CLFTEA40,241,5964116,10079,1673,83,D3211A1RGPR-G2,520,305,6546767B,1,1
35,10,CLFTEA40,242,5964120,10078,1673,83,D3211A1RGPR-G2,520,305,6546767B,1,1
35,10,CLFTEA40,243,5964118,10080,1673,83,D3211A1RGPR-G2,520,305,6546767B,1,1
35,10,CLFTEA40,244,5964130,10066,1673,83,D3211A1RGPR-G2,520,305,6546767B,1,1
35,10,CLFTEA40,245,5964129,10078,1673,83,D3211A1RGPR-G2,520,305,6546767B,1,1
35,10,CLFTEA40,247,5964124,10078,1673,83,D3211A1RGPR-G2,520,305,6546767B,1,1
35,10,CLFTEA40,248,5964121,10066,1673,83,D3211A1RGPR-G2,520,305,6546767B,1,1
35,10,CLFTEA40,249,5964131,6830,1673,83,D3211A1RGPR-G2,520,305,6546767B,1,1
35,10,CLFTEA40,250,5964122,10078,1673,83,D3211A1RGPR-G2,520,305,6546767B,1,1
35,10,CLFTEA40,584,5977170,9241,1278,83,D3211A1RGPR-G2,520,305,6546767B,1,1
36,2,CLFTEA41,813,5974067,10065,1146,156,24780SRUYR-G2K,99,385,6571495A,1,1
36,2,CLFTEA41,1208,5980163,10044,960,156,24780SRUYR-G2K,99,385,6571495A,1,1
36,2,CLFTEA41,1209,5980162,10071,960,156,24780SRUYR-G2K,99,385,6571495A,1,1
36,2,CLFTEA41,1210,5980153,10043,960,156,24780SRUYR-G2K,99,385,6571495A,1,1
36,2,CLFTEA41,1211,5980160,10066,960,156,24780SRUYR-G2K,99,385,6571495A,1,1
36,2,CLFTEA41,1246,5981400,10027,926,156,24780SRUYR-G2K,99,385,6571495A,1,1
36,2,CLFTEA41,1247,5981406,7239,926,156,24780SRUYR-G2K,99,385,6571495A,1,1
36,2,CLFTEA41,498,5967286,6236,1342,123,BQ24770RUYR-G2,455,385,6571495A,1,1
36,2,CLFTEA41,1298,5981642,9227,921,194,BQ24777RUYR-G2,459,385,6571495A,1,1
36,2,CLFTEA41,355,5964082,10071,1439,109,SN2850RUYR-G2K,1269,385,6571495A,1,1
36,2,CLFTEA41,365,5964077,10056,1439,109,SN2850RUYR-G2K,1269,385,6571495A,1,1
36,2,CLFTEA41,374,5964088,10075,1439,109,SN2850RUYR-G2K,1269,385,6571495A,1,1
36,2,CLFTEA41,471,5967146,10043,1343,109,SN2850RUYR-G2K,1269,385,6571495A,1,1
36,2,CLFTEA41,473,5967154,10075,1343,109,SN2850RUYR-G2K,1269,385,6571495A,1,1
36,2,CLFTEA41,481,5967147,10029,1343,109,SN2850RUYR-G2K,1269,385,6571495A,1,1
36,2,CLFTEA41,487,5967142,10067,1343,109,SN2850RUYR-G2K,1269,385,6571495A,1,1
36,2,CLFTEA41,649,5970655,10040,1238,109,SN2850RUYR-G2K,1269,385,6571495A,1,1
36,2,CLFTEA41,650,5970648,10063,1238,109,SN2850RUYR-G2K,1269,385,6571495A,1,1
37,2,CLFTEA42,1014,5977226,13774,1044,95,5633ARTER-KDG2,265,365,6569306A,1,1
37,2,CLFTEA42,1015,5977224,7924,1044,95,5633ARTER-KDG2,265,365,6569306A,1,1
37,2,CLFTEA42,1270,5981566,13811,921,95,5633ARTER-KDG2,265,365,6569306A,1,1
37,2,CLFTEA42,373,5963966,13797,1439,67,5633BRTER-KDG2,269,365,6569306A,1,1
37,2,CLFTEA42,469,5967246,13722,1343,67,5633BRTER-KDG2,269,365,6569306A,1,1
37,2,CLFTEA42,664,5970727,13800,1238,67,5633BRTER-KDG2,269,365,6569306A,1,1
37,2,CLFTEA42,1237,5981382,10846,926,67,5633BRTER-KDG2,269,365,6569306A,1,1
37,2,CLFTEA42,1245,5981379,13774,926,67,5633BRTER-KDG2,269,365,6569306A,1,1
37,2,CLFTEA42,1254,5981397,10697,926,67,5633BRTER-KDG2,269,365,6569306A,1,1
37,2,CLFTEA42,1259,5981392,6824,926,67,5633BRTER-KDG2,269,365,6569306A,1,1
37,2,CLFTEA42,1429,5984331,13727,839,67,5633BRTER-KDG2,269,365,6569306A,1,1
37,2,CLFTEA42,1432,5984336,13813,839,67,5633BRTER-KDG2,269,365,6569306A,1,1
37,2,CLFTEA42,1444,5984326,13792,839,67,5633BRTER-KDG2,269,365,6569306A,1,1
37,2,CLFTEA42,1449,5984323,13783,839,67,5633BRTER-KDG2,269,365,6569306A,1,1
37,2,CLFTEA42,1647,5988523,13797,731,67,5633BRTER-KDG2,269,365,6569306A,1,1
37,2,CLFTEA42,1653,5988465,13803,731,54,65633AKRTER-G2,315,365,6569306A,1,1
37,2,CLFTEA42,505,5967260,9112,1342,90,65633BKRTER-G2,319,365,6569306A,1,1
38,2,CLFTEA43,107,5931758,11358,2382,44,S54335ADRCR-G2,1121,382,6570845A,1,1
38,2,CLFTEA43,1726,5991763,11512,640,44,S54335ADRCR-G2,1121,382,6570845A,1,1
38,2,CLFTEA43,1745,5991760,13615,640,44,S54335ADRCR-G2,1121,382,6570845A,1,1
39,2,CLFTEA44,275,5970717,13805,1638,95,5633ARTER-KDG2,265,365,6569306A,1,1
39,2,CLFTEA44,1012,5977227,10841,1044,95,5633ARTER-KDG2,265,365,6569306A,1,1
39,2,CLFTEA44,1292,5981574,13362,921,95,5633ARTER-KDG2,265,365,6569306A,1,1
39,2,CLFTEA44,1299,5981567,13796,921,95,5633ARTER-KDG2,265,365,6569306A,1,1
39,2,CLFTEA44,170,5945272,6899,1983,67,5633BRTER-KDG2,269,365,6569306A,1,1
39,2,CLFTEA44,636,5970728,13759,1238,67,5633BRTER-KDG2,269,365,6569306A,1,1
39,2,CLFTEA44,1244,5981381,13800,926,67,5633BRTER-KDG2,269,365,6569306A,1,1
39,2,CLFTEA44,1258,5981389,13752,926,67,5633BRTER-KDG2,269,365,6569306A,1,1
39,2,CLFTEA44,1435,5984329,13741,839,67,5633BRTER-KDG2,269,365,6569306A,1,1
39,2,CLFTEA44,1638,5988524,13811,731,67,5633BRTER-KDG2,269,365,6569306A,1,1
39,2,CLFTEA44,1641,5988520,13785,731,67,5633BRTER-KDG2,269,365,6569306A,1,1
39,2,CLFTEA44,1727,5991799,13809,640,67,5633BRTER-KDG2,269,365,6569306A,1,1
39,2,CLFTEA44,1736,5991795,13794,640,67,5633BRTER-KDG2,269,365,6569306A,1,1
39,2,CLFTEA44,1742,5991794,13747,640,67,5633BRTER-KDG2,269,365,6569306A,1,1
39,2,CLFTEA44,1639,5988461,13800,731,54,65633AKRTER-G2,315,365,6569306A,1,1
39,2,CLFTEA44,1646,5988471,13732,731,54,65633AKRTER-G2,315,365,6569306A,1,1
41,10,CLFTEA46,574,5924482,15543,1280,130,PS25810RVCR-G2,634,470,6590151A,1,1
41,10,CLFTEA46,575,5924478,15523,1280,130,PS25810RVCR-G2,634,470,6590151A,1,1
41,10,CLFTEA46,576,5924480,15524,1280,130,PS25810RVCR-G2,634,470,6590151A,1,1
41,10,CLFTEA46,577,5924486,15545,1280,130,PS25810RVCR-G2,634,470,6590151A,1,1
41,10,CLFTEA46,578,5924484,15528,1280,130,PS25810RVCR-G2,634,470,6590151A,1,1
41,10,CLFTEA46,579,5924481,15530,1280,130,PS25810RVCR-G2,634,470,6590151A,1,1
41,10,CLFTEA46,580,5924479,15516,1280,130,PS25810RVCR-G2,634,470,6590151A,1,1
41,10,CLFTEA46,624,5925382,11211,1247,130,PS25810RVCR-G2,634,470,6590151A,1,1
41,10,CLFTEA46,625,5925378,15552,1247,130,PS25810RVCR-G2,634,470,6590151A,1,1
41,10,CLFTEA46,791,5928828,11149,1147,130,PS25810RVCR-G2,634,470,6590151A,1,1
42,2,CLFTEA47,423,5964961,13700,1402,117,TPS2556DRBR2-R,1305,104,6505771B,1,1
42,2,CLFTEA47,424,5964966,13814,1402,117,TPS2556DRBR2-R,1305,104,6505771B,1,1
42,2,CLFTEA47,426,5964968,13284,1402,117,TPS2556DRBR2-R,1305,104,6505771B,1,1
42,2,CLFTEA47,432,5964967,13801,1402,117,TPS2556DRBR2-R,1305,104,6505771B,1,1
42,2,CLFTEA47,433,5964965,13545,1402,117,TPS2556DRBR2-R,1305,104,6505771B,1,1
42,2,CLFTEA47,1313,5982359,7282,903,117,TPS2556DRBR2-R,1305,104,6505771B,1,1
42,2,CLFTEA47,1315,5982357,13784,903,117,TPS2556DRBR2-R,1305,104,6505771B,1,1
42,2,CLFTEA47,1318,5982358,13651,903,117,TPS2556DRBR2-R,1305,104,6505771B,1,1
42,2,CLFTEA47,1666,5989476,13746,707,117,TPS2556DRBR2-R,1305,104,6505771B,1,1
42,2,CLFTEA47,133,5936672,13795,2217,51,TPS2557DRBR2-L,1314,104,6505771B,1,1
42,2,CLFTEA47,231,5954737,13789,1698,79,TPS2557DRBR3-R,1323,104,6505771B,1,1
42,2,CLFTEA47,449,5966120,13797,1367,79,TPS2557DRBR3-R,1323,104,6505771B,1,1
42,2,CLFTEA47,466,5966471,9308,1358,79,TPS2557DRBR3-R,1323,104,6505771B,1,1
43,4,CLFTEA48,163,5944361,12890,2002,65,PS51117RGYR1-B,683,112,6507988A,1,1
43,4,CLFTEA48,1145,5977963,15113,1017,65,PS51117RGYR1-B,683,112,6507988A,1,1
43,4,CLFTEA48,1146,5977965,9581,1017,65,PS51117RGYR1-B,683,112,6507988A,1,1
43,4,CLFTEA48,1147,5977964,15102,1017,65,PS51117RGYR1-B,683,112,6507988A,1,1
43,4,CLFTEA48,1148,5977962,15100,1017,65,PS51117RGYR1-B,683,112,6507988A,1,1
43,4,CLFTEA48,1308,5982241,15080,903,65,PS51117RGYR1-B,683,112,6507988A,1,1
43,4,CLFTEA48,1309,5982243,15101,903,65,PS51117RGYR1-B,683,112,6507988A,1,1
43,4,CLFTEA48,1310,5982236,15075,903,65,PS51117RGYR1-B,683,112,6507988A,1,1
43,4,CLFTEA48,1311,5982244,15115,903,65,PS51117RGYR1-B,683,112,6507988A,1,1
43,4,CLFTEA48,1312,5982242,15096,903,65,PS51117RGYR1-B,683,112,6507988A,1,1
43,4,CLFTEA48,1314,5982238,15107,903,65,PS51117RGYR1-B,683,112,6507988A,1,1
43,4,CLFTEA48,1316,5982245,7941,903,65,PS51117RGYR1-B,683,112,6507988A,1,1
43,4,CLFTEA48,1317,5982239,15103,903,65,PS51117RGYR1-B,683,112,6507988A,1,1
43,4,CLFTEA48,1319,5982240,15106,903,65,PS51117RGYR1-B,683,112,6507988A,1,1
44,2,CLFTEA49,1061,5977734,9995,1033,179,1622RSMR1-G2YK,59,268,6541533C,1,1
44,2,CLFTEA49,1065,5977740,10063,1033,179,1622RSMR1-G2YK,59,268,6541533C,1,1
44,2,CLFTEA49,1069,5977736,10005,1033,179,1622RSMR1-G2YK,59,268,6541533C,1,1
44,2,CLFTEA49,1071,5977741,5694,1033,179,1622RSMR1-G2YK,59,268,6541533C,1,1
44,2,CLFTEA49,1088,5977918,10008,1025,181,51622ARSMR-G2K,224,268,6541533C,1,1
44,2,CLFTEA49,1089,5977922,9305,1025,181,51622ARSMR-G2K,224,268,6541533C,1,1
44,2,CLFTEA49,1096,5977924,10069,1025,181,51622ARSMR-G2K,224,268,6541533C,1,1
44,2,CLFTEA49,1107,5977919,10048,1025,181,51622ARSMR-G2K,224,268,6541533C,1,1
44,2,CLFTEA49,1112,5977927,8381,1025,181,51622ARSMR-G2K,224,268,6541533C,1,1
44,2,CLFTEA49,1117,5977926,10040,1025,181,51622ARSMR-G2K,224,268,6541533C,1,1
44,2,CLFTEA49,1118,5977921,10029,1025,181,51622ARSMR-G2K,224,268,6541533C,1,1
44,2,CLFTEA49,1120,5977916,10058,1025,181,51622ARSMR-G2K,224,268,6541533C,1,1
44,2,CLFTEA49,807,5974049,8587,1146,155,PS51623RSMR-G2,703,268,6541533C,1,1
44,2,CLFTEA49,836,5974048,10049,1146,155,PS51623RSMR-G2,703,268,6541533C,1,1
44,2,CLFTEA49,1093,5977932,10039,1025,182,S51624RSMR-G2K,1062,268,6541533C,1,1
44,2,CLFTEA49,1098,5977930,10043,1025,182,S51624RSMR-G2K,1062,268,6541533C,1,1
44,2,CLFTEA49,1110,5977933,10006,1025,182,S51624RSMR-G2K,1062,268,6541533C,1,1
44,2,CLFTEA49,1123,5977929,9989,1025,182,S51624RSMR-G2K,1062,268,6541533C,1,1
46,2,CLFTEA50,809,5974069,10069,1146,156,24780SRUYR-G2K,99,385,6571495A,1,1
46,2,CLFTEA50,827,5974064,10068,1146,156,24780SRUYR-G2K,99,385,6571495A,1,1
46,2,CLFTEA50,861,5974068,10067,1146,156,24780SRUYR-G2K,99,385,6571495A,1,1
46,2,CLFTEA50,1201,5980154,5991,960,156,24780SRUYR-G2K,99,385,6571495A,1,1
46,2,CLFTEA50,1202,5980164,8016,960,156,24780SRUYR-G2K,99,385,6571495A,1,1
46,2,CLFTEA50,1203,5980152,10067,960,156,24780SRUYR-G2K,99,385,6571495A,1,1
46,2,CLFTEA50,1206,5980159,9956,960,156,24780SRUYR-G2K,99,385,6571495A,1,1
46,2,CLFTEA50,1207,5980155,5025,960,156,24780SRUYR-G2K,99,385,6571495A,1,1
46,2,CLFTEA50,1249,5981401,10074,926,156,24780SRUYR-G2K,99,385,6571495A,1,1
46,2,CLFTEA50,1252,5981404,10053,926,156,24780SRUYR-G2K,99,385,6571495A,1,1
46,2,CLFTEA50,1443,5984373,5036,839,204,Q24780RUYR-G2K,1016,385,6571495A,1,1
46,2,CLFTEA50,366,5964086,5012,1439,109,SN2850RUYR-G2K,1269,385,6571495A,1,1
46,2,CLFTEA50,475,5967149,5034,1343,109,SN2850RUYR-G2K,1269,385,6571495A,1,1
46,2,CLFTEA50,476,5967152,10069,1343,109,SN2850RUYR-G2K,1269,385,6571495A,1,1
46,2,CLFTEA50,482,5967148,7006,1343,109,SN2850RUYR-G2K,1269,385,6571495A,1,1
46,2,CLFTEA50,483,5967156,7028,1343,109,SN2850RUYR-G2K,1269,385,6571495A,1,1
46,2,CLFTEA50,488,5967153,9986,1343,109,SN2850RUYR-G2K,1269,385,6571495A,1,1
46,2,CLFTEA50,491,5967145,10022,1343,109,SN2850RUYR-G2K,1269,385,6571495A,1,1
46,2,CLFTEA50,492,5967157,5030,1343,109,SN2850RUYR-G2K,1269,385,6571495A,1,1
46,2,CLFTEA50,639,5970649,10032,1238,109,SN2850RUYR-G2K,1269,385,6571495A,1,1
46,2,CLFTEA50,654,5970653,5034,1238,109,SN2850RUYR-G2K,1269,385,6571495A,1,1
46,2,CLFTEA50,661,5970660,5030,1238,109,SN2850RUYR-G2K,1269,385,6571495A,1,1
47,2,CLFTEA51,273,5965199,3245,1641,94,3315RGFR-G2S2Y,167,147,6514558B,1,1
47,2,CLFTEA51,274,5965198,3688,1641,94,3315RGFR-G2S2Y,167,147,6514558B,1,1
47,2,CLFTEA51,539,5975785,3693,1319,94,3315RGFR-G2S2Y,167,147,6514558B,1,1
47,2,CLFTEA51,540,5975779,3690,1319,94,3315RGFR-G2S2Y,167,147,6514558B,1,1
47,2,CLFTEA51,541,5975776,3689,1319,94,3315RGFR-G2S2Y,167,147,6514558B,1,1
47,2,CLFTEA51,542,5975782,3682,1319,94,3315RGFR-G2S2Y,167,147,6514558B,1,1
47,2,CLFTEA51,543,5975771,2936,1319,94,3315RGFR-G2S2Y,167,147,6514558B,1,1
47,2,CLFTEA51,750,5980887,3690,1172,94,3315RGFR-G2S2Y,167,147,6514558B,1,1
47,2,CLFTEA51,751,5980885,3664,1172,94,3315RGFR-G2S2Y,167,147,6514558B,1,1
47,2,CLFTEA51,752,5980889,3694,1172,94,3315RGFR-G2S2Y,167,147,6514558B,1,1
47,2,CLFTEA51,753,5980890,3690,1172,94,3315RGFR-G2S2Y,167,147,6514558B,1,1
47,2,CLFTEA51,754,5980893,3686,1172,94,3315RGFR-G2S2Y,167,147,6514558B,1,1
47,2,CLFTEA51,755,5980886,3694,1172,94,3315RGFR-G2S2Y,167,147,6514558B,1,1
47,2,CLFTEA51,756,5980891,3680,1172,94,3315RGFR-G2S2Y,167,147,6514558B,1,1
47,2,CLFTEA51,757,5980888,3671,1172,94,3315RGFR-G2S2Y,167,147,6514558B,1,1
48,11,CLFTEA52,1006,5968568,10073,1048,164,BQ25890RTWR-G2,472,428,6579768C,1,1
48,11,CLFTEA52,1007,5968571,10079,1048,164,BQ25890RTWR-G2,472,428,6579768C,1,1
48,11,CLFTEA52,1010,5968574,10042,1048,164,BQ25890RTWR-G2,472,428,6579768C,1,1
48,11,CLFTEA52,1011,5968569,10054,1048,164,BQ25890RTWR-G2,472,428,6579768C,1,1
48,11,CLFTEA52,1181,5971004,9407,976,164,BQ25890RTWR-G2,472,428,6579768C,1,1
48,11,CLFTEA52,1184,5971014,6372,976,164,BQ25890RTWR-G2,472,428,6579768C,1,1
48,11,CLFTEA52,1399,5975309,7026,846,164,BQ25890RTWR-G2,472,428,6579768C,1,1
48,11,CLFTEA52,1401,5975298,6648,846,164,BQ25890RTWR-G2,472,428,6579768C,1,1
48,11,CLFTEA52,1402,5975304,10069,846,164,BQ25890RTWR-G2,472,428,6579768C,1,1
48,11,CLFTEA52,1405,5975299,10070,846,164,BQ25890RTWR-G2,472,428,6579768C,1,1
48,11,CLFTEA52,1559,5977640,6626,780,164,BQ25890RTWR-G2,472,428,6579768C,1,1
48,11,CLFTEA52,1755,5982213,5040,604,164,BQ25890RTWR-G2,472,428,6579768C,1,1
48,11,CLFTEA52,1756,5982220,5040,604,164,BQ25890RTWR-G2,472,428,6579768C,1,1
48,11,CLFTEA52,1768,5983149,5033,574,164,BQ25890RTWR-G2,472,428,6579768C,1,1
48,11,CLFTEA52,1786,5984574,5040,537,164,BQ25890RTWR-G2,472,428,6579768C,1,1
48,11,CLFTEA52,1790,5984579,5040,536,164,BQ25890RTWR-G2,472,428,6579768C,1,1
48,11,CLFTEA52,1816,5987055,5040,467,164,BQ25890RTWR-G2,472,428,6579768C,1,1
48,11,CLFTEA52,234,5934884,9928,1688,81,BQ25892RTWR-G2,473,428,6579768C,1,1
48,11,CLFTEA52,260,5936085,6794,1654,81,BQ25892RTWR-G2,473,428,6579768C,1,1
48,11,CLFTEA52,263,5936083,10022,1654,81,BQ25892RTWR-G2,473,428,6579768C,1,1
48,11,CLFTEA52,277,5937338,9918,1624,81,BQ25892RTWR-G2,473,428,6579768C,1,1
48,11,CLFTEA52,278,5937337,10078,1624,81,BQ25892RTWR-G2,473,428,6579768C,1,1
48,11,CLFTEA52,282,5938338,9958,1593,81,BQ25892RTWR-G2,473,428,6579768C,1,1
48,11,CLFTEA52,283,5938343,10076,1593,81,BQ25892RTWR-G2,473,428,6579768C,1,1
48,11,CLFTEA52,284,5938341,9874,1593,81,BQ25892RTWR-G2,473,428,6579768C,1,1
48,11,CLFTEA52,288,5940120,6954,1544,81,BQ25892RTWR-G2,473,428,6579768C,1,1
48,11,CLFTEA52,289,5940122,10070,1543,81,BQ25892RTWR-G2,473,428,6579768C,1,1
48,11,CLFTEA52,307,5940697,10080,1525,81,BQ25892RTWR-G2,473,428,6579768C,1,1
48,11,CLFTEA52,346,5943166,9935,1457,81,BQ25892RTWR-G2,473,428,6579768C,1,1
48,11,CLFTEA52,390,5944095,6945,1424,81,BQ25892RTWR-G2,473,428,6579768C,1,1
48,11,CLFTEA52,434,5945301,10076,1392,81,BQ25892RTWR-G2,473,428,6579768C,1,1
49,11,CLFTEA53,48,5925442,2153,2651,32,202027ARSLR-G2,71,371,6570166B,1,1
49,11,CLFTEA53,675,5974127,2298,1236,32,202027ARSLR-G2,71,371,6570166B,1,1
49,11,CLFTEA53,676,5974125,4582,1236,32,202027ARSLR-G2,71,371,6570166B,1,1
49,11,CLFTEA53,677,5974126,2351,1236,32,202027ARSLR-G2,71,371,6570166B,1,1
49,11,CLFTEA53,770,5976494,4544,1164,32,202027ARSLR-G2,71,371,6570166B,1,1
49,11,CLFTEA53,771,5976492,4599,1164,32,202027ARSLR-G2,71,371,6570166B,1,1
49,11,CLFTEA53,772,5976485,4571,1164,32,202027ARSLR-G2,71,371,6570166B,1,1
49,11,CLFTEA53,773,5976496,4581,1164,32,202027ARSLR-G2,71,371,6570166B,1,1
49,11,CLFTEA53,774,5976490,4579,1164,32,202027ARSLR-G2,71,371,6570166B,1,1
49,11,CLFTEA53,775,5976495,4593,1164,32,202027ARSLR-G2,71,371,6570166B,1,1
49,11,CLFTEA53,776,5976489,4601,1164,32,202027ARSLR-G2,71,371,6570166B,1,1
49,11,CLFTEA53,777,5976491,4600,1164,32,202027ARSLR-G2,71,371,6570166B,1,1
49,11,CLFTEA53,778,5976488,4599,1164,32,202027ARSLR-G2,71,371,6570166B,1,1
49,11,CLFTEA53,779,5976497,2944,1164,32,202027ARSLR-G2,71,371,6570166B,1,1
49,11,CLFTEA53,780,5976487,4554,1164,32,202027ARSLR-G2,71,371,6570166B,1,1
49,11,CLFTEA53,781,5976493,4603,1164,32,202027ARSLR-G2,71,371,6570166B,1,1
49,11,CLFTEA53,904,5978068,4602,1116,32,202027ARSLR-G2,71,371,6570166B,1,1
49,11,CLFTEA53,906,5978078,4600,1116,32,202027ARSLR-G2,71,371,6570166B,1,1
49,11,CLFTEA53,907,5978070,4595,1116,32,202027ARSLR-G2,71,371,6570166B,1,1
49,11,CLFTEA53,908,5978071,4588,1116,32,202027ARSLR-G2,71,371,6570166B,1,1
49,11,CLFTEA53,909,5978079,3338,1116,32,202027ARSLR-G2,71,371,6570166B,1,1
49,11,CLFTEA53,910,5978076,4601,1116,32,202027ARSLR-G2,71,371,6570166B,1,1
49,11,CLFTEA53,911,5978066,4586,1116,32,202027ARSLR-G2,71,371,6570166B,1,1
49,11,CLFTEA53,914,5978074,4586,1116,32,202027ARSLR-G2,71,371,6570166B,1,1
49,11,CLFTEA53,916,5978075,4590,1116,32,202027ARSLR-G2,71,371,6570166B,1,1
49,11,CLFTEA53,918,5978067,4601,1116,32,202027ARSLR-G2,71,371,6570166B,1,1
49,11,CLFTEA53,26,5894363,4266,3553,21,202027CRSLR-G2,72,371,6570166B,1,1
49,11,CLFTEA53,905,5978058,4151,1116,21,202027CRSLR-G2,72,371,6570166B,1,1
49,11,CLFTEA53,913,5978057,5163,1116,21,202027CRSLR-G2,72,371,6570166B,1,1
49,11,CLFTEA53,21,5884687,4959,3825,16,202027DRSLR-G2,73,371,6570166B,1,1
49,11,CLFTEA53,124,5936557,4123,2325,45,202027ERSLR-G2,74,371,6570166B,1,1
49,11,CLFTEA53,125,5936555,5166,2325,45,202027ERSLR-G2,74,371,6570166B,1,1
49,11,CLFTEA53,912,5978062,3111,1116,45,202027ERSLR-G2,74,371,6570166B,1,1
49,11,CLFTEA53,915,5978061,5171,1116,45,202027ERSLR-G2,74,371,6570166B,1,1
49,11,CLFTEA53,917,5978060,5094,1116,45,202027ERSLR-G2,74,371,6570166B,1,1
50,11,CLFTEA54,1009,5968575,6389,1048,164,BQ25890RTWR-G2,472,428,6579768C,1,1
50,11,CLFTEA54,1193,5971006,10070,976,164,BQ25890RTWR-G2,472,428,6579768C,1,1
50,11,CLFTEA54,1194,5971015,10080,976,164,BQ25890RTWR-G2,472,428,6579768C,1,1
50,11,CLFTEA54,1397,5975301,10048,846,164,BQ25890RTWR-G2,472,428,6579768C,1,1
50,11,CLFTEA54,1400,5975307,10014,846,164,BQ25890RTWR-G2,472,428,6579768C,1,1
50,11,CLFTEA54,1408,5975288,10069,846,164,BQ25890RTWR-G2,472,428,6579768C,1,1
50,11,CLFTEA54,1409,5975289,10056,846,164,BQ25890RTWR-G2,472,428,6579768C,1,1
50,11,CLFTEA54,1570,5977650,8722,780,164,BQ25890RTWR-G2,472,428,6579768C,1,1
50,11,CLFTEA54,1702,5981652,10067,663,164,BQ25890RTWR-G2,472,428,6579768C,1,1
50,11,CLFTEA54,1703,5981654,10078,663,164,BQ25890RTWR-G2,472,428,6579768C,1,1
50,11,CLFTEA54,1704,5981657,10077,663,164,BQ25890RTWR-G2,472,428,6579768C,1,1
50,11,CLFTEA54,1705,5981653,10079,663,164,BQ25890RTWR-G2,472,428,6579768C,1,1
50,11,CLFTEA54,1707,5981658,10056,663,164,BQ25890RTWR-G2,472,428,6579768C,1,1
50,11,CLFTEA54,1708,5981655,9564,663,164,BQ25890RTWR-G2,472,428,6579768C,1,1
50,11,CLFTEA54,1709,5981660,9798,663,164,BQ25890RTWR-G2,472,428,6579768C,1,1
50,11,CLFTEA54,1711,5981659,10076,663,164,BQ25890RTWR-G2,472,428,6579768C,1,1
50,11,CLFTEA54,1758,5982217,9923,604,164,BQ25890RTWR-G2,472,428,6579768C,1,1
50,11,CLFTEA54,1759,5982219,9766,604,164,BQ25890RTWR-G2,472,428,6579768C,1,1
50,11,CLFTEA54,1771,5983148,8601,574,164,BQ25890RTWR-G2,472,428,6579768C,1,1
50,11,CLFTEA54,1831,5989670,5040,404,164,BQ25890RTWR-G2,472,428,6579768C,1,1
50,11,CLFTEA54,1837,5989665,5036,404,164,BQ25890RTWR-G2,472,428,6579768C,1,1
50,11,CLFTEA54,1840,5990371,5021,376,164,BQ25890RTWR-G2,472,428,6579768C,1,1
50,11,CLFTEA54,264,5936075,10070,1654,81,BQ25892RTWR-G2,473,428,6579768C,1,1
50,11,CLFTEA54,265,5936079,10077,1654,81,BQ25892RTWR-G2,473,428,6579768C,1,1
50,11,CLFTEA54,287,5940118,10078,1544,81,BQ25892RTWR-G2,473,428,6579768C,1,1
50,11,CLFTEA54,305,5940695,10069,1525,81,BQ25892RTWR-G2,473,428,6579768C,1,1
50,11,CLFTEA54,308,5940699,10062,1525,81,BQ25892RTWR-G2,473,428,6579768C,1,1
53,2,CLFTEA57,656,5970687,7516,1238,141,24728HRGRR-G2K,87,137,6512615D,1,1
53,2,CLFTEA57,1580,5987133,15068,765,211,24735RGRR1-G2K,91,137,6512615D,1,1
53,2,CLFTEA57,802,5973928,15041,1146,139,24737RGRR1-G2K,95,137,6512615D,1,1
53,2,CLFTEA57,817,5973923,15106,1146,139,24737RGRR1-G2K,95,137,6512615D,1,1
53,2,CLFTEA57,1055,5977778,15034,1033,139,24737RGRR1-G2K,95,137,6512615D,1,1
53,2,CLFTEA57,1056,5977777,14981,1033,139,24737RGRR1-G2K,95,137,6512615D,1,1
53,2,CLFTEA57,1063,5977792,11850,1033,139,24737RGRR1-G2K,95,137,6512615D,1,1
53,2,CLFTEA57,1066,5977786,7550,1033,139,24737RGRR1-G2K,95,137,6512615D,1,1
53,2,CLFTEA57,1070,5977775,14987,1033,139,24737RGRR1-G2K,95,137,6512615D,1,1
53,2,CLFTEA57,1256,5981365,15092,926,139,24737RGRR1-G2K,95,137,6512615D,1,1
53,2,CLFTEA57,1260,5981364,15111,926,139,24737RGRR1-G2K,95,137,6512615D,1,1
53,2,CLFTEA57,1729,5991677,15096,640,139,24737RGRR1-G2K,95,137,6512615D,1,1
53,2,CLFTEA57,1230,5981036,15100,927,192,Q24735RGRR1-LK,1008,137,6512615D,1,1
53,2,CLFTEA57,1233,5981037,15115,927,192,Q24735RGRR1-LK,1008,137,6512615D,1,1
54,8,CLFTEA58,494,5967280,10074,1342,123,BQ24770RUYR-G2,457,385,6571495A,1,1
54,8,CLFTEA58,499,5967285,9914,1342,123,BQ24770RUYR-G2,457,385,6571495A,1,1
54,8,CLFTEA58,501,5967279,9733,1342,123,BQ24770RUYR-G2,457,385,6571495A,1,1
54,8,CLFTEA58,502,5967278,9941,1342,123,BQ24770RUYR-G2,457,385,6571495A,1,1
54,8,CLFTEA58,503,5967277,10061,1342,123,BQ24770RUYR-G2,457,385,6571495A,1,1
54,8,CLFTEA58,504,5967282,10061,1342,123,BQ24770RUYR-G2,457,385,6571495A,1,1
54,8,CLFTEA58,510,5967281,10061,1342,123,BQ24770RUYR-G2,457,385,6571495A,1,1
54,8,CLFTEA58,511,5967276,10056,1342,123,BQ24770RUYR-G2,457,385,6571495A,1,1
54,8,CLFTEA58,513,5967284,9957,1342,123,BQ24770RUYR-G2,457,385,6571495A,1,1
54,8,CLFTEA58,1267,5981641,10067,921,194,BQ24777RUYR-G2,461,385,6571495A,1,1
54,8,CLFTEA58,1276,5981643,9840,921,194,BQ24777RUYR-G2,461,385,6571495A,1,1
54,8,CLFTEA58,1277,5981644,10066,921,194,BQ24777RUYR-G2,461,385,6571495A,1,1
54,8,CLFTEA58,1286,5981640,10061,921,194,BQ24777RUYR-G2,461,385,6571495A,1,1
54,8,CLFTEA58,1289,5981645,10059,921,194,BQ24777RUYR-G2,461,385,6571495A,1,1
54,8,CLFTEA58,1437,5984367,9955,839,194,BQ24777RUYR-G2,461,385,6571495A,1,1
54,8,CLFTEA58,1450,5984365,10029,839,194,BQ24777RUYR-G2,461,385,6571495A,1,1
55,2,CLFTEA59,1797,5994447,1779,524,226,192HRGER-UG2R&,67,224,6525585A,1,1
55,2,CLFTEA59,331,5963024,9947,1482,104,BQ24196RGER-RY,439,224,6525585A,1,1
55,2,CLFTEA59,1300,5982208,5783,912,104,BQ24196RGER-RY,439,224,6525585A,1,1
55,2,CLFTEA59,1301,5982193,8894,912,104,BQ24196RGER-RY,439,224,6525585A,1,1
55,2,CLFTEA59,1357,5983126,9755,882,104,BQ24196RGER-RY,439,224,6525585A,1,1
55,2,CLFTEA59,1358,5983117,9984,882,104,BQ24196RGER-RY,439,224,6525585A,1,1
55,2,CLFTEA59,1359,5983123,5616,882,104,BQ24196RGER-RY,439,224,6525585A,1,1
55,2,CLFTEA59,1410,5984567,9979,845,104,BQ24196RGER-RY,439,224,6525585A,1,1
55,2,CLFTEA59,1411,5984559,9985,845,104,BQ24196RGER-RY,439,224,6525585A,1,1
55,2,CLFTEA59,1412,5984560,10010,845,104,BQ24196RGER-RY,439,224,6525585A,1,1
55,2,CLFTEA59,1413,5984558,9886,845,104,BQ24196RGER-RY,439,224,6525585A,1,1
55,2,CLFTEA59,1414,5984557,9958,845,104,BQ24196RGER-RY,439,224,6525585A,1,1
55,2,CLFTEA59,1415,5984554,9985,845,104,BQ24196RGER-RY,439,224,6525585A,1,1
55,2,CLFTEA59,1510,5985757,9907,812,104,BQ24196RGER-RY,439,224,6525585A,1,1
55,2,CLFTEA59,1511,5985758,9733,812,104,BQ24196RGER-RY,439,224,6525585A,1,1
55,2,CLFTEA59,1512,5985754,9940,812,104,BQ24196RGER-RY,439,224,6525585A,1,1
55,2,CLFTEA59,1513,5985767,10005,812,104,BQ24196RGER-RY,439,224,6525585A,1,1
55,2,CLFTEA59,1555,5986440,9983,784,104,BQ24196RGER-RY,439,224,6525585A,1,1
55,2,CLFTEA59,1619,5988527,10016,741,104,BQ24196RGER-RY,439,224,6525585A,1,1
55,2,CLFTEA59,1830,5967498,5400,423,104,BQ24196RGER-RY,439,224,6525585A,1,1
55,2,CLFTEA59,1839,5968415,8941,395,104,BQ24196RGER-RY,439,224,6525585A,1,1
56,2,CLFTEA6,210,5953470,6893,1747,72,54328DRCRP-G2Y,250,332,6553444B,1,1
56,2,CLFTEA6,212,5953469,10066,1747,72,54328DRCRP-G2Y,250,332,6553444B,1,1
56,2,CLFTEA6,76,5928934,6897,2460,39,S54328DRCR-G2Y,1114,332,6553444B,1,1
56,2,CLFTEA6,77,5928933,13230,2460,39,S54328DRCR-G2Y,1114,332,6553444B,1,1
56,2,CLFTEA6,78,5928932,13682,2460,39,S54328DRCR-G2Y,1114,332,6553444B,1,1
56,2,CLFTEA6,79,5928931,13568,2460,39,S54328DRCR-G2Y,1114,332,6553444B,1,1
56,2,CLFTEA6,80,5928930,13802,2460,39,S54328DRCR-G2Y,1114,332,6553444B,1,1
57,2,CLFTEA60,728,5973006,6469,1178,146,BQ24133RGYR-G2,431,153,6515577B,1,1
57,2,CLFTEA60,732,5973008,3228,1178,146,BQ24133RGYR-G2,431,153,6515577B,1,1
57,2,CLFTEA60,963,5976071,6462,1078,146,BQ24133RGYR-G2,431,153,6515577B,1,1
57,2,CLFTEA60,964,5976072,6476,1078,146,BQ24133RGYR-G2,431,153,6515577B,1,1
57,2,CLFTEA60,965,5976084,4159,1078,146,BQ24133RGYR-G2,431,153,6515577B,1,1
57,2,CLFTEA60,966,5976082,6451,1078,146,BQ24133RGYR-G2,431,153,6515577B,1,1
57,2,CLFTEA60,967,5976075,6479,1078,146,BQ24133RGYR-G2,431,153,6515577B,1,1
57,2,CLFTEA60,968,5976074,6450,1078,146,BQ24133RGYR-G2,431,153,6515577B,1,1
57,2,CLFTEA60,969,5976073,6469,1078,146,BQ24133RGYR-G2,431,153,6515577B,1,1
57,2,CLFTEA60,971,5976081,6447,1078,146,BQ24133RGYR-G2,431,153,6515577B,1,1
57,2,CLFTEA60,1169,5979469,6461,977,146,BQ24133RGYR-G2,431,153,6515577B,1,1
57,2,CLFTEA60,1175,5979467,6471,977,146,BQ24133RGYR-G2,431,153,6515577B,1,1
57,2,CLFTEA60,1177,5979461,6471,977,146,BQ24133RGYR-G2,431,153,6515577B,1,1
57,2,CLFTEA60,1228,5981128,3726,931,146,BQ24133RGYR-G2,431,153,6515577B,1,1
58,2,CLFTEA61,142,5942988,5147,2052,57,S53647RTAR-G2K,1100,423,6579192B,1,1
58,2,CLFTEA61,143,5942989,4181,2052,57,S53647RTAR-G2K,1100,423,6579192B,1,1
58,2,CLFTEA61,144,5942990,2537,2052,57,S53647RTAR-G2K,1100,423,6579192B,1,1
58,2,CLFTEA61,145,5942987,5176,2052,57,S53647RTAR-G2K,1100,423,6579192B,1,1
58,2,CLFTEA61,176,5946479,4190,1949,57,S53647RTAR-G2K,1100,423,6579192B,1,1
58,2,CLFTEA61,178,5946474,4977,1949,57,S53647RTAR-G2K,1100,423,6579192B,1,1
58,2,CLFTEA61,180,5946480,2579,1949,57,S53647RTAR-G2K,1100,423,6579192B,1,1
58,2,CLFTEA61,183,5946475,5037,1949,57,S53647RTAR-G2K,1100,423,6579192B,1,1
59,8,CLFTEA62,27,5903374,24730,3550,22,401032DSGR1-G2,176,107,6506370A,1,1
59,8,CLFTEA62,782,5981343,8912,1160,151,PS61093DSKR-CK,784,107,6506370A,1,1
59,8,CLFTEA62,783,5981348,5003,1160,151,PS61093DSKR-CK,784,107,6506370A,1,1
59,8,CLFTEA62,784,5981347,9902,1160,151,PS61093DSKR-CK,784,107,6506370A,1,1
59,8,CLFTEA62,785,5981346,5005,1160,151,PS61093DSKR-CK,784,107,6506370A,1,1
59,8,CLFTEA62,333,5970667,15035,1472,105,S61093DSKR-G2K,1181,107,6506370A,1,1
59,8,CLFTEA62,71,5936324,24822,2500,37,S62067DSGR1-G2,1190,107,6506370A,1,1
59,8,CLFTEA62,72,5936326,14850,2500,37,S62067DSGR1-G2,1190,107,6506370A,1,1
59,8,CLFTEA62,73,5936323,22299,2500,37,S62067DSGR1-G2,1190,107,6506370A,1,1
59,8,CLFTEA62,74,5936325,24827,2500,37,S62067DSGR1-G2,1190,107,6506370A,1,1
60,2,CLFTEA63,838,5974071,10058,1146,156,24780SRUYR-G2K,99,385,6571495A,1,1
60,2,CLFTEA63,1200,5980165,5030,960,156,24780SRUYR-G2K,99,385,6571495A,1,1
60,2,CLFTEA63,1205,5980157,10061,960,156,24780SRUYR-G2K,99,385,6571495A,1,1
60,2,CLFTEA63,1240,5981411,10054,926,156,24780SRUYR-G2K,99,385,6571495A,1,1
60,2,CLFTEA63,1241,5981407,10056,926,156,24780SRUYR-G2K,99,385,6571495A,1,1
60,2,CLFTEA63,1242,5981412,6879,926,156,24780SRUYR-G2K,99,385,6571495A,1,1
60,2,CLFTEA63,1248,5981408,6714,926,156,24780SRUYR-G2K,99,385,6571495A,1,1
60,2,CLFTEA63,1253,5981405,10047,926,156,24780SRUYR-G2K,99,385,6571495A,1,1
60,2,CLFTEA63,1261,5981413,5008,926,156,24780SRUYR-G2K,99,385,6571495A,1,1
60,2,CLFTEA63,1262,5981403,10062,926,156,24780SRUYR-G2K,99,385,6571495A,1,1
60,2,CLFTEA63,1263,5981402,10064,926,156,24780SRUYR-G2K,99,385,6571495A,1,1
60,2,CLFTEA63,514,5967283,9390,1342,123,BQ24770RUYR-G2,455,385,6571495A,1,1
60,2,CLFTEA63,1288,5981646,6370,921,194,BQ24777RUYR-G2,459,385,6571495A,1,1
60,2,CLFTEA63,364,5964080,9751,1439,109,SN2850RUYR-G2K,1269,385,6571495A,1,1
60,2,CLFTEA63,367,5964090,5016,1439,109,SN2850RUYR-G2K,1269,385,6571495A,1,1
60,2,CLFTEA63,484,5967144,9971,1343,109,SN2850RUYR-G2K,1269,385,6571495A,1,1
60,2,CLFTEA63,490,5967150,10041,1343,109,SN2850RUYR-G2K,1269,385,6571495A,1,1
60,2,CLFTEA63,638,5970651,10065,1238,109,SN2850RUYR-G2K,1269,385,6571495A,1,1
60,2,CLFTEA63,644,5970659,6999,1238,109,SN2850RUYR-G2K,1269,385,6571495A,1,1
60,2,CLFTEA63,666,5970658,10044,1238,109,SN2850RUYR-G2K,1269,385,6571495A,1,1
61,2,CLFTEA64,1021,5977499,13781,1040,168,259230DRCR-G2K,103,311,6547181A,1,1
61,2,CLFTEA64,1017,5977502,13801,1040,166,259231DRCR-G2K,107,311,6547181A,1,1
61,2,CLFTEA64,1033,5977505,13813,1040,167,259240DRCR-G2K,111,311,6547181A,1,1
61,2,CLFTEA64,1016,5977514,11366,1040,165,259250DRCR-G2K,115,311,6547181A,1,1
61,2,CLFTEA64,1022,5977512,13340,1040,165,259250DRCR-G2K,115,311,6547181A,1,1
61,2,CLFTEA64,1020,5977520,6822,1040,169,259250DRCT-G2K,119,311,6547181A,1,1
61,2,CLFTEA64,1030,5977521,13814,1040,171,259251DRCR-G2K,123,311,6547181A,1,1
61,2,CLFTEA64,1029,5977542,6905,1040,173,259251DRCT-G2K,127,311,6547181A,1,1
61,2,CLFTEA64,1027,5977543,13814,1040,172,259260DRCR-G2K,131,311,6547181A,1,1
61,2,CLFTEA64,371,5964100,6877,1439,100,2592BLDRCR-G2K,143,311,6547181A,1,1
61,2,CLFTEA64,532,5967546,13813,1335,91,592ALDRCR1-G2K,273,311,6547181A,1,1
61,2,CLFTEA64,534,5967543,13803,1335,91,592ALDRCR1-G2K,273,311,6547181A,1,1
61,2,CLFTEA64,536,5967544,13808,1335,91,592ALDRCR1-G2K,273,311,6547181A,1,1
62,2,CLFTEA65,42,5947053,11328,2803,30,CSD87381P1-NS2,507,347,6556617A,1,1
62,2,CLFTEA65,43,5937191,11031,2762,30,CSD87381P1-NS2,507,347,6556617A,1,1
62,2,CLFTEA65,23,5893985,7542,3753,18,CSD87588N-NS2,513,347,6556617A,1,1
62,2,CLFTEA65,461,5981688,8639,1363,18,CSD87588N-NS2,513,347,6556617A,1,1
62,2,CLFTEA65,462,5981687,8640,1363,18,CSD87588N-NS2,513,347,6556617A,1,1
62,2,CLFTEA65,463,5994631,4243,1363,18,CSD87588N-NS2,513,347,6556617A,1,1
62,2,CLFTEA65,464,5981689,8627,1363,18,CSD87588N-NS2,513,347,6556617A,1,1
62,2,CLFTEA65,465,5981686,8616,1363,18,CSD87588N-NS2,513,347,6556617A,1,1
62,2,CLFTEA65,6,5771421,13433,8122,4,SD87381P6-UNR&,1265,347,6556617A,1,1
62,2,CLFTEA65,8,5775940,13417,7989,4,SD87381P6-UNR&,1265,347,6556617A,1,1
63,2,CLFTEA66,637,5970718,13796,1238,95,5633ARTER-KDG2,265,365,6569306A,1,1
63,2,CLFTEA66,1287,5981575,6858,921,95,5633ARTER-KDG2,265,365,6569306A,1,1
63,2,CLFTEA66,303,5960414,13810,1540,67,5633BRTER-KDG2,269,365,6569306A,1,1
63,2,CLFTEA66,356,5963967,13810,1439,67,5633BRTER-KDG2,269,365,6569306A,1,1
63,2,CLFTEA66,467,5967244,13795,1343,67,5633BRTER-KDG2,269,365,6569306A,1,1
63,2,CLFTEA66,468,5967247,13810,1343,67,5633BRTER-KDG2,269,365,6569306A,1,1
63,2,CLFTEA66,470,5967243,13809,1343,67,5633BRTER-KDG2,269,365,6569306A,1,1
63,2,CLFTEA66,478,5967241,13774,1343,67,5633BRTER-KDG2,269,365,6569306A,1,1
63,2,CLFTEA66,489,5967242,13804,1343,67,5633BRTER-KDG2,269,365,6569306A,1,1
63,2,CLFTEA66,635,5970725,13687,1238,67,5633BRTER-KDG2,269,365,6569306A,1,1
63,2,CLFTEA66,1236,5981393,13725,926,67,5633BRTER-KDG2,269,365,6569306A,1,1
63,2,CLFTEA66,1255,5981398,6898,926,67,5633BRTER-KDG2,269,365,6569306A,1,1
63,2,CLFTEA66,1426,5984334,13812,839,67,5633BRTER-KDG2,269,365,6569306A,1,1
63,2,CLFTEA66,1433,5984330,6911,839,67,5633BRTER-KDG2,269,365,6569306A,1,1
63,2,CLFTEA66,1439,5984333,13711,839,67,5633BRTER-KDG2,269,365,6569306A,1,1
63,2,CLFTEA66,1652,5988526,6908,731,67,5633BRTER-KDG2,269,365,6569306A,1,1
63,2,CLFTEA66,1781,5995275,6857,541,67,5633BRTER-KDG2,269,365,6569306A,1,1
63,2,CLFTEA66,493,5967252,13640,1342,90,65633BKRTER-G2,319,365,6569306A,1,1
64,2,CLFTEA67,29,5905528,9617,3221,24,62152QRGTRQ1-L,299,142,6513992A,1,1
64,2,CLFTEA67,128,5937511,12366,2270,24,62152QRGTRQ1-L,299,142,6513992A,1,1
64,2,CLFTEA67,1005,5977187,9923,1057,163,LV62150RGTT-LY,566,142,6513992A,1,1
64,2,CLFTEA67,1687,5990927,8398,674,221,PS62140RGTR-LY,819,142,6513992A,1,1
64,2,CLFTEA67,1688,5990929,13055,674,222,PS62150RGTR-LY,831,142,6513992A,1,1
64,2,CLFTEA67,1691,5990928,16677,674,222,PS62150RGTR-LY,831,142,6513992A,1,1
64,2,CLFTEA67,1658,5989700,15707,712,219,S62130DRGTR-LY,1199,142,6513992A,1,1
64,2,CLFTEA67,1579,5987407,14596,765,212,S62140ARGTR-LY,1216,142,6513992A,1,1
64,2,CLFTEA67,1581,5987406,16895,765,212,S62140ARGTR-LY,1216,142,6513992A,1,1
64,2,CLFTEA67,1583,5987405,16848,765,212,S62140ARGTR-LY,1216,142,6513992A,1,1
64,2,CLFTEA67,1416,5984604,8446,844,203,V62130ARGTR-LY,1420,142,6513992A,1,1
64,2,CLFTEA67,1417,5984600,16230,844,203,V62130ARGTR-LY,1420,142,6513992A,1,1
65,2,CLFTEA68,34,5912986,9746,2920,26,S53211ARGTR-LK,1066,186,6521279A,1,1
65,2,CLFTEA68,100,5930506,13778,2417,26,S53211ARGTR-LK,1066,186,6521279A,1,1
65,2,CLFTEA68,101,5930507,13806,2417,26,S53211ARGTR-LK,1066,186,6521279A,1,1
65,2,CLFTEA68,102,5930503,13578,2417,26,S53211ARGTR-LK,1066,186,6521279A,1,1
65,2,CLFTEA68,103,5930509,13782,2417,26,S53211ARGTR-LK,1066,186,6521279A,1,1
66,2,CLFTEA69,1474,5984732,15059,830,206,PS54320RHLR-G2,740,56,6487925B,1,1
66,2,CLFTEA69,376,5964249,15118,1438,112,PS54821RHLR2-R,767,56,6487925B,1,1
66,2,CLFTEA69,382,5964251,14073,1438,112,PS54821RHLR2-R,767,56,6487925B,1,1
66,2,CLFTEA69,555,5968644,7516,1306,112,PS54821RHLR2-R,767,56,6487925B,1,1
66,2,CLFTEA69,559,5968636,14956,1306,112,PS54821RHLR2-R,767,56,6487925B,1,1
66,2,CLFTEA69,934,5989373,15091,1107,112,PS54821RHLR2-R,767,56,6487925B,1,1
66,2,CLFTEA69,1518,5985620,11199,807,112,PS54821RHLR2-R,767,56,6487925B,1,1
66,2,CLFTEA69,1540,5985616,15103,807,112,PS54821RHLR2-R,767,56,6487925B,1,1
66,2,CLFTEA69,486,5967122,7857,1343,108,S54620RGYR1-G2,1140,56,6487925B,1,1
66,2,CLFTEA69,1473,5984741,7541,830,108,S54620RGYR1-G2,1140,56,6487925B,1,1
66,2,CLFTEA69,1475,5984739,15110,830,108,S54620RGYR1-G2,1140,56,6487925B,1,1
66,2,CLFTEA69,1214,5981023,14137,936,185,TPS54622RHLR-L,1379,56,6487925B,1,1
66,2,CLFTEA69,1671,5989397,9861,706,185,TPS54622RHLR-L,1379,56,6487925B,1,1
66,2,CLFTEA69,1674,5989390,10009,706,185,TPS54622RHLR-L,1379,56,6487925B,1,1
67,8,CLFTEA7,369,5963959,13815,1439,67,5633BRTER-KDG2,271,365,6569306A,1,1
67,8,CLFTEA7,830,5974022,13815,1146,67,5633BRTER-KDG2,271,365,6569306A,1,1
67,8,CLFTEA7,1645,5988519,13819,731,67,5633BRTER-KDG2,271,365,6569306A,1,1
67,8,CLFTEA7,268,5956893,13807,1647,90,65633BKRTER-G2,321,365,6569306A,1,1
67,8,CLFTEA7,357,5963976,13806,1439,90,65633BKRTER-G2,321,365,6569306A,1,1
67,8,CLFTEA7,359,5963969,13815,1439,90,65633BKRTER-G2,321,365,6569306A,1,1
67,8,CLFTEA7,363,5963972,13773,1439,90,65633BKRTER-G2,321,365,6569306A,1,1
67,8,CLFTEA7,368,5963977,13773,1439,90,65633BKRTER-G2,321,365,6569306A,1,1
67,8,CLFTEA7,500,5967256,13818,1342,90,65633BKRTER-G2,321,365,6569306A,1,1
67,8,CLFTEA7,506,5967253,13730,1342,90,65633BKRTER-G2,321,365,6569306A,1,1
67,8,CLFTEA7,507,5967258,13815,1342,90,65633BKRTER-G2,321,365,6569306A,1,1
67,8,CLFTEA7,509,5967257,13730,1342,90,65633BKRTER-G2,321,365,6569306A,1,1
67,8,CLFTEA7,512,5967259,13808,1342,90,65633BKRTER-G2,321,365,6569306A,1,1
67,8,CLFTEA7,515,5967255,13813,1342,90,65633BKRTER-G2,321,365,6569306A,1,1
67,8,CLFTEA7,517,5967251,13794,1342,90,65633BKRTER-G2,321,365,6569306A,1,1
68,2,CLFTEA70,156,5953397,13813,2006,63,1312DRCR1-G2KY,47,325,6553054A,1,1
68,2,CLFTEA70,157,5953399,13817,2006,63,1312DRCR1-G2KY,47,325,6553054A,1,1
68,2,CLFTEA70,158,5953394,13818,2006,63,1312DRCR1-G2KY,47,325,6553054A,1,1
68,2,CLFTEA70,159,5953401,13815,2006,63,1312DRCR1-G2KY,47,325,6553054A,1,1
68,2,CLFTEA70,160,5953396,13818,2006,63,1312DRCR1-G2KY,47,325,6553054A,1,1
68,2,CLFTEA70,161,5953398,13819,2006,63,1312DRCR1-G2KY,47,325,6553054A,1,1
69,9,CLFTEA71,17,5827989,6904,5448,13,A2313IDRGR1-CK,367,155,6515889A,1,1
69,9,CLFTEA71,18,5827987,10568,5448,13,A2313IDRGR1-CK,367,155,6515889A,1,1
70,2,CLFTEA72,653,5970719,13812,1238,95,5633ARTER-KDG2,265,365,6569306A,1,1
70,2,CLFTEA72,657,5970720,13783,1238,95,5633ARTER-KDG2,265,365,6569306A,1,1
70,2,CLFTEA72,1268,5981573,13805,921,95,5633ARTER-KDG2,265,365,6569306A,1,1
70,2,CLFTEA72,1269,5981565,13806,921,95,5633ARTER-KDG2,265,365,6569306A,1,1
70,2,CLFTEA72,1290,5981572,13623,921,95,5633ARTER-KDG2,265,365,6569306A,1,1
70,2,CLFTEA72,479,5967249,13789,1343,67,5633BRTER-KDG2,269,365,6569306A,1,1
70,2,CLFTEA72,480,5967245,13436,1343,67,5633BRTER-KDG2,269,365,6569306A,1,1
70,2,CLFTEA72,634,5970729,13520,1238,67,5633BRTER-KDG2,269,365,6569306A,1,1
70,2,CLFTEA72,1425,5984337,7633,839,67,5633BRTER-KDG2,269,365,6569306A,1,1
70,2,CLFTEA72,1436,5984328,13754,839,67,5633BRTER-KDG2,269,365,6569306A,1,1
70,2,CLFTEA72,1440,5984335,13694,839,67,5633BRTER-KDG2,269,365,6569306A,1,1
70,2,CLFTEA72,1448,5984325,13713,839,67,5633BRTER-KDG2,269,365,6569306A,1,1
70,2,CLFTEA72,1730,5991801,13806,640,67,5633BRTER-KDG2,269,365,6569306A,1,1
70,2,CLFTEA72,1735,5991802,11468,640,67,5633BRTER-KDG2,269,365,6569306A,1,1
70,2,CLFTEA72,1642,5988470,13793,731,54,65633AKRTER-G2,315,365,6569306A,1,1
70,2,CLFTEA72,1643,5988472,13810,731,54,65633AKRTER-G2,315,365,6569306A,1,1
70,2,CLFTEA72,1649,5988473,7920,731,54,65633AKRTER-G2,315,365,6569306A,1,1
71,2,CLFTEA73,419,5967385,3817,1403,116,1409027RVER-LN,55,297,6545456B,1,1
71,2,CLFTEA73,420,5967384,4521,1403,116,1409027RVER-LN,55,297,6545456B,1,1
71,2,CLFTEA73,421,5967388,7710,1403,116,1409027RVER-LN,55,297,6545456B,1,1
71,2,CLFTEA73,422,5967393,3911,1403,116,1409027RVER-LN,55,297,6545456B,1,1
71,2,CLFTEA73,311,5963735,3868,1510,101,S51362RVER-LNY,1042,297,6545456B,1,1
71,2,CLFTEA73,312,5978669,3857,1510,101,S51362RVER-LNY,1042,297,6545456B,1,1
71,2,CLFTEA73,316,5963746,3814,1510,101,S51362RVER-LNY,1042,297,6545456B,1,1
71,2,CLFTEA73,126,5935877,6477,2293,46,S51363RVER-LNY,1046,297,6545456B,1,1
71,2,CLFTEA73,139,5942160,4254,2123,46,S51363RVER-LNY,1046,297,6545456B,1,1
71,2,CLFTEA73,153,5945619,5866,2021,46,S51363RVER-LNY,1046,297,6545456B,1,1
71,2,CLFTEA73,185,5988288,77,1910,46,S51363RVER-LNY,1046,297,6545456B,1,1
71,2,CLFTEA73,199,5966318,3789,1826,46,S51363RVER-LNY,1046,297,6545456B,1,1
71,2,CLFTEA73,200,5988289,77,1826,46,S51363RVER-LNY,1046,297,6545456B,1,1
71,2,CLFTEA73,216,5982606,3862,1725,46,S51363RVER-LNY,1046,297,6545456B,1,1
71,2,CLFTEA73,626,5985932,5784,1244,46,S51363RVER-LNY,1046,297,6545456B,1,1
71,2,CLFTEA73,627,5973029,3843,1244,46,S51363RVER-LNY,1046,297,6545456B,1,1
71,2,CLFTEA73,629,5973017,7820,1244,46,S51363RVER-LNY,1046,297,6545456B,1,1
71,2,CLFTEA73,630,5985933,7715,1244,46,S51363RVER-LNY,1046,297,6545456B,1,1
71,2,CLFTEA73,870,5976350,7830,1142,46,S51363RVER-LNY,1046,297,6545456B,1,1
71,2,CLFTEA73,871,5976352,7770,1142,46,S51363RVER-LNY,1046,297,6545456B,1,1
71,2,CLFTEA73,872,5976356,7792,1142,46,S51363RVER-LNY,1046,297,6545456B,1,1
71,2,CLFTEA73,874,5976354,7802,1142,46,S51363RVER-LNY,1046,297,6545456B,1,1
71,2,CLFTEA73,875,5990002,7747,1142,46,S51363RVER-LNY,1046,297,6545456B,1,1
71,2,CLFTEA73,876,5976357,7799,1142,46,S51363RVER-LNY,1046,297,6545456B,1,1
71,2,CLFTEA73,877,5976353,7784,1142,46,S51363RVER-LNY,1046,297,6545456B,1,1
71,2,CLFTEA73,878,5976360,3707,1142,46,S51363RVER-LNY,1046,297,6545456B,1,1
71,2,CLFTEA73,879,5976355,7843,1142,46,S51363RVER-LNY,1046,297,6545456B,1,1
71,2,CLFTEA73,880,5976358,7811,1142,46,S51363RVER-LNY,1046,297,6545456B,1,1
71,2,CLFTEA73,881,5976349,7821,1142,46,S51363RVER-LNY,1046,297,6545456B,1,1
71,2,CLFTEA73,1041,5979860,7557,1037,46,S51363RVER-LNY,1046,297,6545456B,1,1
71,2,CLFTEA73,1042,5979862,7626,1037,46,S51363RVER-LNY,1046,297,6545456B,1,1
71,2,CLFTEA73,1043,5979857,7609,1037,46,S51363RVER-LNY,1046,297,6545456B,1,1
71,2,CLFTEA73,1044,5979865,7721,1037,46,S51363RVER-LNY,1046,297,6545456B,1,1
71,2,CLFTEA73,737,5974932,3896,1176,133,S51367RVER-LNY,1050,297,6545456B,1,1
72,2,CLFTEA74,149,5945809,4989,2032,60,54361QDPRRQ1-C,257,357,6567540A,1,1
72,2,CLFTEA74,150,5945808,5219,2032,60,54361QDPRRQ1-C,257,357,6567540A,1,1
72,2,CLFTEA74,1166,5979437,10043,977,189,TPS54341DPRR-C,1360,357,6567540A,1,1
72,2,CLFTEA74,1167,5979442,10050,977,189,TPS54341DPRR-C,1360,357,6567540A,1,1
72,2,CLFTEA74,1168,5979439,10037,977,189,TPS54341DPRR-C,1360,357,6567540A,1,1
72,2,CLFTEA74,1171,5979440,10063,977,189,TPS54341DPRR-C,1360,357,6567540A,1,1
72,2,CLFTEA74,1172,5979432,10059,977,189,TPS54341DPRR-C,1360,357,6567540A,1,1
72,2,CLFTEA74,1173,5979438,10030,977,189,TPS54341DPRR-C,1360,357,6567540A,1,1
72,2,CLFTEA74,1156,5978740,5020,1006,186,TPS54541DPRR-C,1373,357,6567540A,1,1
72,2,CLFTEA74,1157,5978739,5190,1006,186,TPS54541DPRR-C,1373,357,6567540A,1,1
73,2,CLFTEA75,1216,5981050,7180,935,191,TPS53317RGBR-L,1356,183,6520958B,1,1
73,2,CLFTEA75,1217,5981053,7141,935,191,TPS53317RGBR-L,1356,183,6520958B,1,1
73,2,CLFTEA75,1218,5981054,3576,935,191,TPS53317RGBR-L,1356,183,6520958B,1,1
73,2,CLFTEA75,1219,5981048,7186,935,191,TPS53317RGBR-L,1356,183,6520958B,1,1
73,2,CLFTEA75,1220,5981049,7189,935,191,TPS53317RGBR-L,1356,183,6520958B,1,1
73,2,CLFTEA75,1221,5981052,7188,935,191,TPS53317RGBR-L,1356,183,6520958B,1,1
73,2,CLFTEA75,1222,5981051,7113,935,191,TPS53317RGBR-L,1356,183,6520958B,1,1
73,2,CLFTEA75,1697,5990934,5680,664,191,TPS53317RGBR-L,1356,183,6520958B,1,1
73,2,CLFTEA75,1698,5990931,7140,664,191,TPS53317RGBR-L,1356,183,6520958B,1,1
73,2,CLFTEA75,1699,5990933,7190,664,191,TPS53317RGBR-L,1356,183,6520958B,1,1
73,2,CLFTEA75,1700,5990935,3593,664,191,TPS53317RGBR-L,1356,183,6520958B,1,1
73,2,CLFTEA75,1701,5990932,7182,664,191,TPS53317RGBR-L,1356,183,6520958B,1,1
73,2,CLFTEA75,1763,5994015,7183,575,191,TPS53317RGBR-L,1356,183,6520958B,1,1
73,2,CLFTEA75,1764,5994012,7191,575,191,TPS53317RGBR-L,1356,183,6520958B,1,1
73,2,CLFTEA75,1765,5994011,7179,575,191,TPS53317RGBR-L,1356,183,6520958B,1,1
74,2,CLFTEA76,285,5967180,24032,1576,98,294700DSGR-G2K,154,309,6547137A,1,1
74,2,CLFTEA76,334,5970675,24836,1471,98,294700DSGR-G2K,154,309,6547137A,1,1
74,2,CLFTEA76,335,5970676,24834,1471,98,294700DSGR-G2K,154,309,6547137A,1,1
74,2,CLFTEA76,435,5973971,24833,1379,98,294700DSGR-G2K,154,309,6547137A,1,1
74,2,CLFTEA76,436,5973974,24829,1379,98,294700DSGR-G2K,154,309,6547137A,1,1
74,2,CLFTEA76,437,5973972,24828,1379,98,294700DSGR-G2K,154,309,6547137A,1,1
74,2,CLFTEA76,438,5973973,24834,1379,98,294700DSGR-G2K,154,309,6547137A,1,1
74,2,CLFTEA76,1060,5984350,13270,1033,178,94707DSGR1-G2K,343,309,6547137A,1,1
75,2,CLFTEA77,1582,5987137,15087,765,211,24735RGRR1-G2K,91,137,6512615D,1,1
75,2,CLFTEA77,643,5970620,15068,1238,139,24737RGRR1-G2K,95,137,6512615D,1,1
75,2,CLFTEA77,659,5970623,14779,1238,139,24737RGRR1-G2K,95,137,6512615D,1,1
75,2,CLFTEA77,663,5970613,15093,1238,139,24737RGRR1-G2K,95,137,6512615D,1,1
75,2,CLFTEA77,808,5973925,15079,1146,139,24737RGRR1-G2K,95,137,6512615D,1,1
75,2,CLFTEA77,823,5973922,15061,1146,139,24737RGRR1-G2K,95,137,6512615D,1,1
75,2,CLFTEA77,825,5973920,15106,1146,139,24737RGRR1-G2K,95,137,6512615D,1,1
75,2,CLFTEA77,834,5973927,15081,1146,139,24737RGRR1-G2K,95,137,6512615D,1,1
75,2,CLFTEA77,835,5973929,15076,1146,139,24737RGRR1-G2K,95,137,6512615D,1,1
75,2,CLFTEA77,1059,5977784,7525,1033,139,24737RGRR1-G2K,95,137,6512615D,1,1
75,2,CLFTEA77,1067,5977780,14753,1033,139,24737RGRR1-G2K,95,137,6512615D,1,1
75,2,CLFTEA77,1068,5977779,15102,1033,139,24737RGRR1-G2K,95,137,6512615D,1,1
75,2,CLFTEA77,1229,5981032,7350,927,192,Q24735RGRR1-LK,1008,137,6512615D,1,1
75,2,CLFTEA77,1232,5981031,9384,927,192,Q24735RGRR1-LK,1008,137,6512615D,1,1
75,2,CLFTEA77,1234,5981034,15094,927,192,Q24735RGRR1-LK,1008,137,6512615D,1,1
75,2,CLFTEA77,1235,5981035,15076,927,192,Q24735RGRR1-LK,1008,137,6512615D,1,1
76,2,CLFTEA78,863,5974112,10060,1145,159,S542941RSAR-G2,1104,333,6553495A,1,1
76,2,CLFTEA78,864,5974113,7900,1145,159,S542941RSAR-G2,1104,333,6553495A,1,1
76,2,CLFTEA78,866,5974110,10045,1145,159,S542941RSAR-G2,1104,333,6553495A,1,1
76,2,CLFTEA78,867,5974108,10067,1145,159,S542941RSAR-G2,1104,333,6553495A,1,1
76,2,CLFTEA78,868,5974111,10061,1145,159,S542941RSAR-G2,1104,333,6553495A,1,1
76,2,CLFTEA78,869,5974109,10072,1145,159,S542941RSAR-G2,1104,333,6553495A,1,1
76,2,CLFTEA78,146,5942951,9503,2051,58,S54495RSAR1-G2,1134,333,6553495A,1,1
76,2,CLFTEA78,147,5942952,4960,2051,58,S54495RSAR1-G2,1134,333,6553495A,1,1
77,2,CLFTEA79,75,5936311,24675,2499,38,BQ24311DSGR-G2,451,410,6576907B,1,1
77,2,CLFTEA79,104,5939759,23588,2403,38,BQ24311DSGR-G2,451,410,6576907B,1,1
77,2,CLFTEA79,581,5977210,24815,1278,131,Q24314ADSGR-G2,973,410,6576907B,1,1
77,2,CLFTEA79,582,5977215,24837,1278,131,Q24314ADSGR-G2,973,410,6576907B,1,1
77,2,CLFTEA79,583,5977214,24834,1278,131,Q24314ADSGR-G2,973,410,6576907B,1,1
77,2,CLFTEA79,587,5977217,17695,1278,131,Q24314ADSGR-G2,973,410,6576907B,1,1
77,2,CLFTEA79,588,5977211,24782,1278,131,Q24314ADSGR-G2,973,410,6576907B,1,1
77,2,CLFTEA79,589,5977213,24835,1278,131,Q24314ADSGR-G2,973,410,6576907B,1,1
77,2,CLFTEA79,590,5977216,24837,1278,131,Q24314ADSGR-G2,973,410,6576907B,1,1
80,2,CLFTEA81,1013,5977225,13802,1044,95,5633ARTER-KDG2,265,365,6569306A,1,1
80,2,CLFTEA81,1275,5981569,13808,921,95,5633ARTER-KDG2,265,365,6569306A,1,1
80,2,CLFTEA81,1291,5981568,13729,921,95,5633ARTER-KDG2,265,365,6569306A,1,1
80,2,CLFTEA81,1297,5981571,13810,921,95,5633ARTER-KDG2,265,365,6569306A,1,1
80,2,CLFTEA81,474,5967250,10776,1343,67,5633BRTER-KDG2,269,365,6569306A,1,1
80,2,CLFTEA81,485,5967248,13683,1343,67,5633BRTER-KDG2,269,365,6569306A,1,1
80,2,CLFTEA81,1238,5981383,6894,926,67,5633BRTER-KDG2,269,365,6569306A,1,1
80,2,CLFTEA81,1243,5981390,13797,926,67,5633BRTER-KDG2,269,365,6569306A,1,1
80,2,CLFTEA81,1251,5981391,10650,926,67,5633BRTER-KDG2,269,365,6569306A,1,1
80,2,CLFTEA81,1257,5981396,13765,926,67,5633BRTER-KDG2,269,365,6569306A,1,1
80,2,CLFTEA81,1422,5984327,13805,839,67,5633BRTER-KDG2,269,365,6569306A,1,1
80,2,CLFTEA81,1430,5984332,13797,839,67,5633BRTER-KDG2,269,365,6569306A,1,1
80,2,CLFTEA81,1637,5988525,9666,731,67,5633BRTER-KDG2,269,365,6569306A,1,1
80,2,CLFTEA81,1640,5988522,13658,731,67,5633BRTER-KDG2,269,365,6569306A,1,1
80,2,CLFTEA81,138,5939904,13805,2141,54,65633AKRTER-G2,315,365,6569306A,1,1
80,2,CLFTEA81,270,5956880,13802,1647,54,65633AKRTER-G2,315,365,6569306A,1,1
80,2,CLFTEA81,1651,5988460,13805,731,54,65633AKRTER-G2,315,365,6569306A,1,1
82,2,CLFTEA83,1497,5984734,15099,830,206,PS54320RHLR-G2,740,56,6487925B,1,1
82,2,CLFTEA83,383,5964248,15111,1438,112,PS54821RHLR2-R,767,56,6487925B,1,1
82,2,CLFTEA83,560,5968643,13952,1306,112,PS54821RHLR2-R,767,56,6487925B,1,1
82,2,CLFTEA83,561,5968638,15093,1306,112,PS54821RHLR2-R,767,56,6487925B,1,1
82,2,CLFTEA83,562,5968640,15101,1306,112,PS54821RHLR2-R,767,56,6487925B,1,1
82,2,CLFTEA83,567,5968641,15081,1306,112,PS54821RHLR2-R,767,56,6487925B,1,1
82,2,CLFTEA83,568,5968639,15103,1306,112,PS54821RHLR2-R,767,56,6487925B,1,1
82,2,CLFTEA83,1539,5985621,7556,807,112,PS54821RHLR2-R,767,56,6487925B,1,1
82,2,CLFTEA83,1659,5989362,7552,707,112,PS54821RHLR2-R,767,56,6487925B,1,1
82,2,CLFTEA83,1476,5984740,8316,830,108,S54620RGYR1-G2,1140,56,6487925B,1,1
82,2,CLFTEA83,1493,5984743,15093,830,108,S54620RGYR1-G2,1140,56,6487925B,1,1
82,2,CLFTEA83,1504,5984737,15097,830,108,S54620RGYR1-G2,1140,56,6487925B,1,1
82,2,CLFTEA83,1151,5978603,14982,1010,185,TPS54622RHLR-L,1379,56,6487925B,1,1
83,2,CLFTEA84,47,5920809,11151,2722,31,PS40190DRCR-BY,673,76,6494476A,1,1
83,2,CLFTEA84,323,5961661,10693,1502,31,PS40190DRCR-BY,673,76,6494476A,1,1
83,2,CLFTEA84,416,5965099,10691,1405,31,PS40190DRCR-BY,673,76,6494476A,1,1
83,2,CLFTEA84,417,5965098,14981,1405,31,PS40190DRCR-BY,673,76,6494476A,1,1
83,2,CLFTEA84,418,5965097,16875,1405,31,PS40190DRCR-BY,673,76,6494476A,1,1
83,2,CLFTEA84,1514,5985792,10840,809,31,PS40190DRCR-BY,673,76,6494476A,1,1
83,2,CLFTEA84,1751,5993191,16916,611,31,PS40190DRCR-BY,673,76,6494476A,1,1
83,2,CLFTEA84,1752,5993196,16840,611,31,PS40190DRCR-BY,673,76,6494476A,1,1
84,4,CLFTEA85,254,5957784,4124,1661,87,1402065RVER-LN,52,280,6543758C,1,1
84,4,CLFTEA85,255,5957782,6270,1661,87,1402065RVER-LN,52,280,6543758C,1,1
84,4,CLFTEA85,256,5957783,3778,1661,87,1402065RVER-LN,52,280,6543758C,1,1
84,4,CLFTEA85,257,5976364,1433,1661,87,1402065RVER-LN,52,280,6543758C,1,1
84,4,CLFTEA85,258,5957781,7619,1661,87,1402065RVER-LN,52,280,6543758C,1,1
84,4,CLFTEA85,259,5957778,7659,1661,87,1402065RVER-LN,52,280,6543758C,1,1
84,4,CLFTEA85,164,5962914,7736,1987,66,53515RVER2-LN#,241,280,6543758C,1,1
84,4,CLFTEA85,165,5962916,7765,1987,66,53515RVER2-LN#,241,280,6543758C,1,1
84,4,CLFTEA85,166,5962918,4902,1987,66,53515RVER2-LN#,241,280,6543758C,1,1
84,4,CLFTEA85,167,5962919,3869,1987,66,53515RVER2-LN#,241,280,6543758C,1,1
84,4,CLFTEA85,130,5986016,7597,2222,49,PS53513RVER-LN,723,280,6543758C,1,1
84,4,CLFTEA85,131,5986015,4348,2222,49,PS53513RVER-LN,723,280,6543758C,1,1
84,4,CLFTEA85,1153,5980699,4091,1010,49,PS53513RVER-LN,723,280,6543758C,1,1
84,4,CLFTEA85,1452,5987079,7667,834,49,PS53513RVER-LN,723,280,6543758C,1,1
84,4,CLFTEA85,1453,5987064,7802,834,49,PS53513RVER-LN,723,280,6543758C,1,1
84,4,CLFTEA85,1454,5987066,7634,834,49,PS53513RVER-LN,723,280,6543758C,1,1
84,4,CLFTEA85,1456,5987073,7813,834,49,PS53513RVER-LN,723,280,6543758C,1,1
84,4,CLFTEA85,1457,5987067,7530,834,49,PS53513RVER-LN,723,280,6543758C,1,1
84,4,CLFTEA85,1459,5987074,7645,834,49,PS53513RVER-LN,723,280,6543758C,1,1
84,4,CLFTEA85,1460,5987069,7756,834,49,PS53513RVER-LN,723,280,6543758C,1,1
84,4,CLFTEA85,1461,5987063,7542,834,49,PS53513RVER-LN,723,280,6543758C,1,1
84,4,CLFTEA85,1462,5987078,7765,834,49,PS53513RVER-LN,723,280,6543758C,1,1
84,4,CLFTEA85,1464,5987068,7832,834,49,PS53513RVER-LN,723,280,6543758C,1,1
84,4,CLFTEA85,1465,5987075,7797,834,49,PS53513RVER-LN,723,280,6543758C,1,1
84,4,CLFTEA85,14,5820733,7567,5693,10,S53515ARVER-LN,1093,280,6543758C,1,1
85,2,CLFTEA86,998,5976156,7957,1070,162,PS54426RSAR1-L,754,181,6520265B,1,1
85,2,CLFTEA86,999,5976153,10066,1070,162,PS54426RSAR1-L,754,181,6520265B,1,1
85,2,CLFTEA86,1000,5976151,10041,1070,162,PS54426RSAR1-L,754,181,6520265B,1,1
85,2,CLFTEA86,1001,5976152,10061,1070,162,PS54426RSAR1-L,754,181,6520265B,1,1
85,2,CLFTEA86,1002,5976154,10051,1070,162,PS54426RSAR1-L,754,181,6520265B,1,1
85,2,CLFTEA86,1003,5976155,9996,1070,162,PS54426RSAR1-L,754,181,6520265B,1,1
85,2,CLFTEA86,205,5906930,4972,1776,71,S54429ERSAR2-L,1127,181,6520265B,1,1
85,2,CLFTEA86,209,5906928,6560,1776,71,S54429ERSAR2-L,1127,181,6520265B,1,1
86,10,CLFTEA87,621,5925376,15548,1247,130,PS25810RVCR-G2,634,470,6590151A,1,1
86,10,CLFTEA87,622,5925380,15496,1247,130,PS25810RVCR-G2,634,470,6590151A,1,1
86,10,CLFTEA87,623,5925375,15302,1247,130,PS25810RVCR-G2,634,470,6590151A,1,1
86,10,CLFTEA87,793,5928826,15548,1147,130,PS25810RVCR-G2,634,470,6590151A,1,1
86,10,CLFTEA87,794,5928825,15539,1147,130,PS25810RVCR-G2,634,470,6590151A,1,1
86,10,CLFTEA87,795,5928824,15513,1147,130,PS25810RVCR-G2,634,470,6590151A,1,1
86,10,CLFTEA87,796,5928818,15546,1147,130,PS25810RVCR-G2,634,470,6590151A,1,1
86,10,CLFTEA87,797,5928820,15542,1147,130,PS25810RVCR-G2,634,470,6590151A,1,1
86,10,CLFTEA87,798,5928827,15528,1147,130,PS25810RVCR-G2,634,470,6590151A,1,1
86,10,CLFTEA87,799,5928822,15546,1147,130,PS25810RVCR-G2,634,470,6590151A,1,1
86,10,CLFTEA87,800,5928821,15541,1147,130,PS25810RVCR-G2,634,470,6590151A,1,1
86,10,CLFTEA87,1075,5932938,10357,1031,130,PS25810RVCR-G2,634,470,6590151A,1,1
86,10,CLFTEA87,1076,5932939,7741,1031,130,PS25810RVCR-G2,634,470,6590151A,1,1
87,2,CLFTEA88,32,5859725,6107,3158,25,001DRBR1-G2QN#,3,133,6512302B,1,1
87,2,CLFTEA88,645,5970715,7180,1238,140,A8001DRBR2-G2K,403,133,6512302B,1,1
87,2,CLFTEA88,647,5970712,13807,1238,140,A8001DRBR2-G2K,403,133,6512302B,1,1
87,2,CLFTEA88,837,5973994,13784,1146,140,A8001DRBR2-G2K,403,133,6512302B,1,1
87,2,CLFTEA88,844,5973997,13800,1146,140,A8001DRBR2-G2K,403,133,6512302B,1,1
87,2,CLFTEA88,845,5974004,13440,1146,140,A8001DRBR2-G2K,403,133,6512302B,1,1
87,2,CLFTEA88,851,5974006,8619,1146,140,A8001DRBR2-G2K,403,133,6512302B,1,1
87,2,CLFTEA88,858,5974002,13811,1146,140,A8001DRBR2-G2K,403,133,6512302B,1,1
87,2,CLFTEA88,1271,5981558,13814,921,140,A8001DRBR2-G2K,403,133,6512302B,1,1
87,2,CLFTEA88,1272,5981560,13723,921,140,A8001DRBR2-G2K,403,133,6512302B,1,1
87,2,CLFTEA88,1284,5981562,6908,921,140,A8001DRBR2-G2K,403,133,6512302B,1,1
87,2,CLFTEA88,1480,5984782,13803,830,140,A8001DRBR2-G2K,403,133,6512302B,1,1
87,2,CLFTEA88,1495,5984783,13814,830,140,A8001DRBR2-G2K,403,133,6512302B,1,1
87,2,CLFTEA88,733,5972955,5754,1178,147,S7A8101DRBR-G2,1258,133,6512302B,1,1
88,11,CLFTEA89,140,5942008,5894,2083,55,A3221AIRGVR-ZK,382,258,6529675B,1,1
88,11,CLFTEA89,1150,5978517,5029,1010,55,A3221AIRGVR-ZK,382,258,6529675B,1,1
88,11,CLFTEA89,1152,5978514,10069,1010,55,A3221AIRGVR-ZK,382,258,6529675B,1,1
88,11,CLFTEA89,1320,5982290,10067,902,55,A3221AIRGVR-ZK,382,258,6529675B,1,1
88,11,CLFTEA89,1321,5982294,10070,902,55,A3221AIRGVR-ZK,382,258,6529675B,1,1
88,11,CLFTEA89,1323,5982297,10077,902,55,A3221AIRGVR-ZK,382,258,6529675B,1,1
88,11,CLFTEA89,1324,5982289,10058,902,55,A3221AIRGVR-ZK,382,258,6529675B,1,1
88,11,CLFTEA89,1326,5982291,9799,902,55,A3221AIRGVR-ZK,382,258,6529675B,1,1
88,11,CLFTEA89,1331,5982288,10054,902,55,A3221AIRGVR-ZK,382,258,6529675B,1,1
88,11,CLFTEA89,1334,5982293,10063,902,55,A3221AIRGVR-ZK,382,258,6529675B,1,1
88,11,CLFTEA89,1335,5982298,10070,902,55,A3221AIRGVR-ZK,382,258,6529675B,1,1
88,11,CLFTEA89,1336,5982300,7207,902,55,A3221AIRGVR-ZK,382,258,6529675B,1,1
88,11,CLFTEA89,1337,5982295,9963,902,55,A3221AIRGVR-ZK,382,258,6529675B,1,1
88,11,CLFTEA89,1338,5982296,10057,902,55,A3221AIRGVR-ZK,382,258,6529675B,1,1
88,11,CLFTEA89,1339,5982299,10061,902,55,A3221AIRGVR-ZK,382,258,6529675B,1,1
88,11,CLFTEA89,1340,5982287,10046,902,55,A3221AIRGVR-ZK,382,258,6529675B,1,1
88,11,CLFTEA89,1343,5982292,10071,902,55,A3221AIRGVR-ZK,382,258,6529675B,1,1
88,11,CLFTEA89,1344,5982286,10076,902,55,A3221AIRGVR-ZK,382,258,6529675B,1,1
88,11,CLFTEA89,1345,5982285,10071,902,55,A3221AIRGVR-ZK,382,258,6529675B,1,1
88,11,CLFTEA89,1521,5985576,8460,807,55,A3221AIRGVR-ZK,382,258,6529675B,1,1
88,11,CLFTEA89,1532,5985584,8506,807,55,A3221AIRGVR-ZK,382,258,6529675B,1,1
88,11,CLFTEA89,1535,5985582,10011,807,55,A3221AIRGVR-ZK,382,258,6529675B,1,1
88,11,CLFTEA89,1668,5989502,5028,706,55,A3221AIRGVR-ZK,382,258,6529675B,1,1
88,11,CLFTEA89,1680,5989495,6188,706,55,A3221AIRGVR-ZK,382,258,6529675B,1,1
89,7,CLFTEA9,604,5969781,13813,1269,135,TPS2555DRCR-C,1294,207,6523514A,1,1
89,7,CLFTEA9,617,5969775,13775,1269,135,TPS2555DRCR-C,1294,207,6523514A,1,1
89,7,CLFTEA9,618,5969779,13435,1269,135,TPS2555DRCR-C,1294,207,6523514A,1,1
89,7,CLFTEA9,970,5976093,12647,1078,135,TPS2555DRCR-C,1294,207,6523514A,1,1
89,7,CLFTEA9,1327,5982354,13810,902,135,TPS2555DRCR-C,1294,207,6523514A,1,1
89,7,CLFTEA9,1330,5982348,13816,902,135,TPS2555DRCR-C,1294,207,6523514A,1,1
89,7,CLFTEA9,1332,5982347,13806,902,135,TPS2555DRCR-C,1294,207,6523514A,1,1
89,7,CLFTEA9,1341,5982350,13800,902,135,TPS2555DRCR-C,1294,207,6523514A,1,1
89,7,CLFTEA9,1347,5982349,13821,902,135,TPS2555DRCR-C,1294,207,6523514A,1,1
89,7,CLFTEA9,1590,5987398,13765,755,135,TPS2555DRCR-C,1294,207,6523514A,1,1
89,7,CLFTEA9,1591,5987402,6909,755,135,TPS2555DRCR-C,1294,207,6523514A,1,1
90,11,CLFTEA90,1008,5968570,10074,1048,164,BQ25890RTWR-G2,472,428,6579768C,1,1
90,11,CLFTEA90,1179,5971009,10075,976,164,BQ25890RTWR-G2,472,428,6579768C,1,1
90,11,CLFTEA90,1180,5971018,10075,976,164,BQ25890RTWR-G2,472,428,6579768C,1,1
90,11,CLFTEA90,1185,5971005,10076,976,164,BQ25890RTWR-G2,472,428,6579768C,1,1
90,11,CLFTEA90,1186,5971022,10077,976,164,BQ25890RTWR-G2,472,428,6579768C,1,1
90,11,CLFTEA90,1187,5971024,10075,976,164,BQ25890RTWR-G2,472,428,6579768C,1,1
90,11,CLFTEA90,1188,5971020,10071,976,164,BQ25890RTWR-G2,472,428,6579768C,1,1
90,11,CLFTEA90,1191,5971021,10080,976,164,BQ25890RTWR-G2,472,428,6579768C,1,1
90,11,CLFTEA90,1192,5971007,10065,976,164,BQ25890RTWR-G2,472,428,6579768C,1,1
90,11,CLFTEA90,1195,5971010,10071,976,164,BQ25890RTWR-G2,472,428,6579768C,1,1
90,11,CLFTEA90,1556,5977638,10076,780,164,BQ25890RTWR-G2,472,428,6579768C,1,1
90,11,CLFTEA90,1560,5977645,10076,780,164,BQ25890RTWR-G2,472,428,6579768C,1,1
90,11,CLFTEA90,1561,5977632,10076,780,164,BQ25890RTWR-G2,472,428,6579768C,1,1
90,11,CLFTEA90,1562,5977644,10076,780,164,BQ25890RTWR-G2,472,428,6579768C,1,1
90,11,CLFTEA90,1563,5977636,10078,780,164,BQ25890RTWR-G2,472,428,6579768C,1,1
90,11,CLFTEA90,1565,5977630,10080,780,164,BQ25890RTWR-G2,472,428,6579768C,1,1
90,11,CLFTEA90,1568,5977643,10078,780,164,BQ25890RTWR-G2,472,428,6579768C,1,1
90,11,CLFTEA90,1571,5977639,10078,780,164,BQ25890RTWR-G2,472,428,6579768C,1,1
90,11,CLFTEA90,1572,5977649,10077,780,164,BQ25890RTWR-G2,472,428,6579768C,1,1
90,11,CLFTEA90,1574,5977647,10076,780,164,BQ25890RTWR-G2,472,428,6579768C,1,1
90,11,CLFTEA90,1577,5977642,10078,780,164,BQ25890RTWR-G2,472,428,6579768C,1,1
90,11,CLFTEA90,1706,5981661,5037,663,164,BQ25890RTWR-G2,472,428,6579768C,1,1
90,11,CLFTEA90,1710,5981656,5035,663,164,BQ25890RTWR-G2,472,428,6579768C,1,1
90,11,CLFTEA90,1821,5987054,7847,467,164,BQ25890RTWR-G2,472,428,6579768C,1,1
90,11,CLFTEA90,262,5936078,5034,1654,81,BQ25892RTWR-G2,473,428,6579768C,1,1
90,11,CLFTEA90,325,5941876,10062,1492,81,BQ25892RTWR-G2,473,428,6579768C,1,1
91,5,CLFTEA91,708,5971830,2572,1202,143,N0706026RHHR-B,592,32,6479550B,1,1
91,5,CLFTEA91,712,5971840,5169,1202,143,N0706026RHHR-B,592,32,6479550B,1,1
91,5,CLFTEA91,942,5975035,5143,1102,143,N0706026RHHR-B,592,32,6479550B,1,1
91,5,CLFTEA91,943,5975032,5174,1102,143,N0706026RHHR-B,592,32,6479550B,1,1
91,5,CLFTEA91,944,5975046,3383,1102,143,N0706026RHHR-B,592,32,6479550B,1,1
91,5,CLFTEA91,945,5975039,5179,1102,143,N0706026RHHR-B,592,32,6479550B,1,1
91,5,CLFTEA91,946,5975038,5165,1102,143,N0706026RHHR-B,592,32,6479550B,1,1
91,5,CLFTEA91,948,5975031,5160,1102,143,N0706026RHHR-B,592,32,6479550B,1,1
91,5,CLFTEA91,949,5975034,5141,1102,143,N0706026RHHR-B,592,32,6479550B,1,1
91,5,CLFTEA91,950,5975044,5128,1102,143,N0706026RHHR-B,592,32,6479550B,1,1
91,5,CLFTEA91,951,5975030,5182,1102,143,N0706026RHHR-B,592,32,6479550B,1,1
91,5,CLFTEA91,952,5975029,5172,1102,143,N0706026RHHR-B,592,32,6479550B,1,1
91,5,CLFTEA91,953,5975033,5111,1102,143,N0706026RHHR-B,592,32,6479550B,1,1
91,5,CLFTEA91,954,5975042,5178,1102,143,N0706026RHHR-B,592,32,6479550B,1,1
91,5,CLFTEA91,1196,5979549,5128,968,143,N0706026RHHR-B,592,32,6479550B,1,1
91,5,CLFTEA91,1197,5979548,5132,968,143,N0706026RHHR-B,592,32,6479550B,1,1
91,5,CLFTEA91,1198,5979553,5169,968,143,N0706026RHHR-B,592,32,6479550B,1,1
91,5,CLFTEA91,1199,5979546,5114,968,143,N0706026RHHR-B,592,32,6479550B,1,1
92,11,CLFTEA92,1178,5971019,10030,976,164,BQ25890RTWR-G2,472,428,6579768C,1,1
92,11,CLFTEA92,1182,5971025,10079,976,164,BQ25890RTWR-G2,472,428,6579768C,1,1
92,11,CLFTEA92,1183,5971003,10071,976,164,BQ25890RTWR-G2,472,428,6579768C,1,1
92,11,CLFTEA92,1189,5971008,10077,976,164,BQ25890RTWR-G2,472,428,6579768C,1,1
92,11,CLFTEA92,1190,5971017,9950,976,164,BQ25890RTWR-G2,472,428,6579768C,1,1
92,11,CLFTEA92,1398,5975297,10071,846,164,BQ25890RTWR-G2,472,428,6579768C,1,1
92,11,CLFTEA92,1403,5975292,10073,846,164,BQ25890RTWR-G2,472,428,6579768C,1,1
92,11,CLFTEA92,1404,5975305,10074,846,164,BQ25890RTWR-G2,472,428,6579768C,1,1
92,11,CLFTEA92,1406,5975302,10079,846,164,BQ25890RTWR-G2,472,428,6579768C,1,1
92,11,CLFTEA92,1407,5975306,10074,846,164,BQ25890RTWR-G2,472,428,6579768C,1,1
92,11,CLFTEA92,1557,5977631,10075,780,164,BQ25890RTWR-G2,472,428,6579768C,1,1
92,11,CLFTEA92,1558,5977634,10032,780,164,BQ25890RTWR-G2,472,428,6579768C,1,1
92,11,CLFTEA92,1564,5977637,10066,780,164,BQ25890RTWR-G2,472,428,6579768C,1,1
92,11,CLFTEA92,1566,5977646,10075,780,164,BQ25890RTWR-G2,472,428,6579768C,1,1
92,11,CLFTEA92,1567,5977641,10064,780,164,BQ25890RTWR-G2,472,428,6579768C,1,1
92,11,CLFTEA92,1569,5977633,10049,780,164,BQ25890RTWR-G2,472,428,6579768C,1,1
92,11,CLFTEA92,1573,5977648,10074,780,164,BQ25890RTWR-G2,472,428,6579768C,1,1
92,11,CLFTEA92,1575,5977635,10058,780,164,BQ25890RTWR-G2,472,428,6579768C,1,1
92,11,CLFTEA92,1576,5977629,10065,780,164,BQ25890RTWR-G2,472,428,6579768C,1,1
92,11,CLFTEA92,1775,5983139,5030,574,164,BQ25890RTWR-G2,472,428,6579768C,1,1
92,11,CLFTEA92,1805,5985778,5039,504,164,BQ25890RTWR-G2,472,428,6579768C,1,1
92,11,CLFTEA92,1810,5986453,5029,476,164,BQ25890RTWR-G2,472,428,6579768C,1,1
92,11,CLFTEA92,1823,5988538,5034,433,164,BQ25890RTWR-G2,472,428,6579768C,1,1
92,11,CLFTEA92,261,5936086,5031,1654,81,BQ25892RTWR-G2,473,428,6579768C,1,1
92,11,CLFTEA92,276,5937339,5039,1624,81,BQ25892RTWR-G2,473,428,6579768C,1,1
92,11,CLFTEA92,306,5940700,10071,1525,81,BQ25892RTWR-G2,473,428,6579768C,1,1
92,11,CLFTEA92,326,5941879,10053,1492,81,BQ25892RTWR-G2,473,428,6579768C,1,1
92,11,CLFTEA92,1866,5982284,5039,246,81,BQ25892RTWR-G2,473,428,6579768C,1,1
95,14,CLFTEA95,9,5934343,77,7508,5,PS53318DQPR-LN,717,190,6522167C,1,1
95,14,CLFTEA95,271,5973165,4586,1643,92,PS53355DQPR-CN,721,190,6522167C,1,1
95,14,CLFTEA95,290,5962786,6859,1542,92,PS53355DQPR-CN,721,190,6522167C,1,1
95,14,CLFTEA95,309,5963820,6964,1510,92,PS53355DQPR-CN,721,190,6522167C,1,1
95,14,CLFTEA95,310,5978169,6772,1510,92,PS53355DQPR-CN,721,190,6522167C,1,1
95,14,CLFTEA95,313,5963811,3445,1510,92,PS53355DQPR-CN,721,190,6522167C,1,1
95,14,CLFTEA95,314,5963816,3839,1510,92,PS53355DQPR-CN,721,190,6522167C,1,1
95,14,CLFTEA95,317,5963818,6993,1510,92,PS53355DQPR-CN,721,190,6522167C,1,1
95,14,CLFTEA95,318,5979953,6878,1510,92,PS53355DQPR-CN,721,190,6522167C,1,1
95,14,CLFTEA95,319,5963819,4869,1510,92,PS53355DQPR-CN,721,190,6522167C,1,1
95,14,CLFTEA95,320,5963821,6879,1510,92,PS53355DQPR-CN,721,190,6522167C,1,1
95,14,CLFTEA95,403,5967096,6892,1409,92,PS53355DQPR-CN,721,190,6522167C,1,1
95,14,CLFTEA95,407,5980705,3968,1409,92,PS53355DQPR-CN,721,190,6522167C,1,1
95,14,CLFTEA95,408,5967097,4668,1409,92,PS53355DQPR-CN,721,190,6522167C,1,1
95,14,CLFTEA95,411,5980704,6750,1409,92,PS53355DQPR-CN,721,190,6522167C,1,1
95,14,CLFTEA95,404,5967056,4647,1409,115,S53353DQPR2-CN,1084,190,6522167C,1,1
95,14,CLFTEA95,405,5967061,5489,1409,115,S53353DQPR2-CN,1084,190,6522167C,1,1
95,14,CLFTEA95,406,5967060,6967,1409,115,S53353DQPR2-CN,1084,190,6522167C,1,1
95,14,CLFTEA95,409,5967066,6806,1409,115,S53353DQPR2-CN,1084,190,6522167C,1,1
95,14,CLFTEA95,410,5967065,6836,1409,115,S53353DQPR2-CN,1084,190,6522167C,1,1
95,14,CLFTEA95,412,5967062,3414,1409,115,S53353DQPR2-CN,1084,190,6522167C,1,1
95,14,CLFTEA95,413,5967067,6913,1409,115,S53353DQPR2-CN,1084,190,6522167C,1,1
95,14,CLFTEA95,414,5967057,3420,1409,115,S53353DQPR2-CN,1084,190,6522167C,1,1
95,14,CLFTEA95,415,5983259,6682,1409,115,S53353DQPR2-CN,1084,190,6522167C,1,1
95,14,CLFTEA95,547,5970330,6489,1309,115,S53353DQPR2-CN,1084,190,6522167C,1,1
95,14,CLFTEA95,549,5970323,5956,1309,115,S53353DQPR2-CN,1084,190,6522167C,1,1
95,14,CLFTEA95,550,5970326,6214,1309,115,S53353DQPR2-CN,1084,190,6522167C,1,1
95,14,CLFTEA95,551,5970333,6561,1309,115,S53353DQPR2-CN,1084,190,6522167C,1,1
95,14,CLFTEA95,554,5970329,5304,1309,115,S53353DQPR2-CN,1084,190,6522167C,1,1
96,15,CLFTEA97,328,5961910,13810,1487,103,PS40040DRBRB-B,637,18,6473092B,1,1
96,15,CLFTEA97,329,5961911,13749,1487,103,PS40040DRBRB-B,637,18,6473092B,1,1
96,15,CLFTEA97,330,5961913,12663,1487,103,PS40040DRBRB-B,637,18,6473092B,1,1
96,15,CLFTEA97,162,5944367,10220,2002,64,PS40041DRBT-B,659,18,6473092B,1,1
97,15,CLFTEA98,51,5925291,14813,2561,35,S62736RGYR-G2K,1223,356,6566885A,1,1
97,15,CLFTEA98,184,5946856,7464,1938,35,S62736RGYR-G2K,1223,356,6566885A,1,1
97,15,CLFTEA98,1470,5985013,14092,830,35,S62736RGYR-G2K,1223,356,6566885A,1,1
97,15,CLFTEA98,1485,5985012,14980,830,35,S62736RGYR-G2K,1223,356,6566885A,1,1
97,15,CLFTEA98,1498,5985011,15011,830,35,S62736RGYR-G2K,1223,356,6566885A,1,1
98,2,CLFTEA99,1039,5991840,10076,1039,176,Q24610RGER-G2K,979,99,6504342B,1,1
98,2,CLFTEA99,1746,5991828,9911,639,176,Q24610RGER-G2K,979,99,6504342B,1,1
98,2,CLFTEA99,804,5974057,4997,1146,154,Q24617RGER-G2K,988,99,6504342B,1,1
98,2,CLFTEA99,818,5974053,10058,1146,154,Q24617RGER-G2K,988,99,6504342B,1,1
98,2,CLFTEA99,819,5974052,9634,1146,154,Q24617RGER-G2K,988,99,6504342B,1,1
98,2,CLFTEA99,826,5974051,10037,1146,154,Q24617RGER-G2K,988,99,6504342B,1,1
98,2,CLFTEA99,828,5974056,8238,1146,154,Q24617RGER-G2K,988,99,6504342B,1,1
98,2,CLFTEA99,846,5974050,10058,1146,154,Q24617RGER-G2K,988,99,6504342B,1,1
98,2,CLFTEA99,847,5974055,10040,1146,154,Q24617RGER-G2K,988,99,6504342B,1,1
