Machine,Time
CLFTEA10,12.9347
CLFTEA12,23.0204
CLFTEA14,23.0341
CLFTEA16,7.96829
CLFTEA17,14.3277
CLFTEA18,23.3273
CLFTEA19,23.2572
CLFTEA2,23.2425
CLFTEA22,7.72771
CLFTEA23,21.7889
CLFTEA24,22.4594
CLFTEA25,22.9291
CLFTEA26,16.3351
CLFTEA27,23.4194
CLFTEA3,22.3468
CLFTEA30,22.4585
CLFTEA31,21.4951
CLFTEA32,23.5657
CLFTEA33,22.0056
CLFTEA34,21.8288
CLFTEA35,23.1041
CLFTEA36,18.442
CLFTEA37,23.809
CLFTEA38,23.8839
CLFTEA39,23.7726
CLFTEA40,23.5027
CLFTEA41,23.9002
CLFTEA42,22.3111
CLFTEA43,23.7629
CLFTEA44,19.1247
CLFTEA45,8.96825
CLFTEA46,18.4901
CLFTEA47,23.2008
CLFTEA48,4.15101
CLFTEA49,23.6905
CLFTEA5,23.0666
CLFTEA50,23.6312
CLFTEA51,23.4643
CLFTEA56,23.6022
CLFTEA57,23.251
CLFTEA58,23.2497
CLFTEA59,22.3003
CLFTEA6,4.33707
CLFTEA61,17.8265
CLFTEA62,23.3357
CLFTEA63,23.4453
CLFTEA64,1.17598
CLFTEA65,21.6007
CLFTEA66,23.5964
CLFTEA67,20.6201
CLFTEA68,23.2256
CLFTEA69,15.0738
CLFTEA7,23.5304
CLFTEA70,19.8619
CLFTEA71,23.5001
CLFTEA73,10.818
CLFTEA74,11.0381
CLFTEA75,23.84
CLFTEA76,23.0707
CLFTEA77,8.07078
CLFTEA78,23.9153
CLFTEA79,23.0159
CLFTEA8,16.479
CLFTEA80,23.9186
CLFTEA81,23.1078
CLFTEA82,18.2523
CLFTEA83,13.9812
CLFTEA84,22.7675
CLFTEA85,23.039
CLFTEA86,23.7243
CLFTEA87,21.3388
CLFTEA88,22.1086
CLFTEA9,2.91353
CLFTEA91,23.6764
