ROUTENAME,LOGPOINT,OPERATION,LPT_DESC,OPN_DESC,DEVICE,PACKAGE,PIN,ALTERNATE,SETUP,PPH,MACHINE_FAMILY,TOOLING_FAMILY,TOOLQTY,CERTIFICATION
QFN7,4410,1,FT1,,1220ARSNR1-G2K,RSN300,32,,ETS-2-64:6498316A,1278,ETS-2-64,6498316A,1,1
QFN7,4410,1,FT1,,1220ARSNR1-G2K,RSN300,32,alt,ETS-2M-64:6498316A,1278,ETS-2M-64,6498316A,1,1
QFN7,4410,1,FT1,,1220ARSNR1-G2K,RSN300,32,alt,ETS-2-128:6498316A,1278,ETS-2-128,6498316A,1,1
QFN7,4410,1,FT1,,1220ARSNR1-G2K,RSN300,32,alt,ETS-4M-128:6498316A,1278,ETS-4M-128,6498316A,1,1
QFN7V,4410,1,FT1,,24075TRGTR-G2Y,RGT300LLF,16,,ETS-0-64:6484140A,3597,ETS-0-64,6484140A,1,1
QFN7V,4410,1,FT1,,24075TRGTR-G2Y,RGT300LLF,16,alt,ETS-1-64:6484140A,3597,ETS-1-64,6484140A,1,1
QFN7V,4410,1,FT1,,24075TRGTR-G2Y,RGT300LLF,16,alt,ETS-2-64:6484140A,3597,ETS-2-64,6484140A,1,1
QFN7V,4410,1,FT1,,24075TRGTR-G2Y,RGT300LLF,16,alt,ETS-2M-64:6484140A,3597,ETS-2M-64,6484140A,1,1
QFN7V,4410,1,FT1,,24075TRGTR-G2Y,RGT300LLF,16,alt,ETS-2-128:6484140A,3597,ETS-2-128,6484140A,1,1
QFN7V,4410,1,FT1,,24075TRGTR-G2Y,RGT300LLF,16,alt,ETS-4M-128:6484140A,3597,ETS-4M-128,6484140A,1,1
QFN7V,4410,1,FT1,,24075TRGTR-G2Y,RGT300LLF,16,alt,ETS-S-64:6484140A,3597,ETS-S-64,6484140A,1,1
QFN7V,4410,1,FT1,,24075TRGTR-G2Y,RGT300LLF,16,alt,ETS-2Q-64:6484140A,3597,ETS-2Q-64,6484140A,1,1
QFN25V,4410,1,FT1,,24232HRGTR-G2Y,RGT300LLF,16,,ETS-0-64:6484140A,3406,ETS-0-64,6484140A,1,1
QFN25V,4410,1,FT1,,24232HRGTR-G2Y,RGT300LLF,16,alt,ETS-1-64:6484140A,3406,ETS-1-64,6484140A,1,1
QFN25V,4410,1,FT1,,24232HRGTR-G2Y,RGT300LLF,16,alt,ETS-2-64:6484140A,3406,ETS-2-64,6484140A,1,1
QFN25V,4410,1,FT1,,24232HRGTR-G2Y,RGT300LLF,16,alt,ETS-2M-64:6484140A,3406,ETS-2M-64,6484140A,1,1
QFN25V,4410,1,FT1,,24232HRGTR-G2Y,RGT300LLF,16,alt,ETS-2-128:6484140A,3406,ETS-2-128,6484140A,1,1
QFN25V,4410,1,FT1,,24232HRGTR-G2Y,RGT300LLF,16,alt,ETS-4M-128:6484140A,3406,ETS-4M-128,6484140A,1,1
QFN25V,4410,1,FT1,,24232HRGTR-G2Y,RGT300LLF,16,alt,ETS-S-64:6484140A,3406,ETS-S-64,6484140A,1,1
QFN25V,4410,1,FT1,,24232HRGTR-G2Y,RGT300LLF,16,alt,ETS-2Q-64:6484140A,3406,ETS-2Q-64,6484140A,1,1
QFN7V,4410,1,FT1,,24735RGRR1-G2K,RGR300,20,,ETS-2-64:6512615D,3665,ETS-2-64,6512615D,1,1
QFN7V,4410,1,FT1,,24735RGRR1-G2K,RGR300,20,alt,ETS-2M-64:6512615D,3665,ETS-2M-64,6512615D,1,1
QFN7V,4410,1,FT1,,24735RGRR1-G2K,RGR300,20,alt,ETS-2-128:6512615D,3665,ETS-2-128,6512615D,1,1
QFN7V,4410,1,FT1,,24735RGRR1-G2K,RGR300,20,alt,ETS-4M-128:6512615D,3665,ETS-4M-128,6512615D,1,1
QFN25,4410,1,FT1,,24737RGRR1-G2K,RGR300,20,,ETS-2-64:6512615D,3304,ETS-2-64,6512615D,1,1
QFN25,4410,1,FT1,,24737RGRR1-G2K,RGR300,20,alt,ETS-2M-64:6512615D,3304,ETS-2M-64,6512615D,1,1
QFN25,4410,1,FT1,,24737RGRR1-G2K,RGR300,20,alt,ETS-2-128:6512615D,3304,ETS-2-128,6512615D,1,1
QFN25,4410,1,FT1,,24737RGRR1-G2K,RGR300,20,alt,ETS-4M-128:6512615D,3304,ETS-4M-128,6512615D,1,1
AQFNWFRMNT,4410,1,FT1,,29209TDRBRQ1-B,DRB,8,alt,ETM-2-64:6511607A,2293,ETM-2-64,6511607A,1,1
AQFNWFRMNT,4410,1,FT1,,29209TDRBRQ1-B,DRB,8,alt,ETM-4-64:6511607A,2293,ETM-4-64,6511607A,1,1
AQFNWFRMNT,4410,1,FT1,,29209TDRBRQ1-B,DRB,8,alt,ETM-5-128:6511607A,2293,ETM-5-128,6511607A,1,1
AQFNWFRMNT,4410,1,FT1,,29209TDRBRQ1-B,DRB,8,alt,ETS-0-64:6511607A,2293,ETS-0-64,6511607A,1,1
AQFNWFRMNT,4410,1,FT1,,29209TDRBRQ1-B,DRB,8,alt,ETS-1-64:6511607A,2293,ETS-1-64,6511607A,1,1
AQFNWFRMNT,4410,1,FT1,,29209TDRBRQ1-B,DRB,8,alt,ETS-2-64:6511607A,2293,ETS-2-64,6511607A,1,1
AQFNWFRMNT,4410,1,FT1,,29209TDRBRQ1-B,DRB,8,alt,ETS-2M-64:6511607A,2293,ETS-2M-64,6511607A,1,1
AQFNWFRMNT,4410,1,FT1,,29209TDRBRQ1-B,DRB,8,alt,ETS-2-128:6511607A,2293,ETS-2-128,6511607A,1,1
AQFNWFRMNT,4410,1,FT1,,29209TDRBRQ1-B,DRB,8,alt,ETS-4M-128:6511607A,2293,ETS-4M-128,6511607A,1,1
AQFNWFRMNT,4410,1,FT1,,29209TDRBRQ1-B,DRB,8,alt,ETS-S-64:6511607A,2293,ETS-S-64,6511607A,1,1
AQFNWFRMNT,4410,1,FT1,,29209TDRBRQ1-B,DRB,8,alt,ETS-2Q-64:6511607A,2293,ETS-2Q-64,6511607A,1,1
QFN7MNT,4410,1,FT1,,3210A0RGPR1-G2,RGPST300,20,,ETM-2-64:6546767B,9852,ETM-2-64,6546767B,1,1
QFN7MNT,4410,1,FT1,,3210A0RGPR1-G2,RGPST300,20,alt,ETM-4-64:6546767B,9852,ETM-4-64,6546767B,1,1
QFN7MNT,4410,1,FT1,,3210A0RGPR1-G2,RGPST300,20,alt,ETM-5-128:6546767B,9852,ETM-5-128,6546767B,1,1
QFN7MNT,4410,1,FT1,,3210A0RGPR1-G2,RGPST300,20,alt,ETS-2-64:6546767B,9852,ETS-2-64,6546767B,1,1
QFN7MNT,4410,1,FT1,,3210A0RGPR1-G2,RGPST300,20,alt,ETS-2M-64:6546767B,9852,ETS-2M-64,6546767B,1,1
QFN7MNT,4410,1,FT1,,3210A0RGPR1-G2,RGPST300,20,alt,ETS-2-128:6546767B,9852,ETS-2-128,6546767B,1,1
QFN7MNT,4410,1,FT1,,3210A0RGPR1-G2,RGPST300,20,alt,ETS-2Q-64:6546767B,9852,ETS-2Q-64,6546767B,1,1
QFN7MNT,4410,1,FT1,,3210A0RGPR1-G2,RGPST300,20,alt,ETS-4M-128:6546767B,9852,ETS-4M-128,6546767B,1,1
QFN53STKC2,4410,1,FT1,,3314RGFR-G2S2Y,RGFMCM300,40,,ETS-2-64:6514558B,2668,ETS-2-64,6514558B,1,1
QFN53STKC2,4410,1,FT1,,3314RGFR-G2S2Y,RGFMCM300,40,alt,ETS-2M-64:6514558B,2668,ETS-2M-64,6514558B,1,1
QFN53STKC2,4410,1,FT1,,3314RGFR-G2S2Y,RGFMCM300,40,alt,ETS-2-128:6514558B,2668,ETS-2-128,6514558B,1,1
QFN53STKC2,4410,1,FT1,,3314RGFR-G2S2Y,RGFMCM300,40,alt,ETS-4M-128:6514558B,2668,ETS-4M-128,6514558B,1,1
QFN53STKC2,4410,1,FT1,,3315RGFR-G2S2Y,RGFMCM300,40,,ETS-2-64:6514558B,2696,ETS-2-64,6514558B,1,1
QFN53STKC2,4410,1,FT1,,3315RGFR-G2S2Y,RGFMCM300,40,alt,ETS-2M-64:6514558B,2696,ETS-2M-64,6514558B,1,1
QFN53STKC2,4410,1,FT1,,3315RGFR-G2S2Y,RGFMCM300,40,alt,ETS-2-128:6514558B,2696,ETS-2-128,6514558B,1,1
QFN53STKC2,4410,1,FT1,,3315RGFR-G2S2Y,RGFMCM300,40,alt,ETS-4M-128:6514558B,2696,ETS-4M-128,6514558B,1,1
QFN1AUTOST,4410,1,FT1,,401032DSGR1-G2,DSGST,8,,ETS-0-64:6506370A,11114,ETS-0-64,6506370A,1,1
QFN1AUTOST,4410,1,FT1,,401032DSGR1-G2,DSGST,8,alt,ETS-1-64:6506370A,11114,ETS-1-64,6506370A,1,1
QFN1AUTOST,4410,1,FT1,,401032DSGR1-G2,DSGST,8,alt,ETS-2-64:6506370A,11114,ETS-2-64,6506370A,1,1
QFN1AUTOST,4410,1,FT1,,401032DSGR1-G2,DSGST,8,alt,ETS-2M-64:6506370A,11114,ETS-2M-64,6506370A,1,1
QFN1AUTOST,4410,1,FT1,,401032DSGR1-G2,DSGST,8,alt,ETS-2-128:6506370A,11114,ETS-2-128,6506370A,1,1
QFN1AUTOST,4410,1,FT1,,401032DSGR1-G2,DSGST,8,alt,ETS-4M-128:6506370A,11114,ETS-4M-128,6506370A,1,1
QFN1AUTOST,4410,1,FT1,,401032DSGR1-G2,DSGST,8,alt,ETS-S-64:6506370A,11114,ETS-S-64,6506370A,1,1
QFN1AUTOST,4410,1,FT1,,401032DSGR1-G2,DSGST,8,alt,ETS-2Q-64:6506370A,11114,ETS-2Q-64,6506370A,1,1
QFN7,4410,1,FT1,,4195LRGER1-RR#,RGE,24,,ETS-2-64:6525585A,2493,ETS-2-64,6525585A,1,1
QFN7,4410,1,FT1,,4195LRGER1-RR#,RGE,24,alt,ETS-2M-64:6525585A,2493,ETS-2M-64,6525585A,1,1
QFN7,4410,1,FT1,,4195LRGER1-RR#,RGE,24,alt,ETS-2-128:6525585A,2493,ETS-2-128,6525585A,1,1
QFN7,4410,1,FT1,,4195LRGER1-RR#,RGE,24,alt,ETS-4M-128:6525585A,2493,ETS-4M-128,6525585A,1,1
QFN7,4410,1,FT1,,4195LRGER2-RR#,RGE,24,,ETS-2-64:6525585A,2493,ETS-2-64,6525585A,1,1
QFN7,4410,1,FT1,,4195LRGER2-RR#,RGE,24,alt,ETS-2M-64:6525585A,2493,ETS-2M-64,6525585A,1,1
QFN7,4410,1,FT1,,4195LRGER2-RR#,RGE,24,alt,ETS-2-128:6525585A,2493,ETS-2-128,6525585A,1,1
QFN7,4410,1,FT1,,4195LRGER2-RR#,RGE,24,alt,ETS-4M-128:6525585A,2493,ETS-4M-128,6525585A,1,1
QFN26CLPD1,4410,1,FT1,,44A22RVFR1-LN#,RVFCLIP,40,,ETS-2-64:6528917B,918,ETS-2-64,6528917B,1,1
QFN26CLPD1,4410,1,FT1,,44A22RVFR1-LN#,RVFCLIP,40,alt,ETS-2M-64:6528917B,918,ETS-2M-64,6528917B,1,1
QFN26CLPD1,4410,1,FT1,,44A22RVFR1-LN#,RVFCLIP,40,alt,ETS-2-128:6528917B,918,ETS-2-128,6528917B,1,1
QFN26CLPD1,4410,1,FT1,,44A22RVFR1-LN#,RVFCLIP,40,alt,ETS-4M-128:6528917B,918,ETS-4M-128,6528917B,1,1
QFN7STTEST,4410,1,FT1,,4519RTER1-RQR&,RTEST,16,,ETS-0-64:6522803A,2293,ETS-0-64,6522803A,1,1
QFN7STTEST,4410,1,FT1,,4519RTER1-RQR&,RTEST,16,alt,ETS-1-64:6522803A,2293,ETS-1-64,6522803A,1,1
QFN7STTEST,4410,1,FT1,,4519RTER1-RQR&,RTEST,16,alt,ETS-2-64:6522803A,2293,ETS-2-64,6522803A,1,1
QFN7STTEST,4410,1,FT1,,4519RTER1-RQR&,RTEST,16,alt,ETS-2M-64:6522803A,2293,ETS-2M-64,6522803A,1,1
QFN7STTEST,4410,1,FT1,,4519RTER1-RQR&,RTEST,16,alt,ETS-2-128:6522803A,2293,ETS-2-128,6522803A,1,1
QFN7STTEST,4410,1,FT1,,4519RTER1-RQR&,RTEST,16,alt,ETS-4M-128:6522803A,2293,ETS-4M-128,6522803A,1,1
QFN7STTEST,4410,1,FT1,,4519RTER1-RQR&,RTEST,16,alt,ETS-S-64:6522803A,2293,ETS-S-64,6522803A,1,1
QFN7STTEST,4410,1,FT1,,4519RTER1-RQR&,RTEST,16,alt,ETS-2Q-64:6522803A,2293,ETS-2Q-64,6522803A,1,1
QFN7STTEST,4420,1,FT2,,4519RTER1-RQR&,RTEST,16,,ETS-0-64:6522803A,1250,ETS-0-64,6522803A,1,1
QFN7STTEST,4420,1,FT2,,4519RTER1-RQR&,RTEST,16,alt,ETS-1-64:6522803A,1250,ETS-1-64,6522803A,1,1
QFN7STTEST,4420,1,FT2,,4519RTER1-RQR&,RTEST,16,alt,ETS-2-64:6522803A,1250,ETS-2-64,6522803A,1,1
QFN7STTEST,4420,1,FT2,,4519RTER1-RQR&,RTEST,16,alt,ETS-2M-64:6522803A,1250,ETS-2M-64,6522803A,1,1
QFN7STTEST,4420,1,FT2,,4519RTER1-RQR&,RTEST,16,alt,ETS-2-128:6522803A,1250,ETS-2-128,6522803A,1,1
QFN7STTEST,4420,1,FT2,,4519RTER1-RQR&,RTEST,16,alt,ETS-4M-128:6522803A,1250,ETS-4M-128,6522803A,1,1
QFN7STTEST,4420,1,FT2,,4519RTER1-RQR&,RTEST,16,alt,ETS-S-64:6522803A,1250,ETS-S-64,6522803A,1,1
QFN7STTEST,4420,1,FT2,,4519RTER1-RQR&,RTEST,16,alt,ETS-2Q-64:6522803A,1250,ETS-2Q-64,6522803A,1,1
QFN7,4410,1,FT1,,51980RTVR1-G2K,RTV,32,,ETS-2-64:6487839B,1335,ETS-2-64,6487839B,1,1
QFN7,4410,1,FT1,,51980RTVR1-G2K,RTV,32,alt,ETS-2M-64:6487839B,1335,ETS-2M-64,6487839B,1,1
QFN7,4410,1,FT1,,51980RTVR1-G2K,RTV,32,alt,ETS-2-128:6487839B,1335,ETS-2-128,6487839B,1,1
QFN7,4410,1,FT1,,51980RTVR1-G2K,RTV,32,alt,ETS-4M-128:6487839B,1335,ETS-4M-128,6487839B,1,1
QFN53STKC2,4410,1,FT1,,53314RGFR-LS2Y,RGFMCM,40,,ETS-2-64:6514558B,2668,ETS-2-64,6514558B,1,1
QFN53STKC2,4410,1,FT1,,53314RGFR-LS2Y,RGFMCM,40,alt,ETS-2M-64:6514558B,2668,ETS-2M-64,6514558B,1,1
QFN53STKC2,4410,1,FT1,,53314RGFR-LS2Y,RGFMCM,40,alt,ETS-2-128:6514558B,2668,ETS-2-128,6514558B,1,1
QFN53STKC2,4410,1,FT1,,53314RGFR-LS2Y,RGFMCM,40,alt,ETS-4M-128:6514558B,2668,ETS-4M-128,6514558B,1,1
QFN53STKC2,4410,1,FT1,,53315RGFR-LS2Y,RGFMCM,40,,ETS-2-64:6514558B,2696,ETS-2-64,6514558B,1,1
QFN53STKC2,4410,1,FT1,,53315RGFR-LS2Y,RGFMCM,40,alt,ETS-2M-64:6514558B,2696,ETS-2M-64,6514558B,1,1
QFN53STKC2,4410,1,FT1,,53315RGFR-LS2Y,RGFMCM,40,alt,ETS-2-128:6514558B,2696,ETS-2-128,6514558B,1,1
QFN53STKC2,4410,1,FT1,,53315RGFR-LS2Y,RGFMCM,40,alt,ETS-4M-128:6514558B,2696,ETS-4M-128,6514558B,1,1
QFN1UTTFT2,4410,1,FT1,,9972BQ5MC1-UAP,DMCCLIP,12,,ETS-2-64:6575257C,1250,ETS-2-64,6575257C,1,1
QFN1UTTFT2,4410,1,FT1,,9972BQ5MC1-UAP,DMCCLIP,12,alt,ETS-2M-64:6575257C,1250,ETS-2M-64,6575257C,1,1
QFN1UTTFT2,4410,1,FT1,,9972BQ5MC1-UAP,DMCCLIP,12,alt,ETS-2-128:6575257C,1250,ETS-2-128,6575257C,1,1
QFN1UTTFT2,4410,1,FT1,,9972BQ5MC1-UAP,DMCCLIP,12,alt,ETS-4M-128:6575257C,1250,ETS-4M-128,6575257C,1,1
QFN1UTTFT2,4410,1,FT1,,9972BQ5MC1-UAP,DMCCLIP,12,,ETS-2-64:6577979A,2312,ETS-2-64,6577979A,1,1
QFN1UTTFT2,4410,1,FT1,,9972BQ5MC1-UAP,DMCCLIP,12,alt,ETS-2M-64:6577979A,2312,ETS-2M-64,6577979A,1,1
QFN1UTTFT2,4410,1,FT1,,9972BQ5MC1-UAP,DMCCLIP,12,alt,ETS-2-128:6577979A,2312,ETS-2-128,6577979A,1,1
QFN1UTTFT2,4410,1,FT1,,9972BQ5MC1-UAP,DMCCLIP,12,alt,ETS-4M-128:6577979A,2312,ETS-4M-128,6577979A,1,1
QFN1UTTFT2,4420,1,FT2,,9972BQ5MC1-UAP,DMCCLIP,12,,ETS-2-64:6575257C,1699,ETS-2-64,6575257C,1,1
QFN1UTTFT2,4420,1,FT2,,9972BQ5MC1-UAP,DMCCLIP,12,alt,ETS-2M-64:6575257C,1699,ETS-2M-64,6575257C,1,1
QFN1UTTFT2,4420,1,FT2,,9972BQ5MC1-UAP,DMCCLIP,12,alt,ETS-2-128:6575257C,1699,ETS-2-128,6575257C,1,1
QFN1UTTFT2,4420,1,FT2,,9972BQ5MC1-UAP,DMCCLIP,12,alt,ETS-4M-128:6575257C,1699,ETS-4M-128,6575257C,1,1
QFN1UTTFT2,4420,1,FT2,,9972BQ5MC1-UAP,DMCCLIP,12,,ETS-2-64:6577979A,1250,ETS-2-64,6577979A,1,1
QFN1UTTFT2,4420,1,FT2,,9972BQ5MC1-UAP,DMCCLIP,12,alt,ETS-2M-64:6577979A,1250,ETS-2M-64,6577979A,1,1
QFN1UTTFT2,4420,1,FT2,,9972BQ5MC1-UAP,DMCCLIP,12,alt,ETS-2-128:6577979A,1250,ETS-2-128,6577979A,1,1
QFN1UTTFT2,4420,1,FT2,,9972BQ5MC1-UAP,DMCCLIP,12,alt,ETS-4M-128:6577979A,1250,ETS-4M-128,6577979A,1,1
QFN1UTTFT2,4410,1,FT1,,9974BQ5MC1-UAP,DMCCLIP,12,,ETS-2-64:6575257C,1250,ETS-2-64,6575257C,1,1
QFN1UTTFT2,4410,1,FT1,,9974BQ5MC1-UAP,DMCCLIP,12,alt,ETS-2M-64:6575257C,1250,ETS-2M-64,6575257C,1,1
QFN1UTTFT2,4410,1,FT1,,9974BQ5MC1-UAP,DMCCLIP,12,alt,ETS-2-128:6575257C,1250,ETS-2-128,6575257C,1,1
QFN1UTTFT2,4410,1,FT1,,9974BQ5MC1-UAP,DMCCLIP,12,alt,ETS-4M-128:6575257C,1250,ETS-4M-128,6575257C,1,1
QFN1UTTFT2,4410,1,FT1,,9974BQ5MC1-UAP,DMCCLIP,12,,ETS-2-64:6577979A,2312,ETS-2-64,6577979A,1,1
QFN1UTTFT2,4410,1,FT1,,9974BQ5MC1-UAP,DMCCLIP,12,alt,ETS-2M-64:6577979A,2312,ETS-2M-64,6577979A,1,1
QFN1UTTFT2,4410,1,FT1,,9974BQ5MC1-UAP,DMCCLIP,12,alt,ETS-2-128:6577979A,2312,ETS-2-128,6577979A,1,1
QFN1UTTFT2,4410,1,FT1,,9974BQ5MC1-UAP,DMCCLIP,12,alt,ETS-4M-128:6577979A,2312,ETS-4M-128,6577979A,1,1
QFN1UTTFT2,4420,1,FT2,,9974BQ5MC1-UAP,DMCCLIP,12,,ETS-2-64:6575257C,1668,ETS-2-64,6575257C,1,1
QFN1UTTFT2,4420,1,FT2,,9974BQ5MC1-UAP,DMCCLIP,12,alt,ETS-2M-64:6575257C,1668,ETS-2M-64,6575257C,1,1
QFN1UTTFT2,4420,1,FT2,,9974BQ5MC1-UAP,DMCCLIP,12,alt,ETS-2-128:6575257C,1668,ETS-2-128,6575257C,1,1
QFN1UTTFT2,4420,1,FT2,,9974BQ5MC1-UAP,DMCCLIP,12,alt,ETS-4M-128:6575257C,1668,ETS-4M-128,6575257C,1,1
QFN1UTTFT2,4420,1,FT2,,9974BQ5MC1-UAP,DMCCLIP,12,,ETS-2-64:6577979A,1250,ETS-2-64,6577979A,1,1
QFN1UTTFT2,4420,1,FT2,,9974BQ5MC1-UAP,DMCCLIP,12,alt,ETS-2M-64:6577979A,1250,ETS-2M-64,6577979A,1,1
QFN1UTTFT2,4420,1,FT2,,9974BQ5MC1-UAP,DMCCLIP,12,alt,ETS-2-128:6577979A,1250,ETS-2-128,6577979A,1,1
QFN1UTTFT2,4420,1,FT2,,9974BQ5MC1-UAP,DMCCLIP,12,alt,ETS-4M-128:6577979A,1250,ETS-4M-128,6577979A,1,1
QFN7,4410,1,FT1,,A6130A2RTJR-LK,RTJ,20,,ETS-0-64:6479465A,2109,ETS-0-64,6479465A,1,1
QFN7,4410,1,FT1,,A6130A2RTJR-LK,RTJ,20,alt,ETS-1-64:6479465A,2109,ETS-1-64,6479465A,1,1
QFN7,4410,1,FT1,,A6130A2RTJR-LK,RTJ,20,alt,ETS-2-64:6479465A,2109,ETS-2-64,6479465A,1,1
QFN7,4410,1,FT1,,A6130A2RTJR-LK,RTJ,20,alt,ETS-2M-64:6479465A,2109,ETS-2M-64,6479465A,1,1
QFN7,4410,1,FT1,,A6130A2RTJR-LK,RTJ,20,alt,ETS-2-128:6479465A,2109,ETS-2-128,6479465A,1,1
QFN7,4410,1,FT1,,A6130A2RTJR-LK,RTJ,20,alt,ETS-4M-128:6479465A,2109,ETS-4M-128,6479465A,1,1
QFN7,4410,1,FT1,,A6130A2RTJR-LK,RTJ,20,alt,ETS-S-64:6479465A,2109,ETS-S-64,6479465A,1,1
QFN7,4410,1,FT1,,A6130A2RTJR-LK,RTJ,20,alt,ETS-2Q-64:6479465A,2109,ETS-2Q-64,6479465A,1,1
QFN1UTT,4410,1,FT1,,A6204A1DRBR-UC,DRB,8,,ETS-0-64:6462654A,6037,ETS-0-64,6462654A,1,1
QFN1UTT,4410,1,FT1,,A6204A1DRBR-UC,DRB,8,alt,ETS-1-64:6462654A,6037,ETS-1-64,6462654A,1,1
QFN1UTT,4410,1,FT1,,A6204A1DRBR-UC,DRB,8,alt,ETS-2-64:6462654A,6037,ETS-2-64,6462654A,1,1
QFN1UTT,4410,1,FT1,,A6204A1DRBR-UC,DRB,8,alt,ETS-2M-64:6462654A,6037,ETS-2M-64,6462654A,1,1
QFN1UTT,4410,1,FT1,,A6204A1DRBR-UC,DRB,8,alt,ETS-2-128:6462654A,6037,ETS-2-128,6462654A,1,1
QFN1UTT,4410,1,FT1,,A6204A1DRBR-UC,DRB,8,alt,ETS-4M-128:6462654A,6037,ETS-4M-128,6462654A,1,1
QFN1UTT,4410,1,FT1,,A6204A1DRBR-UC,DRB,8,alt,ETS-S-64:6462654A,6037,ETS-S-64,6462654A,1,1
QFN1UTT,4410,1,FT1,,A6204A1DRBR-UC,DRB,8,alt,ETS-2Q-64:6462654A,6037,ETS-2Q-64,6462654A,1,1
QFN25MNT,4410,1,FT1,,A8001DRBR1-G2K,DRBST300,8,,ETM-2-64:6555613B,8476,ETM-2-64,6555613B,1,1
QFN25MNT,4410,1,FT1,,A8001DRBR1-G2K,DRBST300,8,alt,ETM-4-64:6555613B,8476,ETM-4-64,6555613B,1,1
QFN25MNT,4410,1,FT1,,A8001DRBR1-G2K,DRBST300,8,alt,ETM-5-128:6555613B,8476,ETM-5-128,6555613B,1,1
QFN25MNT,4410,1,FT1,,A8001DRBR1-G2K,DRBST300,8,alt,ETS-2-64:6555613B,8476,ETS-2-64,6555613B,1,1
QFN25MNT,4410,1,FT1,,A8001DRBR1-G2K,DRBST300,8,alt,ETS-2M-64:6555613B,8476,ETS-2M-64,6555613B,1,1
QFN25MNT,4410,1,FT1,,A8001DRBR1-G2K,DRBST300,8,alt,ETS-2-128:6555613B,8476,ETS-2-128,6555613B,1,1
QFN25MNT,4410,1,FT1,,A8001DRBR1-G2K,DRBST300,8,alt,ETS-2Q-64:6555613B,8476,ETS-2Q-64,6555613B,1,1
QFN25MNT,4410,1,FT1,,A8001DRBR1-G2K,DRBST300,8,alt,ETS-4M-128:6555613B,8476,ETS-4M-128,6555613B,1,1
QFN8V,4410,1,FT1,,BQ24072RGTR-LY,RGTLLF,16,,ETS-0-64:6484140A,5534,ETS-0-64,6484140A,1,1
QFN8V,4410,1,FT1,,BQ24072RGTR-LY,RGTLLF,16,alt,ETS-1-64:6484140A,5534,ETS-1-64,6484140A,1,1
QFN8V,4410,1,FT1,,BQ24072RGTR-LY,RGTLLF,16,alt,ETS-2-64:6484140A,5534,ETS-2-64,6484140A,1,1
QFN8V,4410,1,FT1,,BQ24072RGTR-LY,RGTLLF,16,alt,ETS-2M-64:6484140A,5534,ETS-2M-64,6484140A,1,1
QFN8V,4410,1,FT1,,BQ24072RGTR-LY,RGTLLF,16,alt,ETS-2-128:6484140A,5534,ETS-2-128,6484140A,1,1
QFN8V,4410,1,FT1,,BQ24072RGTR-LY,RGTLLF,16,alt,ETS-4M-128:6484140A,5534,ETS-4M-128,6484140A,1,1
QFN8V,4410,1,FT1,,BQ24072RGTR-LY,RGTLLF,16,alt,ETS-S-64:6484140A,5534,ETS-S-64,6484140A,1,1
QFN8V,4410,1,FT1,,BQ24072RGTR-LY,RGTLLF,16,alt,ETS-2Q-64:6484140A,5534,ETS-2Q-64,6484140A,1,1
QFN7,4410,1,FT1,,BQ24195RGER-RY,RGELLF,24,,ETS-2-64:6525585A,2538,ETS-2-64,6525585A,1,1
QFN7,4410,1,FT1,,BQ24195RGER-RY,RGELLF,24,alt,ETS-2M-64:6525585A,2538,ETS-2M-64,6525585A,1,1
QFN7,4410,1,FT1,,BQ24195RGER-RY,RGELLF,24,alt,ETS-2-128:6525585A,2538,ETS-2-128,6525585A,1,1
QFN7,4410,1,FT1,,BQ24195RGER-RY,RGELLF,24,alt,ETS-4M-128:6525585A,2538,ETS-4M-128,6525585A,1,1
QFN7,4410,1,FT1,,BQ24196RGER-RY,RGELLF,24,,ETS-2-64:6525585A,2538,ETS-2-64,6525585A,1,1
QFN7,4410,1,FT1,,BQ24196RGER-RY,RGELLF,24,alt,ETS-2M-64:6525585A,2538,ETS-2M-64,6525585A,1,1
QFN7,4410,1,FT1,,BQ24196RGER-RY,RGELLF,24,alt,ETS-2-128:6525585A,2538,ETS-2-128,6525585A,1,1
QFN7,4410,1,FT1,,BQ24196RGER-RY,RGELLF,24,alt,ETS-4M-128:6525585A,2538,ETS-4M-128,6525585A,1,1
QFN25,4410,1,FT1,,BQ24296RGER-G2,RGE300,24,,ETS-2-64:6525585A,2699,ETS-2-64,6525585A,1,1
QFN25,4410,1,FT1,,BQ24296RGER-G2,RGE300,24,alt,ETS-2M-64:6525585A,2699,ETS-2M-64,6525585A,1,1
QFN25,4410,1,FT1,,BQ24296RGER-G2,RGE300,24,alt,ETS-2-128:6525585A,2699,ETS-2-128,6525585A,1,1
QFN25,4410,1,FT1,,BQ24296RGER-G2,RGE300,24,alt,ETS-4M-128:6525585A,2699,ETS-4M-128,6525585A,1,1
QFN25,4410,1,FT1,,BQ24297RGER-G2,RGE300,24,,ETS-2-64:6525585A,2620,ETS-2-64,6525585A,1,1
QFN25,4410,1,FT1,,BQ24297RGER-G2,RGE300,24,alt,ETS-2M-64:6525585A,2620,ETS-2M-64,6525585A,1,1
QFN25,4410,1,FT1,,BQ24297RGER-G2,RGE300,24,alt,ETS-2-128:6525585A,2620,ETS-2-128,6525585A,1,1
QFN25,4410,1,FT1,,BQ24297RGER-G2,RGE300,24,alt,ETS-4M-128:6525585A,2620,ETS-4M-128,6525585A,1,1
QFN8,4410,1,FT1,,BQ24721CRHBR-L,RHB,32,alt,ETS-0-64:6467193D,1250,ETS-0-64,6467193D,1,1
QFN8,4410,1,FT1,,BQ24721CRHBR-L,RHB,32,alt,ETS-1-64:6467193D,1250,ETS-1-64,6467193D,1,1
QFN8,4410,1,FT1,,BQ24721CRHBR-L,RHB,32,alt,ETS-2-64:6467193D,1250,ETS-2-64,6467193D,1,1
QFN8,4410,1,FT1,,BQ24721CRHBR-L,RHB,32,alt,ETS-2M-64:6467193D,1250,ETS-2M-64,6467193D,1,1
QFN8,4410,1,FT1,,BQ24721CRHBR-L,RHB,32,alt,ETS-2-128:6467193D,1250,ETS-2-128,6467193D,1,1
QFN8,4410,1,FT1,,BQ24721CRHBR-L,RHB,32,alt,ETS-4M-128:6467193D,1250,ETS-4M-128,6467193D,1,1
QFN8,4410,1,FT1,,BQ24721CRHBR-L,RHB,32,alt,ETS-S-64:6467193D,1250,ETS-S-64,6467193D,1,1
QFN8,4410,1,FT1,,BQ24721CRHBR-L,RHB,32,alt,ETS-2Q-64:6467193D,1250,ETS-2Q-64,6467193D,1,1
QFN7MNT,4410,1,FT1,,CD3211A1RGPR-L,RGPST,20,,ETM-4-64:6546767B,7600,ETM-4-64,6546767B,1,1
QFN7MNT,4410,1,FT1,,CD3211A1RGPR-L,RGPST,20,alt,ETM-5-128:6546767B,7600,ETM-5-128,6546767B,1,1
QFN7MNT,4410,1,FT1,,CD3211A1RGPR-L,RGPST,20,alt,ETS-4M-128:6546767B,7600,ETS-4M-128,6546767B,1,1
PTABFET2,4410,1,FT1,,CSD87381P1-NS2,MPCMCMST,5,,ETS-2-64:6556617A,7835,ETS-2-64,6556617A,1,1
PTABFET2,4410,1,FT1,,CSD87381P1-NS2,MPCMCMST,5,alt,ETS-2M-64:6556617A,7835,ETS-2M-64,6556617A,1,1
PTABFET2,4410,1,FT1,,CSD87381P1-NS2,MPCMCMST,5,alt,ETS-2-128:6556617A,7835,ETS-2-128,6556617A,1,1
PTABFET2,4410,1,FT1,,CSD87381P1-NS2,MPCMCMST,5,alt,ETS-4M-128:6556617A,7835,ETS-4M-128,6556617A,1,1
PTABFET2,4410,1,FT1,,CSD87588N-NS2,MPAMCMST,5,,ETS-0-64:6556617A,7757,ETS-0-64,6556617A,1,1
PTABFET2,4410,1,FT1,,CSD87588N-NS2,MPAMCMST,5,alt,ETS-1-64:6556617A,7757,ETS-1-64,6556617A,1,1
PTABFET2,4410,1,FT1,,CSD87588N-NS2,MPAMCMST,5,alt,ETS-2-64:6556617A,7757,ETS-2-64,6556617A,1,1
PTABFET2,4410,1,FT1,,CSD87588N-NS2,MPAMCMST,5,alt,ETS-2M-64:6556617A,7757,ETS-2M-64,6556617A,1,1
PTABFET2,4410,1,FT1,,CSD87588N-NS2,MPAMCMST,5,alt,ETS-2-128:6556617A,7757,ETS-2-128,6556617A,1,1
PTABFET2,4410,1,FT1,,CSD87588N-NS2,MPAMCMST,5,alt,ETS-4M-128:6556617A,7757,ETS-4M-128,6556617A,1,1
PTABFET2,4410,1,FT1,,CSD87588N-NS2,MPAMCMST,5,alt,ETS-S-64:6556617A,7757,ETS-S-64,6556617A,1,1
PTABFET2,4410,1,FT1,,CSD87588N-NS2,MPAMCMST,5,alt,ETS-2Q-64:6556617A,7757,ETS-2Q-64,6556617A,1,1
QFN7MNT,4410,1,FT1,,D3211A1RGPR-G2,RGPST300,20,,ETM-4-64:6546767B,7600,ETM-4-64,6546767B,1,1
QFN7MNT,4410,1,FT1,,D3211A1RGPR-G2,RGPST300,20,alt,ETM-5-128:6546767B,7600,ETM-5-128,6546767B,1,1
QFN7MNT,4410,1,FT1,,D3211A1RGPR-G2,RGPST300,20,alt,ETS-4M-128:6546767B,7600,ETS-4M-128,6546767B,1,1
QFN40CLPD1,4410,1,FT1,,D95373BQ5M1-LN,DQPCLIP,12,,ETS-2-64:6575257C,1250,ETS-2-64,6575257C,1,1
QFN40CLPD1,4410,1,FT1,,D95373BQ5M1-LN,DQPCLIP,12,alt,ETS-2M-64:6575257C,1250,ETS-2M-64,6575257C,1,1
QFN40CLPD1,4410,1,FT1,,D95373BQ5M1-LN,DQPCLIP,12,alt,ETS-2-128:6575257C,1250,ETS-2-128,6575257C,1,1
QFN40CLPD1,4410,1,FT1,,D95373BQ5M1-LN,DQPCLIP,12,alt,ETS-4M-128:6575257C,1250,ETS-4M-128,6575257C,1,1
QFN40CLPD1,4410,1,FT1,,D95373BQ5M1-LN,DQPCLIP,12,,ETS-2-64:6577979A,2312,ETS-2-64,6577979A,1,1
QFN40CLPD1,4410,1,FT1,,D95373BQ5M1-LN,DQPCLIP,12,alt,ETS-2M-64:6577979A,2312,ETS-2M-64,6577979A,1,1
QFN40CLPD1,4410,1,FT1,,D95373BQ5M1-LN,DQPCLIP,12,alt,ETS-2-128:6577979A,2312,ETS-2-128,6577979A,1,1
QFN40CLPD1,4410,1,FT1,,D95373BQ5M1-LN,DQPCLIP,12,alt,ETS-4M-128:6577979A,2312,ETS-4M-128,6577979A,1,1
QFN40CLPD1,4420,1,FT2,,D95373BQ5M1-LN,DQPCLIP,12,,ETS-2-64:6575257C,1688,ETS-2-64,6575257C,1,1
QFN40CLPD1,4420,1,FT2,,D95373BQ5M1-LN,DQPCLIP,12,alt,ETS-2M-64:6575257C,1688,ETS-2M-64,6575257C,1,1
QFN40CLPD1,4420,1,FT2,,D95373BQ5M1-LN,DQPCLIP,12,alt,ETS-2-128:6575257C,1688,ETS-2-128,6575257C,1,1
QFN40CLPD1,4420,1,FT2,,D95373BQ5M1-LN,DQPCLIP,12,alt,ETS-4M-128:6575257C,1688,ETS-4M-128,6575257C,1,1
QFN40CLPD1,4420,1,FT2,,D95373BQ5M1-LN,DQPCLIP,12,,ETS-2-64:6577979A,1250,ETS-2-64,6577979A,1,1
QFN40CLPD1,4420,1,FT2,,D95373BQ5M1-LN,DQPCLIP,12,alt,ETS-2M-64:6577979A,1250,ETS-2M-64,6577979A,1,1
QFN40CLPD1,4420,1,FT2,,D95373BQ5M1-LN,DQPCLIP,12,alt,ETS-2-128:6577979A,1250,ETS-2-128,6577979A,1,1
QFN40CLPD1,4420,1,FT2,,D95373BQ5M1-LN,DQPCLIP,12,alt,ETS-4M-128:6577979A,1250,ETS-4M-128,6577979A,1,1
QFN40CLPD1,4410,1,FT1,,D95378BQ5M1-LN,DQPCLIP,12,,ETS-2-64:6575257C,1250,ETS-2-64,6575257C,1,1
QFN40CLPD1,4410,1,FT1,,D95378BQ5M1-LN,DQPCLIP,12,alt,ETS-2M-64:6575257C,1250,ETS-2M-64,6575257C,1,1
QFN40CLPD1,4410,1,FT1,,D95378BQ5M1-LN,DQPCLIP,12,alt,ETS-2-128:6575257C,1250,ETS-2-128,6575257C,1,1
QFN40CLPD1,4410,1,FT1,,D95378BQ5M1-LN,DQPCLIP,12,alt,ETS-4M-128:6575257C,1250,ETS-4M-128,6575257C,1,1
QFN40CLPD1,4410,1,FT1,,D95378BQ5M1-LN,DQPCLIP,12,,ETS-2-64:6577979A,2312,ETS-2-64,6577979A,1,1
QFN40CLPD1,4410,1,FT1,,D95378BQ5M1-LN,DQPCLIP,12,alt,ETS-2M-64:6577979A,2312,ETS-2M-64,6577979A,1,1
QFN40CLPD1,4410,1,FT1,,D95378BQ5M1-LN,DQPCLIP,12,alt,ETS-2-128:6577979A,2312,ETS-2-128,6577979A,1,1
QFN40CLPD1,4410,1,FT1,,D95378BQ5M1-LN,DQPCLIP,12,alt,ETS-4M-128:6577979A,2312,ETS-4M-128,6577979A,1,1
QFN40CLPD1,4420,1,FT2,,D95378BQ5M1-LN,DQPCLIP,12,,ETS-2-64:6575257C,1688,ETS-2-64,6575257C,1,1
QFN40CLPD1,4420,1,FT2,,D95378BQ5M1-LN,DQPCLIP,12,alt,ETS-2M-64:6575257C,1688,ETS-2M-64,6575257C,1,1
QFN40CLPD1,4420,1,FT2,,D95378BQ5M1-LN,DQPCLIP,12,alt,ETS-2-128:6575257C,1688,ETS-2-128,6575257C,1,1
QFN40CLPD1,4420,1,FT2,,D95378BQ5M1-LN,DQPCLIP,12,alt,ETS-4M-128:6575257C,1688,ETS-4M-128,6575257C,1,1
QFN40CLPD1,4420,1,FT2,,D95378BQ5M1-LN,DQPCLIP,12,,ETS-2-64:6577979A,1250,ETS-2-64,6577979A,1,1
QFN40CLPD1,4420,1,FT2,,D95378BQ5M1-LN,DQPCLIP,12,alt,ETS-2M-64:6577979A,1250,ETS-2M-64,6577979A,1,1
QFN40CLPD1,4420,1,FT2,,D95378BQ5M1-LN,DQPCLIP,12,alt,ETS-2-128:6577979A,1250,ETS-2-128,6577979A,1,1
QFN40CLPD1,4420,1,FT2,,D95378BQ5M1-LN,DQPCLIP,12,alt,ETS-4M-128:6577979A,1250,ETS-4M-128,6577979A,1,1
QFN7,4410,1,FT1,,MZ31506RUQT-OL,RHL,14,,ETS-0-64:6487925B,2524,ETS-0-64,6487925B,1,1
QFN7,4410,1,FT1,,MZ31506RUQT-OL,RHL,14,alt,ETS-1-64:6487925B,2524,ETS-1-64,6487925B,1,1
QFN7,4410,1,FT1,,MZ31506RUQT-OL,RHL,14,alt,ETS-2-64:6487925B,2524,ETS-2-64,6487925B,1,1
QFN7,4410,1,FT1,,MZ31506RUQT-OL,RHL,14,alt,ETS-2M-64:6487925B,2524,ETS-2M-64,6487925B,1,1
QFN7,4410,1,FT1,,MZ31506RUQT-OL,RHL,14,alt,ETS-2-128:6487925B,2524,ETS-2-128,6487925B,1,1
QFN7,4410,1,FT1,,MZ31506RUQT-OL,RHL,14,alt,ETS-4M-128:6487925B,2524,ETS-4M-128,6487925B,1,1
QFN7,4410,1,FT1,,MZ31506RUQT-OL,RHL,14,alt,ETS-S-64:6487925B,2524,ETS-S-64,6487925B,1,1
QFN7,4410,1,FT1,,MZ31506RUQT-OL,RHL,14,alt,ETS-2Q-64:6487925B,2524,ETS-2Q-64,6487925B,1,1
QFN7ESD,4410,1,FT1,,N1107017RHLR-L,RHL,14,,ETS-0-64:6487925B,2955,ETS-0-64,6487925B,1,1
QFN7ESD,4410,1,FT1,,N1107017RHLR-L,RHL,14,alt,ETS-1-64:6487925B,2955,ETS-1-64,6487925B,1,1
QFN7ESD,4410,1,FT1,,N1107017RHLR-L,RHL,14,alt,ETS-2-64:6487925B,2955,ETS-2-64,6487925B,1,1
QFN7ESD,4410,1,FT1,,N1107017RHLR-L,RHL,14,alt,ETS-2M-64:6487925B,2955,ETS-2M-64,6487925B,1,1
QFN7ESD,4410,1,FT1,,N1107017RHLR-L,RHL,14,alt,ETS-2-128:6487925B,2955,ETS-2-128,6487925B,1,1
QFN7ESD,4410,1,FT1,,N1107017RHLR-L,RHL,14,alt,ETS-4M-128:6487925B,2955,ETS-4M-128,6487925B,1,1
QFN7ESD,4410,1,FT1,,N1107017RHLR-L,RHL,14,alt,ETS-S-64:6487925B,2955,ETS-S-64,6487925B,1,1
QFN7ESD,4410,1,FT1,,N1107017RHLR-L,RHL,14,alt,ETS-2Q-64:6487925B,2955,ETS-2Q-64,6487925B,1,1
QFN8,4410,1,FT1,,PA6204A1DRBR-L,DRB,8,,ETS-0-64:6462654A,6037,ETS-0-64,6462654A,1,1
QFN8,4410,1,FT1,,PA6204A1DRBR-L,DRB,8,alt,ETS-1-64:6462654A,6037,ETS-1-64,6462654A,1,1
QFN8,4410,1,FT1,,PA6204A1DRBR-L,DRB,8,alt,ETS-2-64:6462654A,6037,ETS-2-64,6462654A,1,1
QFN8,4410,1,FT1,,PA6204A1DRBR-L,DRB,8,alt,ETS-2M-64:6462654A,6037,ETS-2M-64,6462654A,1,1
QFN8,4410,1,FT1,,PA6204A1DRBR-L,DRB,8,alt,ETS-2-128:6462654A,6037,ETS-2-128,6462654A,1,1
QFN8,4410,1,FT1,,PA6204A1DRBR-L,DRB,8,alt,ETS-4M-128:6462654A,6037,ETS-4M-128,6462654A,1,1
QFN8,4410,1,FT1,,PA6204A1DRBR-L,DRB,8,alt,ETS-S-64:6462654A,6037,ETS-S-64,6462654A,1,1
QFN8,4410,1,FT1,,PA6204A1DRBR-L,DRB,8,alt,ETS-2Q-64:6462654A,6037,ETS-2Q-64,6462654A,1,1
QFN7V,4410,1,FT1,,PS28225DRBR1-C,DRB,8,alt,ETM-2-64:6474275A,3528,ETM-2-64,6474275A,1,1
QFN7V,4410,1,FT1,,PS28225DRBR1-C,DRB,8,alt,ETM-4-64:6474275A,3528,ETM-4-64,6474275A,1,1
QFN7V,4410,1,FT1,,PS28225DRBR1-C,DRB,8,alt,ETM-5-128:6474275A,3528,ETM-5-128,6474275A,1,1
QFN7V,4410,1,FT1,,PS28225DRBR1-C,DRB,8,alt,ETS-0-64:6474275A,3528,ETS-0-64,6474275A,1,1
QFN7V,4410,1,FT1,,PS28225DRBR1-C,DRB,8,alt,ETS-1-64:6474275A,3528,ETS-1-64,6474275A,1,1
QFN7V,4410,1,FT1,,PS28225DRBR1-C,DRB,8,alt,ETS-2-64:6474275A,3528,ETS-2-64,6474275A,1,1
QFN7V,4410,1,FT1,,PS28225DRBR1-C,DRB,8,alt,ETS-2M-64:6474275A,3528,ETS-2M-64,6474275A,1,1
QFN7V,4410,1,FT1,,PS28225DRBR1-C,DRB,8,alt,ETS-2-128:6474275A,3528,ETS-2-128,6474275A,1,1
QFN7V,4410,1,FT1,,PS28225DRBR1-C,DRB,8,alt,ETS-4M-128:6474275A,3528,ETS-4M-128,6474275A,1,1
QFN7V,4410,1,FT1,,PS28225DRBR1-C,DRB,8,alt,ETS-S-64:6474275A,3528,ETS-S-64,6474275A,1,1
QFN7V,4410,1,FT1,,PS28225DRBR1-C,DRB,8,alt,ETS-2Q-64:6474275A,3528,ETS-2Q-64,6474275A,1,1
QFN8,4410,1,FT1,,PS40040DRBRB-B,DRB,8,alt,ETM-2-64:6473092B,2634,ETM-2-64,6473092B,1,1
QFN8,4410,1,FT1,,PS40040DRBRB-B,DRB,8,alt,ETM-4-64:6473092B,2634,ETM-4-64,6473092B,1,1
QFN8,4410,1,FT1,,PS40040DRBRB-B,DRB,8,alt,ETM-5-128:6473092B,2634,ETM-5-128,6473092B,1,1
QFN8,4410,1,FT1,,PS40040DRBRB-B,DRB,8,alt,ETS-1-64:6473092B,2634,ETS-1-64,6473092B,1,1
QFN8,4410,1,FT1,,PS40040DRBRB-B,DRB,8,alt,ETS-2-64:6473092B,2634,ETS-2-64,6473092B,1,1
QFN8,4410,1,FT1,,PS40040DRBRB-B,DRB,8,alt,ETS-2M-64:6473092B,2634,ETS-2M-64,6473092B,1,1
QFN8,4410,1,FT1,,PS40040DRBRB-B,DRB,8,alt,ETS-2-128:6473092B,2634,ETS-2-128,6473092B,1,1
QFN8,4410,1,FT1,,PS40040DRBRB-B,DRB,8,alt,ETS-S-64:6473092B,2634,ETS-S-64,6473092B,1,1
QFN8,4410,1,FT1,,PS40040DRBRB-B,DRB,8,alt,ETS-4M-128:6473092B,2634,ETS-4M-128,6473092B,1,1
QFN8,4410,1,FT1,,PS40040DRBRB-B,DRB,8,alt,ETS-2Q-64:6473092B,2634,ETS-2Q-64,6473092B,1,1
QFN7,4410,1,FT1,,PS53317RGBR-G2,RGB300,20,,ETS-2-64:6520958B,1714,ETS-2-64,6520958B,1,1
QFN7,4410,1,FT1,,PS53317RGBR-G2,RGB300,20,alt,ETS-2M-64:6520958B,1714,ETS-2M-64,6520958B,1,1
QFN7,4410,1,FT1,,PS53317RGBR-G2,RGB300,20,alt,ETS-2-128:6520958B,1714,ETS-2-128,6520958B,1,1
QFN7,4410,1,FT1,,PS53317RGBR-G2,RGB300,20,alt,ETS-4M-128:6520958B,1714,ETS-4M-128,6520958B,1,1
QFN25ESD,4410,1,FT1,,PS54320RHLR-G2,RHL300,14,,ETS-0-64:6487925B,2743,ETS-0-64,6487925B,1,1
QFN25ESD,4410,1,FT1,,PS54320RHLR-G2,RHL300,14,alt,ETS-1-64:6487925B,2743,ETS-1-64,6487925B,1,1
QFN25ESD,4410,1,FT1,,PS54320RHLR-G2,RHL300,14,alt,ETS-2-64:6487925B,2743,ETS-2-64,6487925B,1,1
QFN25ESD,4410,1,FT1,,PS54320RHLR-G2,RHL300,14,alt,ETS-2M-64:6487925B,2743,ETS-2M-64,6487925B,1,1
QFN25ESD,4410,1,FT1,,PS54320RHLR-G2,RHL300,14,alt,ETS-2-128:6487925B,2743,ETS-2-128,6487925B,1,1
QFN25ESD,4410,1,FT1,,PS54320RHLR-G2,RHL300,14,alt,ETS-4M-128:6487925B,2743,ETS-4M-128,6487925B,1,1
QFN25ESD,4410,1,FT1,,PS54320RHLR-G2,RHL300,14,alt,ETS-S-64:6487925B,2743,ETS-S-64,6487925B,1,1
QFN25ESD,4410,1,FT1,,PS54320RHLR-G2,RHL300,14,alt,ETS-2Q-64:6487925B,2743,ETS-2Q-64,6487925B,1,1
QFN7ESD,4410,1,FT1,,PS54821RHLR2-R,RHL,14,,ETS-2-64:6487925B,2565,ETS-2-64,6487925B,1,1
QFN7ESD,4410,1,FT1,,PS54821RHLR2-R,RHL,14,alt,ETS-2M-64:6487925B,2565,ETS-2M-64,6487925B,1,1
QFN7ESD,4410,1,FT1,,PS54821RHLR2-R,RHL,14,alt,ETS-2-128:6487925B,2565,ETS-2-128,6487925B,1,1
QFN7ESD,4410,1,FT1,,PS54821RHLR2-R,RHL,14,alt,ETS-4M-128:6487925B,2565,ETS-4M-128,6487925B,1,1
QFN7ESD,4410,1,FT1,,PS54821RHLT2-R,RHL,14,,ETS-2-64:6487925B,2565,ETS-2-64,6487925B,1,1
QFN7ESD,4410,1,FT1,,PS54821RHLT2-R,RHL,14,alt,ETS-2M-64:6487925B,2565,ETS-2M-64,6487925B,1,1
QFN7ESD,4410,1,FT1,,PS54821RHLT2-R,RHL,14,alt,ETS-2-128:6487925B,2565,ETS-2-128,6487925B,1,1
QFN7ESD,4410,1,FT1,,PS54821RHLT2-R,RHL,14,alt,ETS-4M-128:6487925B,2565,ETS-4M-128,6487925B,1,1
QFN8BAKE,4410,1,FT1,,PS59621RHAR1-B,RHA,40,,ETS-0-64:6500265B,1441,ETS-0-64,6500265B,1,1
QFN8BAKE,4410,1,FT1,,PS59621RHAR1-B,RHA,40,alt,ETS-1-64:6500265B,1441,ETS-1-64,6500265B,1,1
QFN8BAKE,4410,1,FT1,,PS59621RHAR1-B,RHA,40,alt,ETS-2-64:6500265B,1441,ETS-2-64,6500265B,1,1
QFN8BAKE,4410,1,FT1,,PS59621RHAR1-B,RHA,40,alt,ETS-2M-64:6500265B,1441,ETS-2M-64,6500265B,1,1
QFN8BAKE,4410,1,FT1,,PS59621RHAR1-B,RHA,40,alt,ETS-2-128:6500265B,1441,ETS-2-128,6500265B,1,1
QFN8BAKE,4410,1,FT1,,PS59621RHAR1-B,RHA,40,alt,ETS-4M-128:6500265B,1441,ETS-4M-128,6500265B,1,1
QFN8BAKE,4410,1,FT1,,PS59621RHAR1-B,RHA,40,alt,ETS-S-64:6500265B,1441,ETS-S-64,6500265B,1,1
QFN8BAKE,4410,1,FT1,,PS59621RHAR1-B,RHA,40,alt,ETS-2Q-64:6500265B,1441,ETS-2Q-64,6500265B,1,1
QFN7MNT,4410,1,FT1,,PS61093DSKR-G2,DSKST,10,,ETS-0-64:6506370A,18174,ETS-0-64,6506370A,1,1
QFN7MNT,4410,1,FT1,,PS61093DSKR-G2,DSKST,10,alt,ETS-1-64:6506370A,18174,ETS-1-64,6506370A,1,1
QFN7MNT,4410,1,FT1,,PS61093DSKR-G2,DSKST,10,alt,ETS-2-64:6506370A,18174,ETS-2-64,6506370A,1,1
QFN7MNT,4410,1,FT1,,PS61093DSKR-G2,DSKST,10,alt,ETS-2M-64:6506370A,18174,ETS-2M-64,6506370A,1,1
QFN7MNT,4410,1,FT1,,PS61093DSKR-G2,DSKST,10,alt,ETS-2-128:6506370A,18174,ETS-2-128,6506370A,1,1
QFN7MNT,4410,1,FT1,,PS61093DSKR-G2,DSKST,10,alt,ETS-4M-128:6506370A,18174,ETS-4M-128,6506370A,1,1
QFN7MNT,4410,1,FT1,,PS61093DSKR-G2,DSKST,10,alt,ETS-S-64:6506370A,18174,ETS-S-64,6506370A,1,1
QFN7MNT,4410,1,FT1,,PS61093DSKR-G2,DSKST,10,alt,ETS-2Q-64:6506370A,18174,ETS-2Q-64,6506370A,1,1
QFN8,4410,1,FT1,,PS61201DRCR-LY,DRCLLF,10,,ETS-0-64:6478393B,3945,ETS-0-64,6478393B,1,1
QFN8,4410,1,FT1,,PS61201DRCR-LY,DRCLLF,10,alt,ETS-1-64:6478393B,3945,ETS-1-64,6478393B,1,1
QFN8,4410,1,FT1,,PS61201DRCR-LY,DRCLLF,10,alt,ETS-2-64:6478393B,3945,ETS-2-64,6478393B,1,1
QFN8,4410,1,FT1,,PS61201DRCR-LY,DRCLLF,10,alt,ETS-2M-64:6478393B,3945,ETS-2M-64,6478393B,1,1
QFN8,4410,1,FT1,,PS61201DRCR-LY,DRCLLF,10,alt,ETS-2-128:6478393B,3945,ETS-2-128,6478393B,1,1
QFN8,4410,1,FT1,,PS61201DRCR-LY,DRCLLF,10,alt,ETS-4M-128:6478393B,3945,ETS-4M-128,6478393B,1,1
QFN8,4410,1,FT1,,PS61201DRCR-LY,DRCLLF,10,alt,ETS-S-64:6478393B,3945,ETS-S-64,6478393B,1,1
QFN8,4410,1,FT1,,PS61201DRCR-LY,DRCLLF,10,alt,ETS-2Q-64:6478393B,3945,ETS-2Q-64,6478393B,1,1
QFN8V,4410,1,FT1,,PS62040DRCR1-R,DRC,10,,ETS-0-64:6462365C,5426,ETS-0-64,6462365C,1,1
QFN8V,4410,1,FT1,,PS62040DRCR1-R,DRC,10,alt,ETS-1-64:6462365C,5426,ETS-1-64,6462365C,1,1
QFN8V,4410,1,FT1,,PS62040DRCR1-R,DRC,10,alt,ETS-2-64:6462365C,5426,ETS-2-64,6462365C,1,1
QFN8V,4410,1,FT1,,PS62040DRCR1-R,DRC,10,alt,ETS-2M-64:6462365C,5426,ETS-2M-64,6462365C,1,1
QFN8V,4410,1,FT1,,PS62040DRCR1-R,DRC,10,alt,ETS-2-128:6462365C,5426,ETS-2-128,6462365C,1,1
QFN8V,4410,1,FT1,,PS62040DRCR1-R,DRC,10,alt,ETS-4M-128:6462365C,5426,ETS-4M-128,6462365C,1,1
QFN8V,4410,1,FT1,,PS62040DRCR1-R,DRC,10,alt,ETS-S-64:6462365C,5426,ETS-S-64,6462365C,1,1
QFN8V,4410,1,FT1,,PS62040DRCR1-R,DRC,10,alt,ETS-2Q-64:6462365C,5426,ETS-2Q-64,6462365C,1,1
QFN8,4410,1,FT1,,PS62410DRCR-RY,DRCLLF,10,,ETS-0-64:6471907A,2424,ETS-0-64,6471907A,1,2
QFN8,4410,1,FT1,,PS62410DRCR-RY,DRCLLF,10,alt,ETS-1-64:6471907A,2424,ETS-1-64,6471907A,1,2
QFN8,4410,1,FT1,,PS62410DRCR-RY,DRCLLF,10,alt,ETS-2-64:6471907A,2424,ETS-2-64,6471907A,1,2
QFN8,4410,1,FT1,,PS62410DRCR-RY,DRCLLF,10,alt,ETS-2M-64:6471907A,2424,ETS-2M-64,6471907A,1,2
QFN8,4410,1,FT1,,PS62410DRCR-RY,DRCLLF,10,alt,ETS-2-128:6471907A,2424,ETS-2-128,6471907A,1,2
QFN8,4410,1,FT1,,PS62410DRCR-RY,DRCLLF,10,alt,ETS-4M-128:6471907A,2424,ETS-4M-128,6471907A,1,2
QFN8,4410,1,FT1,,PS62410DRCR-RY,DRCLLF,10,alt,ETS-S-64:6471907A,2424,ETS-S-64,6471907A,1,2
QFN8,4410,1,FT1,,PS62410DRCR-RY,DRCLLF,10,alt,ETS-2Q-64:6471907A,2424,ETS-2Q-64,6471907A,1,2
QFN8,4410,1,FT1,,PS62510DRCR-RY,DRCLLF,10,,ETS-0-64:6474104A,5142,ETS-0-64,6474104A,1,2
QFN8,4410,1,FT1,,PS62510DRCR-RY,DRCLLF,10,alt,ETS-1-64:6474104A,5142,ETS-1-64,6474104A,1,2
QFN8,4410,1,FT1,,PS62510DRCR-RY,DRCLLF,10,alt,ETS-2-64:6474104A,5142,ETS-2-64,6474104A,1,2
QFN8,4410,1,FT1,,PS62510DRCR-RY,DRCLLF,10,alt,ETS-2M-64:6474104A,5142,ETS-2M-64,6474104A,1,2
QFN8,4410,1,FT1,,PS62510DRCR-RY,DRCLLF,10,alt,ETS-2-128:6474104A,5142,ETS-2-128,6474104A,1,2
QFN8,4410,1,FT1,,PS62510DRCR-RY,DRCLLF,10,alt,ETS-4M-128:6474104A,5142,ETS-4M-128,6474104A,1,2
QFN8,4410,1,FT1,,PS62510DRCR-RY,DRCLLF,10,alt,ETS-S-64:6474104A,5142,ETS-S-64,6474104A,1,2
QFN8,4410,1,FT1,,PS62510DRCR-RY,DRCLLF,10,alt,ETS-2Q-64:6474104A,5142,ETS-2Q-64,6474104A,1,2
QFN8,4410,1,FT1,,PS63000DRCR-LY,DRCLLF,10,,ETS-0-64:6469014A,2849,ETS-0-64,6469014A,1,1
QFN8,4410,1,FT1,,PS63000DRCR-LY,DRCLLF,10,alt,ETS-1-64:6469014A,2849,ETS-1-64,6469014A,1,1
QFN8,4410,1,FT1,,PS63000DRCR-LY,DRCLLF,10,alt,ETS-2-64:6469014A,2849,ETS-2-64,6469014A,1,1
QFN8,4410,1,FT1,,PS63000DRCR-LY,DRCLLF,10,alt,ETS-2M-64:6469014A,2849,ETS-2M-64,6469014A,1,1
QFN8,4410,1,FT1,,PS63000DRCR-LY,DRCLLF,10,alt,ETS-2-128:6469014A,2849,ETS-2-128,6469014A,1,1
QFN8,4410,1,FT1,,PS63000DRCR-LY,DRCLLF,10,alt,ETS-4M-128:6469014A,2849,ETS-4M-128,6469014A,1,1
QFN8,4410,1,FT1,,PS63000DRCR-LY,DRCLLF,10,alt,ETS-S-64:6469014A,2849,ETS-S-64,6469014A,1,1
QFN8,4410,1,FT1,,PS63000DRCR-LY,DRCLLF,10,alt,ETS-2Q-64:6469014A,2849,ETS-2Q-64,6469014A,1,1
QFN8,4410,1,FT1,,PS63001DRCR-LY,DRCLLF,10,,ETS-0-64:6469014A,2985,ETS-0-64,6469014A,1,1
QFN8,4410,1,FT1,,PS63001DRCR-LY,DRCLLF,10,alt,ETS-1-64:6469014A,2985,ETS-1-64,6469014A,1,1
QFN8,4410,1,FT1,,PS63001DRCR-LY,DRCLLF,10,alt,ETS-2-64:6469014A,2985,ETS-2-64,6469014A,1,1
QFN8,4410,1,FT1,,PS63001DRCR-LY,DRCLLF,10,alt,ETS-2M-64:6469014A,2985,ETS-2M-64,6469014A,1,1
QFN8,4410,1,FT1,,PS63001DRCR-LY,DRCLLF,10,alt,ETS-2-128:6469014A,2985,ETS-2-128,6469014A,1,1
QFN8,4410,1,FT1,,PS63001DRCR-LY,DRCLLF,10,alt,ETS-4M-128:6469014A,2985,ETS-4M-128,6469014A,1,1
QFN8,4410,1,FT1,,PS63001DRCR-LY,DRCLLF,10,alt,ETS-S-64:6469014A,2985,ETS-S-64,6469014A,1,1
QFN8,4410,1,FT1,,PS63001DRCR-LY,DRCLLF,10,alt,ETS-2Q-64:6469014A,2985,ETS-2Q-64,6469014A,1,1
QFN7MNT,4410,1,FT1,,PS63031DSKR-CK,DSKST,10,,ETS-0-64:6497193A,8265,ETS-0-64,6497193A,1,1
QFN7MNT,4410,1,FT1,,PS63031DSKR-CK,DSKST,10,alt,ETS-1-64:6497193A,8265,ETS-1-64,6497193A,1,1
QFN7MNT,4410,1,FT1,,PS63031DSKR-CK,DSKST,10,alt,ETS-2-64:6497193A,8265,ETS-2-64,6497193A,1,1
QFN7MNT,4410,1,FT1,,PS63031DSKR-CK,DSKST,10,alt,ETS-2M-64:6497193A,8265,ETS-2M-64,6497193A,1,1
QFN7MNT,4410,1,FT1,,PS63031DSKR-CK,DSKST,10,alt,ETS-2-128:6497193A,8265,ETS-2-128,6497193A,1,1
QFN7MNT,4410,1,FT1,,PS63031DSKR-CK,DSKST,10,alt,ETS-4M-128:6497193A,8265,ETS-4M-128,6497193A,1,1
QFN7MNT,4410,1,FT1,,PS63031DSKR-CK,DSKST,10,alt,ETS-S-64:6497193A,8265,ETS-S-64,6497193A,1,1
QFN7MNT,4410,1,FT1,,PS63031DSKR-CK,DSKST,10,alt,ETS-2Q-64:6497193A,8265,ETS-2Q-64,6497193A,1,1
QFN8,4410,1,FT1,,PS65051RSMR1-R,RSM,32,,ETS-0-64:6479677A,1143,ETS-0-64,6479677A,1,2
QFN8,4410,1,FT1,,PS65051RSMR1-R,RSM,32,alt,ETS-1-64:6479677A,1143,ETS-1-64,6479677A,1,2
QFN8,4410,1,FT1,,PS65051RSMR1-R,RSM,32,alt,ETS-2-64:6479677A,1143,ETS-2-64,6479677A,1,2
QFN8,4410,1,FT1,,PS65051RSMR1-R,RSM,32,alt,ETS-2M-64:6479677A,1143,ETS-2M-64,6479677A,1,2
QFN8,4410,1,FT1,,PS65051RSMR1-R,RSM,32,alt,ETS-2-128:6479677A,1143,ETS-2-128,6479677A,1,2
QFN8,4410,1,FT1,,PS65051RSMR1-R,RSM,32,alt,ETS-4M-128:6479677A,1143,ETS-4M-128,6479677A,1,2
QFN8,4410,1,FT1,,PS65051RSMR1-R,RSM,32,alt,ETS-S-64:6479677A,1143,ETS-S-64,6479677A,1,2
QFN8,4410,1,FT1,,PS65051RSMR1-R,RSM,32,alt,ETS-2Q-64:6479677A,1143,ETS-2Q-64,6479677A,1,2
QFN8,4410,1,FT1,,PS65053RGER1-R,RGE,24,,ETS-0-64:6484062B,1283,ETS-0-64,6484062B,1,2
QFN8,4410,1,FT1,,PS65053RGER1-R,RGE,24,alt,ETS-1-64:6484062B,1283,ETS-1-64,6484062B,1,2
QFN8,4410,1,FT1,,PS65053RGER1-R,RGE,24,alt,ETS-2-64:6484062B,1283,ETS-2-64,6484062B,1,2
QFN8,4410,1,FT1,,PS65053RGER1-R,RGE,24,alt,ETS-2M-64:6484062B,1283,ETS-2M-64,6484062B,1,2
QFN8,4410,1,FT1,,PS65053RGER1-R,RGE,24,alt,ETS-2-128:6484062B,1283,ETS-2-128,6484062B,1,2
QFN8,4410,1,FT1,,PS65053RGER1-R,RGE,24,alt,ETS-4M-128:6484062B,1283,ETS-4M-128,6484062B,1,2
QFN8,4410,1,FT1,,PS65053RGER1-R,RGE,24,alt,ETS-S-64:6484062B,1283,ETS-S-64,6484062B,1,2
QFN8,4410,1,FT1,,PS65053RGER1-R,RGE,24,alt,ETS-2Q-64:6484062B,1283,ETS-2Q-64,6484062B,1,2
QFN1UTT,4410,1,FT1,,PS65148CRHBR-U,RHB,32,,ETS-0-64:6503050A,2245,ETS-0-64,6503050A,1,2
QFN1UTT,4410,1,FT1,,PS65148CRHBR-U,RHB,32,alt,ETS-1-64:6503050A,2245,ETS-1-64,6503050A,1,2
QFN1UTT,4410,1,FT1,,PS65148CRHBR-U,RHB,32,alt,ETS-2-64:6503050A,2245,ETS-2-64,6503050A,1,2
QFN1UTT,4410,1,FT1,,PS65148CRHBR-U,RHB,32,alt,ETS-2M-64:6503050A,2245,ETS-2M-64,6503050A,1,2
QFN1UTT,4410,1,FT1,,PS65148CRHBR-U,RHB,32,alt,ETS-2-128:6503050A,2245,ETS-2-128,6503050A,1,2
QFN1UTT,4410,1,FT1,,PS65148CRHBR-U,RHB,32,alt,ETS-4M-128:6503050A,2245,ETS-4M-128,6503050A,1,2
QFN1UTT,4410,1,FT1,,PS65148CRHBR-U,RHB,32,alt,ETS-S-64:6503050A,2245,ETS-S-64,6503050A,1,2
QFN1UTT,4410,1,FT1,,PS65148CRHBR-U,RHB,32,alt,ETS-2Q-64:6503050A,2245,ETS-2Q-64,6503050A,1,2
QFN7V,4410,1,FT1,,Q24072TRGTR-G2,RGT300LLF,16,,ETS-0-64:6484140A,4172,ETS-0-64,6484140A,1,1
QFN7V,4410,1,FT1,,Q24072TRGTR-G2,RGT300LLF,16,alt,ETS-1-64:6484140A,4172,ETS-1-64,6484140A,1,1
QFN7V,4410,1,FT1,,Q24072TRGTR-G2,RGT300LLF,16,alt,ETS-2-64:6484140A,4172,ETS-2-64,6484140A,1,1
QFN7V,4410,1,FT1,,Q24072TRGTR-G2,RGT300LLF,16,alt,ETS-2M-64:6484140A,4172,ETS-2M-64,6484140A,1,1
QFN7V,4410,1,FT1,,Q24072TRGTR-G2,RGT300LLF,16,alt,ETS-2-128:6484140A,4172,ETS-2-128,6484140A,1,1
QFN7V,4410,1,FT1,,Q24072TRGTR-G2,RGT300LLF,16,alt,ETS-4M-128:6484140A,4172,ETS-4M-128,6484140A,1,1
QFN7V,4410,1,FT1,,Q24072TRGTR-G2,RGT300LLF,16,alt,ETS-S-64:6484140A,4172,ETS-S-64,6484140A,1,1
QFN7V,4410,1,FT1,,Q24072TRGTR-G2,RGT300LLF,16,alt,ETS-2Q-64:6484140A,4172,ETS-2Q-64,6484140A,1,1
QFN25,4410,1,FT1,,Q24195RGER-G2Y,RGE300LLF,24,,ETS-2-64:6525585A,2538,ETS-2-64,6525585A,1,1
QFN25,4410,1,FT1,,Q24195RGER-G2Y,RGE300LLF,24,alt,ETS-2M-64:6525585A,2538,ETS-2M-64,6525585A,1,1
QFN25,4410,1,FT1,,Q24195RGER-G2Y,RGE300LLF,24,alt,ETS-2-128:6525585A,2538,ETS-2-128,6525585A,1,1
QFN25,4410,1,FT1,,Q24195RGER-G2Y,RGE300LLF,24,alt,ETS-4M-128:6525585A,2538,ETS-4M-128,6525585A,1,1
QFN25,4410,1,FT1,,Q24292IRGER-G2,RGE300,24,,ETS-2-64:6525585A,2685,ETS-2-64,6525585A,1,1
QFN25,4410,1,FT1,,Q24292IRGER-G2,RGE300,24,alt,ETS-2M-64:6525585A,2685,ETS-2M-64,6525585A,1,1
QFN25,4410,1,FT1,,Q24292IRGER-G2,RGE300,24,alt,ETS-2-128:6525585A,2685,ETS-2-128,6525585A,1,1
QFN25,4410,1,FT1,,Q24292IRGER-G2,RGE300,24,alt,ETS-4M-128:6525585A,2685,ETS-4M-128,6525585A,1,1
QFN25,4410,1,FT1,,Q24296MRGER-G2,RGE300,24,,ETS-2-64:6525585A,2732,ETS-2-64,6525585A,1,1
QFN25,4410,1,FT1,,Q24296MRGER-G2,RGE300,24,alt,ETS-2M-64:6525585A,2732,ETS-2M-64,6525585A,1,1
QFN25,4410,1,FT1,,Q24296MRGER-G2,RGE300,24,alt,ETS-2-128:6525585A,2732,ETS-2-128,6525585A,1,1
QFN25,4410,1,FT1,,Q24296MRGER-G2,RGE300,24,alt,ETS-4M-128:6525585A,2732,ETS-4M-128,6525585A,1,1
QFN7,4410,1,FT1,,Q24707ARGRR-LK,RGR,20,,ETS-2-64:6512615D,2491,ETS-2-64,6512615D,1,1
QFN7,4410,1,FT1,,Q24707ARGRR-LK,RGR,20,alt,ETS-2M-64:6512615D,2491,ETS-2M-64,6512615D,1,1
QFN7,4410,1,FT1,,Q24707ARGRR-LK,RGR,20,alt,ETS-2-128:6512615D,2491,ETS-2-128,6512615D,1,1
QFN7,4410,1,FT1,,Q24707ARGRR-LK,RGR,20,alt,ETS-4M-128:6512615D,2491,ETS-4M-128,6512615D,1,1
QFN7,4410,1,FT1,,Q24728RGRR-G2K,RGR300,20,,ETS-2-64:6512615D,3623,ETS-2-64,6512615D,1,1
QFN7,4410,1,FT1,,Q24728RGRR-G2K,RGR300,20,alt,ETS-2M-64:6512615D,3623,ETS-2M-64,6512615D,1,1
QFN7,4410,1,FT1,,Q24728RGRR-G2K,RGR300,20,alt,ETS-2-128:6512615D,3623,ETS-2-128,6512615D,1,1
QFN7,4410,1,FT1,,Q24728RGRR-G2K,RGR300,20,alt,ETS-4M-128:6512615D,3623,ETS-4M-128,6512615D,1,1
QFN8V,4410,1,FT1,,Q24753ARHDR-LK,RHD,28,,ETS-0-64:6481759C,788,ETS-0-64,6481759C,1,1
QFN8V,4410,1,FT1,,Q24753ARHDR-LK,RHD,28,alt,ETS-1-64:6481759C,788,ETS-1-64,6481759C,1,1
QFN8V,4410,1,FT1,,Q24753ARHDR-LK,RHD,28,alt,ETS-2-64:6481759C,788,ETS-2-64,6481759C,1,1
QFN8V,4410,1,FT1,,Q24753ARHDR-LK,RHD,28,alt,ETS-2M-64:6481759C,788,ETS-2M-64,6481759C,1,1
QFN8V,4410,1,FT1,,Q24753ARHDR-LK,RHD,28,alt,ETS-2-128:6481759C,788,ETS-2-128,6481759C,1,1
QFN8V,4410,1,FT1,,Q24753ARHDR-LK,RHD,28,alt,ETS-4M-128:6481759C,788,ETS-4M-128,6481759C,1,1
QFN8V,4410,1,FT1,,Q24753ARHDR-LK,RHD,28,alt,ETS-S-64:6481759C,788,ETS-S-64,6481759C,1,1
QFN8V,4410,1,FT1,,Q24753ARHDR-LK,RHD,28,alt,ETS-2Q-64:6481759C,788,ETS-2Q-64,6481759C,1,1
QFN8,4410,1,FT1,,Q29200DRBR-BKY,DRBLLF,8,alt,ETM-2-64:6511607A,2164,ETM-2-64,6511607A,1,1
QFN8,4410,1,FT1,,Q29200DRBR-BKY,DRBLLF,8,alt,ETM-4-64:6511607A,2164,ETM-4-64,6511607A,1,1
QFN8,4410,1,FT1,,Q29200DRBR-BKY,DRBLLF,8,alt,ETM-5-128:6511607A,2164,ETM-5-128,6511607A,1,1
QFN8,4410,1,FT1,,Q29200DRBR-BKY,DRBLLF,8,alt,ETS-0-64:6511607A,2164,ETS-0-64,6511607A,1,1
QFN8,4410,1,FT1,,Q29200DRBR-BKY,DRBLLF,8,alt,ETS-1-64:6511607A,2164,ETS-1-64,6511607A,1,1
QFN8,4410,1,FT1,,Q29200DRBR-BKY,DRBLLF,8,alt,ETS-2-64:6511607A,2164,ETS-2-64,6511607A,1,1
QFN8,4410,1,FT1,,Q29200DRBR-BKY,DRBLLF,8,alt,ETS-2M-64:6511607A,2164,ETS-2M-64,6511607A,1,1
QFN8,4410,1,FT1,,Q29200DRBR-BKY,DRBLLF,8,alt,ETS-2-128:6511607A,2164,ETS-2-128,6511607A,1,1
QFN8,4410,1,FT1,,Q29200DRBR-BKY,DRBLLF,8,alt,ETS-4M-128:6511607A,2164,ETS-4M-128,6511607A,1,1
QFN8,4410,1,FT1,,Q29200DRBR-BKY,DRBLLF,8,alt,ETS-S-64:6511607A,2164,ETS-S-64,6511607A,1,1
QFN8,4410,1,FT1,,Q29200DRBR-BKY,DRBLLF,8,alt,ETS-2Q-64:6511607A,2164,ETS-2Q-64,6511607A,1,1
QFN7,4410,1,FT1,,RV401AIRGWR-ZK,RGW,20,,ETM-2-64:6471369E,1250,ETM-2-64,6471369E,1,1
QFN7,4410,1,FT1,,RV401AIRGWR-ZK,RGW,20,alt,ETM-4-64:6471369E,1250,ETM-4-64,6471369E,1,1
QFN7,4410,1,FT1,,RV401AIRGWR-ZK,RGW,20,alt,ETM-5-128:6471369E,1250,ETM-5-128,6471369E,1,1
QFN7,4410,1,FT1,,RV401AIRGWR-ZK,RGW,20,alt,ETS-2-64:6471369E,1250,ETS-2-64,6471369E,1,1
QFN7,4410,1,FT1,,RV401AIRGWR-ZK,RGW,20,alt,ETS-2M-64:6471369E,1250,ETS-2M-64,6471369E,1,1
QFN7,4410,1,FT1,,RV401AIRGWR-ZK,RGW,20,alt,ETS-2-128:6471369E,1250,ETS-2-128,6471369E,1,1
QFN7,4410,1,FT1,,RV401AIRGWR-ZK,RGW,20,alt,ETS-2Q-64:6471369E,1250,ETS-2Q-64,6471369E,1,1
QFN7,4410,1,FT1,,RV401AIRGWR-ZK,RGW,20,alt,ETS-4M-128:6471369E,1250,ETS-4M-128,6471369E,1,1
QFN36CLPD1,4410,1,FT1,,S544A22RVFR-LN,RVFCLIP,40,,ETS-2-64:6528917B,918,ETS-2-64,6528917B,1,1
QFN36CLPD1,4410,1,FT1,,S544A22RVFR-LN,RVFCLIP,40,alt,ETS-2M-64:6528917B,918,ETS-2M-64,6528917B,1,1
QFN36CLPD1,4410,1,FT1,,S544A22RVFR-LN,RVFCLIP,40,alt,ETS-2-128:6528917B,918,ETS-2-128,6528917B,1,1
QFN36CLPD1,4410,1,FT1,,S544A22RVFR-LN,RVFCLIP,40,alt,ETS-4M-128:6528917B,918,ETS-4M-128,6528917B,1,1
QFN36CLPD1,4410,1,FT1,,S544B20RVFR-LN,RVFCLIPT,40,,ETS-2-64:6528917B,752,ETS-2-64,6528917B,1,1
QFN36CLPD1,4410,1,FT1,,S544B20RVFR-LN,RVFCLIPT,40,alt,ETS-2M-64:6528917B,752,ETS-2M-64,6528917B,1,1
QFN36CLPD1,4410,1,FT1,,S544B20RVFR-LN,RVFCLIPT,40,alt,ETS-2-128:6528917B,752,ETS-2-128,6528917B,1,1
QFN36CLPD1,4410,1,FT1,,S544B20RVFR-LN,RVFCLIPT,40,alt,ETS-4M-128:6528917B,752,ETS-4M-128,6528917B,1,1
QFN36CLPD1,4410,1,FT1,,S544C22RVFT-LN,RVFCLIPT,40,,ETS-2-64:6528917B,897,ETS-2-64,6528917B,1,1
QFN36CLPD1,4410,1,FT1,,S544C22RVFT-LN,RVFCLIPT,40,alt,ETS-2M-64:6528917B,897,ETS-2M-64,6528917B,1,1
QFN36CLPD1,4410,1,FT1,,S544C22RVFT-LN,RVFCLIPT,40,alt,ETS-2-128:6528917B,897,ETS-2-128,6528917B,1,1
QFN36CLPD1,4410,1,FT1,,S544C22RVFT-LN,RVFCLIPT,40,alt,ETS-4M-128:6528917B,897,ETS-4M-128,6528917B,1,1
QFN25ESD,4410,1,FT1,,S54620RGYR1-G2,RGY300,14,,ETS-0-64:6487925B,2914,ETS-0-64,6487925B,1,1
QFN25ESD,4410,1,FT1,,S54620RGYR1-G2,RGY300,14,alt,ETS-1-64:6487925B,2914,ETS-1-64,6487925B,1,1
QFN25ESD,4410,1,FT1,,S54620RGYR1-G2,RGY300,14,alt,ETS-2-64:6487925B,2914,ETS-2-64,6487925B,1,1
QFN25ESD,4410,1,FT1,,S54620RGYR1-G2,RGY300,14,alt,ETS-2M-64:6487925B,2914,ETS-2M-64,6487925B,1,1
QFN25ESD,4410,1,FT1,,S54620RGYR1-G2,RGY300,14,alt,ETS-2-128:6487925B,2914,ETS-2-128,6487925B,1,1
QFN25ESD,4410,1,FT1,,S54620RGYR1-G2,RGY300,14,alt,ETS-4M-128:6487925B,2914,ETS-4M-128,6487925B,1,1
QFN25ESD,4410,1,FT1,,S54620RGYR1-G2,RGY300,14,alt,ETS-S-64:6487925B,2914,ETS-S-64,6487925B,1,1
QFN25ESD,4410,1,FT1,,S54620RGYR1-G2,RGY300,14,alt,ETS-2Q-64:6487925B,2914,ETS-2Q-64,6487925B,1,1
QFN7MNT,4410,1,FT1,,S62067DSGR1-G2,DSGST,8,,ETS-0-64:6506370A,15172,ETS-0-64,6506370A,1,1
QFN7MNT,4410,1,FT1,,S62067DSGR1-G2,DSGST,8,alt,ETS-1-64:6506370A,15172,ETS-1-64,6506370A,1,1
QFN7MNT,4410,1,FT1,,S62067DSGR1-G2,DSGST,8,alt,ETS-2-64:6506370A,15172,ETS-2-64,6506370A,1,1
QFN7MNT,4410,1,FT1,,S62067DSGR1-G2,DSGST,8,alt,ETS-2M-64:6506370A,15172,ETS-2M-64,6506370A,1,1
QFN7MNT,4410,1,FT1,,S62067DSGR1-G2,DSGST,8,alt,ETS-2-128:6506370A,15172,ETS-2-128,6506370A,1,1
QFN7MNT,4410,1,FT1,,S62067DSGR1-G2,DSGST,8,alt,ETS-4M-128:6506370A,15172,ETS-4M-128,6506370A,1,1
QFN7MNT,4410,1,FT1,,S62067DSGR1-G2,DSGST,8,alt,ETS-S-64:6506370A,15172,ETS-S-64,6506370A,1,1
QFN7MNT,4410,1,FT1,,S62067DSGR1-G2,DSGST,8,alt,ETS-2Q-64:6506370A,15172,ETS-2Q-64,6506370A,1,1
QFN40CLPD1,4410,1,FT1,,SD59962Q5M1-LN,DQPCLIP,12,,ETS-2-64:6575257C,1250,ETS-2-64,6575257C,1,1
QFN40CLPD1,4410,1,FT1,,SD59962Q5M1-LN,DQPCLIP,12,alt,ETS-2M-64:6575257C,1250,ETS-2M-64,6575257C,1,1
QFN40CLPD1,4410,1,FT1,,SD59962Q5M1-LN,DQPCLIP,12,alt,ETS-2-128:6575257C,1250,ETS-2-128,6575257C,1,1
QFN40CLPD1,4410,1,FT1,,SD59962Q5M1-LN,DQPCLIP,12,alt,ETS-4M-128:6575257C,1250,ETS-4M-128,6575257C,1,1
QFN40CLPD1,4410,1,FT1,,SD59962Q5M1-LN,DQPCLIP,12,,ETS-2-64:6577979A,2312,ETS-2-64,6577979A,1,1
QFN40CLPD1,4410,1,FT1,,SD59962Q5M1-LN,DQPCLIP,12,alt,ETS-2M-64:6577979A,2312,ETS-2M-64,6577979A,1,1
QFN40CLPD1,4410,1,FT1,,SD59962Q5M1-LN,DQPCLIP,12,alt,ETS-2-128:6577979A,2312,ETS-2-128,6577979A,1,1
QFN40CLPD1,4410,1,FT1,,SD59962Q5M1-LN,DQPCLIP,12,alt,ETS-4M-128:6577979A,2312,ETS-4M-128,6577979A,1,1
QFN40CLPD1,4420,1,FT2,,SD59962Q5M1-LN,DQPCLIP,12,,ETS-2-64:6575257C,1699,ETS-2-64,6575257C,1,1
QFN40CLPD1,4420,1,FT2,,SD59962Q5M1-LN,DQPCLIP,12,alt,ETS-2M-64:6575257C,1699,ETS-2M-64,6575257C,1,1
QFN40CLPD1,4420,1,FT2,,SD59962Q5M1-LN,DQPCLIP,12,alt,ETS-2-128:6575257C,1699,ETS-2-128,6575257C,1,1
QFN40CLPD1,4420,1,FT2,,SD59962Q5M1-LN,DQPCLIP,12,alt,ETS-4M-128:6575257C,1699,ETS-4M-128,6575257C,1,1
QFN40CLPD1,4420,1,FT2,,SD59962Q5M1-LN,DQPCLIP,12,,ETS-2-64:6577979A,1250,ETS-2-64,6577979A,1,1
QFN40CLPD1,4420,1,FT2,,SD59962Q5M1-LN,DQPCLIP,12,alt,ETS-2M-64:6577979A,1250,ETS-2M-64,6577979A,1,1
QFN40CLPD1,4420,1,FT2,,SD59962Q5M1-LN,DQPCLIP,12,alt,ETS-2-128:6577979A,1250,ETS-2-128,6577979A,1,1
QFN40CLPD1,4420,1,FT2,,SD59962Q5M1-LN,DQPCLIP,12,alt,ETS-4M-128:6577979A,1250,ETS-4M-128,6577979A,1,1
QFN8,4410,1,FT1,,TPS2231RGPR-B,RGP,20,,ETS-0-64:6491333A,5714,ETS-0-64,6491333A,1,1
QFN8,4410,1,FT1,,TPS2231RGPR-B,RGP,20,alt,ETS-1-64:6491333A,5714,ETS-1-64,6491333A,1,1
QFN8,4410,1,FT1,,TPS2231RGPR-B,RGP,20,alt,ETS-2-64:6491333A,5714,ETS-2-64,6491333A,1,1
QFN8,4410,1,FT1,,TPS2231RGPR-B,RGP,20,alt,ETS-2M-64:6491333A,5714,ETS-2M-64,6491333A,1,1
QFN8,4410,1,FT1,,TPS2231RGPR-B,RGP,20,alt,ETS-2-128:6491333A,5714,ETS-2-128,6491333A,1,1
QFN8,4410,1,FT1,,TPS2231RGPR-B,RGP,20,alt,ETS-4M-128:6491333A,5714,ETS-4M-128,6491333A,1,1
QFN8,4410,1,FT1,,TPS2231RGPR-B,RGP,20,alt,ETS-S-64:6491333A,5714,ETS-S-64,6491333A,1,1
QFN8,4410,1,FT1,,TPS2231RGPR-B,RGP,20,alt,ETS-2Q-64:6491333A,5714,ETS-2Q-64,6491333A,1,1
QFN7NBGMNT,4410,1,FT1,,TPS2557DRBR2-R,DRBST,8,,ETS-0-64:6555613B,12845,ETS-0-64,6555613B,1,1
QFN7NBGMNT,4410,1,FT1,,TPS2557DRBR2-R,DRBST,8,alt,ETS-1-64:6555613B,12845,ETS-1-64,6555613B,1,1
QFN7NBGMNT,4410,1,FT1,,TPS2557DRBR2-R,DRBST,8,alt,ETS-2-64:6555613B,12845,ETS-2-64,6555613B,1,1
QFN7NBGMNT,4410,1,FT1,,TPS2557DRBR2-R,DRBST,8,alt,ETS-2M-64:6555613B,12845,ETS-2M-64,6555613B,1,1
QFN7NBGMNT,4410,1,FT1,,TPS2557DRBR2-R,DRBST,8,alt,ETS-2-128:6555613B,12845,ETS-2-128,6555613B,1,1
QFN7NBGMNT,4410,1,FT1,,TPS2557DRBR2-R,DRBST,8,alt,ETS-4M-128:6555613B,12845,ETS-4M-128,6555613B,1,1
QFN7NBGMNT,4410,1,FT1,,TPS2557DRBR2-R,DRBST,8,alt,ETS-S-64:6555613B,12845,ETS-S-64,6555613B,1,1
QFN7NBGMNT,4410,1,FT1,,TPS2557DRBR2-R,DRBST,8,alt,ETS-2Q-64:6555613B,12845,ETS-2Q-64,6555613B,1,1
QFN25,4410,1,FT1,,TPS2590RSAR-G2,RSA300,16,,ETS-0-64:6494708A,2032,ETS-0-64,6494708A,1,1
QFN25,4410,1,FT1,,TPS2590RSAR-G2,RSA300,16,alt,ETS-1-64:6494708A,2032,ETS-1-64,6494708A,1,1
QFN25,4410,1,FT1,,TPS2590RSAR-G2,RSA300,16,alt,ETS-2-64:6494708A,2032,ETS-2-64,6494708A,1,1
QFN25,4410,1,FT1,,TPS2590RSAR-G2,RSA300,16,alt,ETS-2M-64:6494708A,2032,ETS-2M-64,6494708A,1,1
QFN25,4410,1,FT1,,TPS2590RSAR-G2,RSA300,16,alt,ETS-2-128:6494708A,2032,ETS-2-128,6494708A,1,1
QFN25,4410,1,FT1,,TPS2590RSAR-G2,RSA300,16,alt,ETS-4M-128:6494708A,2032,ETS-4M-128,6494708A,1,1
QFN25,4410,1,FT1,,TPS2590RSAR-G2,RSA300,16,alt,ETS-S-64:6494708A,2032,ETS-S-64,6494708A,1,1
QFN25,4410,1,FT1,,TPS2590RSAR-G2,RSA300,16,alt,ETS-2Q-64:6494708A,2032,ETS-2Q-64,6494708A,1,1
QFN8,4410,1,FT1,,TPS40222DRPR-B,DRP,6,,ETS-0-64:6489924A,4815,ETS-0-64,6489924A,1,1
QFN8,4410,1,FT1,,TPS40222DRPR-B,DRP,6,alt,ETS-1-64:6489924A,4815,ETS-1-64,6489924A,1,1
QFN8,4410,1,FT1,,TPS40222DRPR-B,DRP,6,alt,ETS-2-64:6489924A,4815,ETS-2-64,6489924A,1,1
QFN8,4410,1,FT1,,TPS40222DRPR-B,DRP,6,alt,ETS-2M-64:6489924A,4815,ETS-2M-64,6489924A,1,1
QFN8,4410,1,FT1,,TPS40222DRPR-B,DRP,6,alt,ETS-2-128:6489924A,4815,ETS-2-128,6489924A,1,1
QFN8,4410,1,FT1,,TPS40222DRPR-B,DRP,6,alt,ETS-4M-128:6489924A,4815,ETS-4M-128,6489924A,1,1
QFN8,4410,1,FT1,,TPS40222DRPR-B,DRP,6,alt,ETS-S-64:6489924A,4815,ETS-S-64,6489924A,1,1
QFN8,4410,1,FT1,,TPS40222DRPR-B,DRP,6,alt,ETS-2Q-64:6489924A,4815,ETS-2Q-64,6489924A,1,1
QFN7,4410,1,FT1,,TPS53317RGBT-L,RGB,20,,ETS-2-64:6520958B,1714,ETS-2-64,6520958B,1,1
QFN7,4410,1,FT1,,TPS53317RGBT-L,RGB,20,alt,ETS-2M-64:6520958B,1714,ETS-2M-64,6520958B,1,1
QFN7,4410,1,FT1,,TPS53317RGBT-L,RGB,20,alt,ETS-2-128:6520958B,1714,ETS-2-128,6520958B,1,1
QFN7,4410,1,FT1,,TPS53317RGBT-L,RGB,20,alt,ETS-4M-128:6520958B,1714,ETS-4M-128,6520958B,1,1
QFN7V,4410,1,FT1,,TPS54519RTER-R,RTE,16,,ETS-0-64:6522803A,2293,ETS-0-64,6522803A,1,1
QFN7V,4410,1,FT1,,TPS54519RTER-R,RTE,16,alt,ETS-1-64:6522803A,2293,ETS-1-64,6522803A,1,1
QFN7V,4410,1,FT1,,TPS54519RTER-R,RTE,16,alt,ETS-2-64:6522803A,2293,ETS-2-64,6522803A,1,1
QFN7V,4410,1,FT1,,TPS54519RTER-R,RTE,16,alt,ETS-2M-64:6522803A,2293,ETS-2M-64,6522803A,1,1
QFN7V,4410,1,FT1,,TPS54519RTER-R,RTE,16,alt,ETS-2-128:6522803A,2293,ETS-2-128,6522803A,1,1
QFN7V,4410,1,FT1,,TPS54519RTER-R,RTE,16,alt,ETS-4M-128:6522803A,2293,ETS-4M-128,6522803A,1,1
QFN7V,4410,1,FT1,,TPS54519RTER-R,RTE,16,alt,ETS-S-64:6522803A,2293,ETS-S-64,6522803A,1,1
QFN7V,4410,1,FT1,,TPS54519RTER-R,RTE,16,alt,ETS-2Q-64:6522803A,2293,ETS-2Q-64,6522803A,1,1
QFN7ESD,4410,1,FT1,,TPS54622RHLR-L,RHL,14,,ETS-0-64:6487925B,2322,ETS-0-64,6487925B,1,1
QFN7ESD,4410,1,FT1,,TPS54622RHLR-L,RHL,14,alt,ETS-1-64:6487925B,2322,ETS-1-64,6487925B,1,1
QFN7ESD,4410,1,FT1,,TPS54622RHLR-L,RHL,14,alt,ETS-2-64:6487925B,2322,ETS-2-64,6487925B,1,1
QFN7ESD,4410,1,FT1,,TPS54622RHLR-L,RHL,14,alt,ETS-2M-64:6487925B,2322,ETS-2M-64,6487925B,1,1
QFN7ESD,4410,1,FT1,,TPS54622RHLR-L,RHL,14,alt,ETS-2-128:6487925B,2322,ETS-2-128,6487925B,1,1
QFN7ESD,4410,1,FT1,,TPS54622RHLR-L,RHL,14,alt,ETS-4M-128:6487925B,2322,ETS-4M-128,6487925B,1,1
QFN7ESD,4410,1,FT1,,TPS54622RHLR-L,RHL,14,alt,ETS-S-64:6487925B,2322,ETS-S-64,6487925B,1,1
QFN7ESD,4410,1,FT1,,TPS54622RHLR-L,RHL,14,alt,ETS-2Q-64:6487925B,2322,ETS-2Q-64,6487925B,1,1
QFN7MNT,4410,1,FT1,,TPS61093DSKR-C,DSKST,10,,ETS-0-64:6506370A,18174,ETS-0-64,6506370A,1,1
QFN7MNT,4410,1,FT1,,TPS61093DSKR-C,DSKST,10,alt,ETS-1-64:6506370A,18174,ETS-1-64,6506370A,1,1
QFN7MNT,4410,1,FT1,,TPS61093DSKR-C,DSKST,10,alt,ETS-2-64:6506370A,18174,ETS-2-64,6506370A,1,1
QFN7MNT,4410,1,FT1,,TPS61093DSKR-C,DSKST,10,alt,ETS-2M-64:6506370A,18174,ETS-2M-64,6506370A,1,1
QFN7MNT,4410,1,FT1,,TPS61093DSKR-C,DSKST,10,alt,ETS-2-128:6506370A,18174,ETS-2-128,6506370A,1,1
QFN7MNT,4410,1,FT1,,TPS61093DSKR-C,DSKST,10,alt,ETS-4M-128:6506370A,18174,ETS-4M-128,6506370A,1,1
QFN7MNT,4410,1,FT1,,TPS61093DSKR-C,DSKST,10,alt,ETS-S-64:6506370A,18174,ETS-S-64,6506370A,1,1
QFN7MNT,4410,1,FT1,,TPS61093DSKR-C,DSKST,10,alt,ETS-2Q-64:6506370A,18174,ETS-2Q-64,6506370A,1,1
QFN8BAKE,4410,1,FT1,,TPS65162RGZR-B,RGZ,48,,ETS-1-64:6483270B,1250,ETS-1-64,6483270B,1,2
QFN8BAKE,4410,1,FT1,,TPS65162RGZR-B,RGZ,48,alt,ETS-2-64:6483270B,1250,ETS-2-64,6483270B,1,2
QFN8BAKE,4410,1,FT1,,TPS65162RGZR-B,RGZ,48,alt,ETS-S-64:6483270B,1250,ETS-S-64,6483270B,1,2
QFN8BAKE,4410,1,FT1,,TPS65162RGZR-B,RGZ,48,alt,ETS-2M-64:6483270B,1250,ETS-2M-64,6483270B,1,2
QFN8BAKE,4410,1,FT1,,TPS65162RGZR-B,RGZ,48,alt,ETS-2-128:6483270B,1250,ETS-2-128,6483270B,1,2
QFN8BAKE,4410,1,FT1,,TPS65162RGZR-B,RGZ,48,alt,ETS-4M-128:6483270B,1250,ETS-4M-128,6483270B,1,2
