tooling_family,Tooling_Instance,tooling_family_name,certification
6460534B,EA123,6460534B,1
6460534B,EA330,6460534B,1
6468723B,EA003,6468723B,1
6468723B,EAL132,6468723B,1
6469014A,EA155,6469014A,1
6469014A,EAL045,6469014A,1
6469014A,EAL589,6469014A,1
6471369E,EA115,6471369E,1
6471369E,EA116,6471369E,1
6471369E,EA217,6471369E,1
6471369E,EA219,6471369E,1
6471369E,EAL087,6471369E,1
6471369E,EAL120,6471369E,1
6471907A,EA001,6471907A,2
6471907A,EA002,6471907A,2
6471907A,EA282,6471907A,2
6471907A,EAL236,6471907A,1
6471907A,EAL239,6471907A,1
6472365B,EA049,6472365B,1
6472365B,EA050,6472365B,1
6472365B,EA082,6472365B,1
6472365B,EAL019,6472365B,1
6473092B,EA342,6473092B,1
6473092B,EA343,6473092B,1
6474275A,EA136,6474275A,1
6474275A,EA137,6474275A,1
6479465A,EA373,6479465A,1
6479465A,EA383,6479465A,1
6479465A,EA413,6479465A,1
6479465A,EAL312,6479465A,1
6479465A,EAL408,6479465A,1
6479677A,EA041,6479677A,2
6479677A,EA042,6479677A,1
6479677A,EA085,6479677A,2
6479677A,EA088,6479677A,2
6479677A,EAL008,6479677A,2
6479677A,EAL024,6479677A,2
6481937B,EA064,6481937B,1
6481937B,EA126,6481937B,1
6481937B,EAL005,6481937B,1
6484140A,EAL066,6484140A,1
6484140A,EAL075,6484140A,1
6484140A,EAL169,6484140A,1
6484140A,EAL379,6484140A,1
6484140A,EAL380,6484140A,1
6487839B,EA067,6487839B,1
6487839B,EA068,6487839B,1
6487839B,EA139,6487839B,1
6487839B,EA141,6487839B,1
6487839B,EA245,6487839B,1
6487839B,EA300,6487839B,1
6487839B,EA315,6487839B,1
6487839B,EAL278,6487839B,1
6487839B,EAL279,6487839B,1
6487925B,EA078,6487925B,1
6487925B,EA079,6487925B,1
6487925B,EA321,6487925B,1
6487925B,EA371,6487925B,1
6487925B,EA387,6487925B,1
6487925B,EA388,6487925B,1
6487925B,EA451,6487925B,1
6487925B,EA452,6487925B,1
6487925B,EA457,6487925B,1
6487925B,EA481,6487925B,1
6489159B,EA234,6489159B,1
6489159B,EA235,6489159B,1
6489159B,EA317,6489159B,1
6489924A,EA147,6489924A,1
6489924A,EA148,6489924A,1
6491333A,EA009,6491333A,1
6491333A,EA010,6491333A,1
6491333A,EA011,6491333A,1
6492420C,EA174,6492420C,1
6492420C,EA254,6492420C,1
6492420C,EA255,6492420C,1
6492420C,EA395,6492420C,1
6492420C,EA396,6492420C,1
6492420C,EAL114,6492420C,1
6492420C,EAL121,6492420C,1
6492420C,EAL140,6492420C,1
6492420C,EAL201,6492420C,1
6493388A,EA103,6493388A,3
6493388A,EA104,6493388A,3
6493388A,EA199,6493388A,3
6493388A,EAL107,6493388A,3
6493741B,EA110,6493741B,1
6493741B,EA111,6493741B,1
6493741B,EA112,6493741B,1
6493741B,EA232,6493741B,1
6493741B,EA261,6493741B,1
6494476A,EAL059,6494476A,1
6494476A,EAL060,6494476A,1
6494708A,EA218,6494708A,1
6494708A,EAL162,6494708A,1
6494708A,EAL443,6494708A,1
6496545A,EA233,6496545A,1
6496545A,EA320,6496545A,1
6497119C,EA171,6497119C,1
6497119C,EA287,6497119C,1
6497193A,THIB-007,6497193A,1
6497193A,THIB-013,6497193A,1
6498316A,EA205,6498316A,1
6498316A,EA206,6498316A,1
6498316A,EA249,6498316A,1
6503050A,EA165,6503050A,2
6503050A,EA210,6503050A,2
6503050A,EA318,6503050A,2
6503050A,EAL042,6503050A,2
6504079A,TS009,6504079A,1
6504079A,TS011,6504079A,1
6504079A,TSL001,6504079A,1
6504079A,TSL002,6504079A,1
6505620C,EA032,6505620C,1
6505620C,EA033,6505620C,1
6505620C,EA214,6505620C,1
6505771B,EA093,6505771B,1
6505771B,EA094,6505771B,1
6505771B,EAL004,6505771B,1
6505771B,EAL021,6505771B,1
6506370A,THIB-001,6506370A,1
6506370A,THIB-014,6506370A,1
6506370A,THIB-021,6506370A,1
6506370A,THIB-023,6506370A,1
6506370A,THIB-024,6506370A,1
6506370A,THIB-030,6506370A,1
6506370A,THIB-032,6506370A,1
6507988A,EA034,6507988A,1
6507988A,EA035,6507988A,1
6507988A,EA036,6507988A,1
6507988A,EA051,6507988A,1
6507988A,EA052,6507988A,1
6507988A,EA053,6507988A,1
6507988A,EA099,6507988A,1
6508600B,EA237,6508600B,2
6508600B,EAL310,6508600B,2
6508600B,EAL311,6508600B,2
6509808B,TS001,6509808B,1
6509808B,TS003,6509808B,1
6509808B,TS006,6509808B,1
6509808B,TSL007,6509808B,1
6509808B,TSL008,6509808B,1
6509808B,TSL017,6509808B,1
6510609E,EA397,6510609E,1
6510609E,EA402,6510609E,1
6510697B,EA277,6510697B,1
6510697B,EA278,6510697B,1
6510697B,EAL003,6510697B,1
6510697B,EAL028,6510697B,1
6511094C,EA325,6511094C,1
6511094C,EA328,6511094C,1
6511094C,EA329,6511094C,1
6511094C,EAL081,6511094C,1
6512302B,EA209,6512302B,1
6512302B,EA291,6512302B,1
6512302B,EAL154,6512302B,1
6512615D,EA188,6512615D,1
6512615D,EA447,6512615D,1
6512615D,EA472,6512615D,1
6512615D,EA473,6512615D,1
6513990A,EAL137,6513990A,2
6513990A,EAL197,6513990A,1
6513992A,EAL253,6513992A,1
6513992A,EAL329,6513992A,1
6513992A,EAL571,6513992A,1
6514494A,EAL111,6514494A,1
6514494A,EAL435,6514494A,1
6514494A,EAL564,6514494A,1
6514600A,EA181,6514600A,1
6514600A,EA185,6514600A,1
6514765A,TS002,6514765A,1
6514765A,TSL011,6514765A,1
6514765A,TSL013,6514765A,1
6514765A,TSL018,6514765A,1
6515499B,EA358,6515499B,1
6515499B,EA359,6515499B,1
6515575A,EA228,6515575A,1
6515575A,EAL155,6515575A,1
6515575A,EAL184,6515575A,1
6515577B,EAL088,6515577B,1
6515577B,EAL091,6515577B,1
6515577B,EAL337,6515577B,1
6515677C,EA264,6515677C,1
6515677C,EAL128,6515677C,1
6515677C,EAL129,6515677C,1
6515677C,EAL205,6515677C,1
6515677C,EAL269,6515677C,1
6515677C,EAL276,6515677C,1
6515677C,EAL410,6515677C,1
6515677C,EAL411,6515677C,1
6515677C,EAL412,6515677C,1
6515889A,EA338,6515889A,1
6515889A,EA339,6515889A,1
6515889A,EA458,6515889A,1
6515889A,EA459,6515889A,1
6516230D,EA399,6516230D,1
6516230D,EA414,6516230D,1
6516230D,EAL093,6516230D,1
6516230D,EAL094,6516230D,1
6516394A,EAL055,6516394A,1
6516394A,EAL056,6516394A,1
6518233A,EA195,6518233A,2
6518233A,EA198,6518233A,2
6518233A,EAL083,6518233A,2
6518233A,EAL084,6518233A,2
6518233A,EAL113,6518233A,2
6518499A,EAL098,6518499A,1
6518499A,EAL099,6518499A,1
6518552B,EA247,6518552B,1
6518552B,EA288,6518552B,1
6518552B,EA391,6518552B,1
6518552B,EAL458,6518552B,1
6518648B,EAL330,6518648B,1
6518648B,EAL331,6518648B,1
6518677A,EA183,6518677A,1
6518677A,EA184,6518677A,1
6518677A,EA202,6518677A,1
6519267C,EAL199,6519267C,1
6519267C,EAL200,6519267C,1
6520265B,EAL089,6520265B,1
6520265B,EAL101,6520265B,1
6520958B,EA246,6520958B,1
6520958B,EA327,6520958B,1
6520958B,EA465,6520958B,1
6520959B,EA200,6520959B,1
6520959B,EA201,6520959B,1
6520959B,EA203,6520959B,1
6520959B,EA204,6520959B,1
6520959B,EA250,6520959B,1
6520959B,EA263,6520959B,1
6520959B,EA333,6520959B,1
6520959B,EAL096,6520959B,1
6520959B,EAL100,6520959B,1
6521279A,EA475,6521279A,1
6521279A,EAL194,6521279A,1
6521279A,EAL195,6521279A,1
6522167C,EA468,6522167C,1
6522167C,EA474,6522167C,1
6522167C,EAL103,6522167C,1
6522167C,EAL104,6522167C,1
6522212C,EA372,6522212C,1
6522212C,EA463,6522212C,1
6522212C,EA483,6522212C,1
6522212C,EAL266,6522212C,1
6522503A,EAL192,6522503A,1
6522503A,EAL193,6522503A,1
6522719D,EA216,6522719D,2
6522719D,EA294,6522719D,2
6522719D,EA364,6522719D,2
6522719D,EA365,6522719D,2
6522719D,EA377,6522719D,2
6522719D,EA456,6522719D,2
6522803A,EA242,6522803A,1
6522803A,EA243,6522803A,1
6523177B,EA251,6523177B,1
6523177B,EA253,6523177B,1
6523514A,EAL144,6523514A,1
6523514A,EAL145,6523514A,1
6524040A,EA297,6524040A,1
6524040A,EAL254,6524040A,1
6524040A,EAL255,6524040A,1
6524269b,EAL191,6524269b,1
6524552C,EA306,6524552C,1
6524552C,EA307,6524552C,1
6524552C,EAL227,6524552C,1
6524552C,EAL228,6524552C,1
6524552C,EAL229,6524552C,1
6524788B,TS004,6524788B,1
6524788B,TS007,6524788B,1
6525239A,EA304,6525239A,1
6525239A,EA305,6525239A,1
6525585A,EA332,6525585A,1
6525585A,EA337,6525585A,1
6525585A,EA389,6525585A,1
6525585A,EA400,6525585A,1
6525585A,EA409,6525585A,1
6525585A,EA410,6525585A,1
6525585A,EA419,6525585A,1
6525585A,EA420,6525585A,1
6525585A,EA479,6525585A,1
6525585A,EAL317,6525585A,1
6525585A,EAL324,6525585A,1
6525585A,EAL476,6525585A,1
6525600B,EA301,6525600B,2
6525600B,EAL153,6525600B,2
6525600B,EAL202,6525600B,2
6525600B,EAL413,6525600B,2
6525600B,EAL500,6525600B,2
6526024A,EA484,6526024A,2
6526024A,EAL219,6526024A,2
6526024A,EAL261,6526024A,2
6526024A,EAL539,6526024A,2
6526024A,EAL540,6526024A,2
6526546B,EAL242,6526546B,2
6526546B,EAL243,6526546B,2
6526570D,EAL465,6526570D,1
6526570D,EAL466,6526570D,1
6526878A,EA265,6526878A,1
6526878A,EAL304,6526878A,1
6527607B,EA379,6527607B,1
6527607B,EA386,6527607B,1
6527607B,EA422,6527607B,1
6527607B,EAL257,6527607B,1
6527607B,EAL283,6527607B,1
6528917B,EAL453,6528917B,1
6528917B,EAL480,6528917B,1
6528917C,EAL560,6528917C,1
6528917C,EAL561,6528917C,1
6528917b,EAL479,6528917b,1
6528944B,TS020,6528944B,1
6528944B,TS035,6528944B,1
6528989B,EAL305,6528989B,1
6528989B,EAL307,6528989B,1
6529253A,EA460,6529253A,1
6529253A,EAL300,6529253A,1
6529253A,EAL301,6529253A,1
6529675B,EA302,6529675B,1
6529675B,EA303,6529675B,1
6529675B,EA469,6529675B,1
6529762A,EAL388,6529762A,1
6529762A,EAL436,6529762A,1
6529762A,EAL538,6529762A,1
6530035A,TS015,6530035A,1
6530035A,TS016,6530035A,1
6530035A,TS017,6530035A,1
6530035A,TSL024,6530035A,1
6530035A,TSL027,6530035A,1
6541231B,EAL240,6541231B,1
6541533C,EA367,6541533C,1
6541533C,EA369,6541533C,1
6541533C,EA394,6541533C,1
6541533C,EA405,6541533C,1
6541533C,EA439,6541533C,1
6541533C,EA441,6541533C,1
6541533C,EAL351,6541533C,1
6541533C,EAL352,6541533C,1
6541533C,EAL384,6541533C,1
6541533C,EAL509,6541533C,1
6541602C,EAL459,6541602C,1
6541602C,EAL460,6541602C,1
6541669B,EAL343,6541669B,1
6541669B,EAL344,6541669B,1
6542694A,EAL414,6542694A,1
6542694A,EAL415,6542694A,1
6542741A,TS013,6542741A,1
6542741A,TS014,6542741A,1
6542741A,TS031,6542741A,1
6542741A,TS032,6542741A,1
6542741A,TS033,6542741A,1
6542777B,EAL441,6542777B,1
6542777B,EAL442,6542777B,1
6542777B,EAL454,6542777B,1
6542852A,EAL285,6542852A,1
6542852A,EAL409,6542852A,1
6543758C,EA442,6543758C,1
6543758C,EA467,6543758C,1
6543758C,EA471,6543758C,1
6543758C,EAL427,6543758C,1
6543758C,EAL468,6543758C,1
6544140B,EA352,6544140B,1
6544140B,EA378,6544140B,1
6544140B,EA398,6544140B,1
6544140B,EA406,6544140B,1
6544140B,EA461,6544140B,1
6544140B,EAL319,6544140B,1
6544140b,EA440,6544140b,1
6545193C,EAL446,6545193C,1
6545193C,EAL450,6545193C,1
6545253A,EA384,6545253A,1
6545253A,EAL353,6545253A,1
6545253A,EAL363,6545253A,1
6545456B,EA351,6545456B,1
6545456B,EA366,6545456B,1
6545456B,EA403,6545456B,1
6545456B,EAL338,6545456B,1
6545456B,EAL382,6545456B,1
6545843A,EAL313,6545843A,1
6545843A,EAL314,6545843A,1
6546196A,TS018,6546196A,1
6546196A,TS019,6546196A,1
6546767B,TS030,6546767B,1
6546767B,TSL047,6546767B,1
6546767B,TSL058,6546767B,1
6547181A,EA433,6547181A,1
6547181A,EAL374,6547181A,1
6547181A,EAL375,6547181A,1
6547181A,EAL530,6547181A,1
6548406A,TS036,6548406A,1
6548406A,TSL082,6548406A,1
6548406A,TSL083,6548406A,1
6548821B,TSL060,6548821B,1
6548821B,TSL061,6548821B,1
6548880A,TSL052,6548880A,1
6548880A,TSL053,6548880A,1
6552808A,TSL092,6552808A,1
6552808A,TSL095,6552808A,1
6553054A,TSL074,6553054A,1
6553054A,TSL075,6553054A,1
6553054A,TSL153,6553054A,1
6553821A,EAL345,6553821A,1
6553821A,EAL346,6553821A,1
6554905A,TS021,6554905A,1
6554905A,TS022,6554905A,1
6555551A,EA431,6555551A,1
6555551A,EA432,6555551A,1
6555551A,EAL397,6555551A,1
6555551A,EAL398,6555551A,1
6555551A,EAL548,6555551A,1
6555639A,EA344,6555639A,2
6555639A,EA360,6555639A,2
6555639A,EA368,6555639A,2
6555639A,EA412,6555639A,2
6555639A,EAL497,6555639A,2
6555639A,EAL498,6555639A,2
6556617A,THIB-018,6556617A,1
6556617A,THIB-025,6556617A,1
6556617A,THIB-031,6556617A,1
6560309A,EAL372,6560309A,1
6560309A,EAL469,6560309A,1
6566885A,EA444,6566885A,1
6566885A,EAL371,6566885A,1
6566885A,EAL376,6566885A,1
6567540A,EAL423,6567540A,1
6567540A,EAL424,6567540A,1
6568520B,EAL471,6568520B,1
6568520B,EAL472,6568520B,1
6568521A,EA462,6568521A,1
6568521A,EAL405,6568521A,1
6568521A,EAL406,6568521A,1
6568521A,EAL470,6568521A,1
6569306A,EA381,6569306A,1
6569306A,EA382,6569306A,1
6569306A,EA407,6569306A,1
6569306A,EA408,6569306A,1
6569306A,EA489,6569306A,1
6569306A,EAL385,6569306A,1
6569306A,EAL386,6569306A,1
6569306A,EAL437,6569306A,1
6569306A,EAL489,6569306A,1
6569544C,EA448,6569544C,1
6569544C,EA449,6569544C,1
6569544C,EA450,6569544C,1
6569544C,EAL501,6569544C,1
6569544C,EAL518,6569544C,1
6569544C,EAL529,6569544C,1
6569544C,EAL546,6569544C,1
6570166B,EA401,6570166B,1
6570166B,EA455,6570166B,1
6570166B,EAL451,6570166B,1
6570242A,EAL431,6570242A,1
6570242A,EAL457,6570242A,1
6570316D,TSL122,6570316D,1
6570316D,TSL123,6570316D,1
6570729C,EA485,6570729C,1
6570729C,EA486,6570729C,1
6570729C,EAL584,6570729C,1
6570729C,EAL585,6570729C,1
6570740A,EA464,6570740A,1
6570740A,EAL387,6570740A,1
6570740A,EAL403,6570740A,1
6570774A,EA416,6570774A,1
6570774A,EAL395,6570774A,1
6570774A,EAL396,6570774A,1
6570774A,EAL526,6570774A,1
6570845A,EAL434,6570845A,1
6570845A,EAL438,6570845A,1
6571174A,EA415,6571174A,1
6571174A,EAL416,6571174A,1
6571174A,EAL417,6571174A,1
6571495A,EA466,6571495A,1
6571495A,EA487,6571495A,1
6571495A,EAL484,6571495A,1
6571495A,EAL504,6571495A,1
6572424A,EAL422,6572424A,1
6572424A,EAL508,6572424A,1
6575577B,EAL510,6575577B,1
6575577B,EAL511,6575577B,1
6575703A,TSL105,6575703A,1
6575703A,TSL106,6575703A,1
6576907B,TSL104,6576907B,1
6576907B,TSL108,6576907B,1
6577168A,TSL111,6577168A,1
6577168A,TSL112,6577168A,1
6578526A,EAL525,6578526A,1
6578526A,EAL532,6578526A,1
6578688B,EA488,6578688B,1
6578688B,EAL552,6578688B,1
6578688B,EAL553,6578688B,1
6579768C,TS041,6579768C,1
6579768C,TS042,6579768C,1
6579768C,TSL138,6579768C,1
6579768C,TSL151,6579768C,1
6580041A,EA426,6580041A,1
6580041A,EAL541,6580041A,1
6580945B,TS037,6580945B,1
6580945B,TSL137,6580945B,1
6580963B,EAL543,6580963B,1
6580963B,EAL544,6580963B,1
6582184A,TSL141,6582184A,1
6582184A,TSL149,6582184A,1
6582274B,TS038,6582274B,1
6582274B,TS043,6582274B,1
6583782A,TSL164,6583782A,1
6583782A,TSL167,6583782A,1
6583782A,TSL177,6583782A,1
6584432B,TSL147,6584432B,1
6584432B,TSL152,6584432B,1
6584954A,TS044,6584954A,1
6584954A,TS045,6584954A,1
6586254C,EAL565,6586254C,1
6586254C,EAL580,6586254C,1
6588064A,EAL581,6588064A,1
6590151A,TSL163,6590151A,1
6590151A,TSL173,6590151A,1
