TOOLING_FAMILY,SETUP_TIME
6457090B,0
6457212A,0
6460534B,0
6461377C,0
6462365C,0
6462654A,0
6463634E,0
6467193D,0
6467722A,0
6468723B,0
6469014A,0
6470284A,0
6471369E,0
6471834C,0
6471907A,0
6472365B,0
6473092A,0
6473092B,0
6474104A,0
6474275A,0
6476723H,0
6476723J,0
6477171B,0
6477295A,0
6477301A,0
6477473C,0
6478192B,0
6478393B,0
6478663D,0
6478663E,0
6479465A,0
6479550B,0
6479677A,0
6480208A,0
6480208B,0
6481271A,0
6481275B,0
6481281D,0
6481533C,0
6481759C,0
6481937B,0
6483077B,0
6483270B,0
6483951C,0
6484062B,0
6484140A,0
6484527A,0
6484801B,0
6484809C,0
6484965B,0
6485209A,0
6486103B,0
6486108C,0
6486142B,0
6487839B,0
6487925B,0
6488445B,0
6489159B,0
6489448B,0
6489844B,0
6489852A,0
6489924A,0
6490281B,0
6490697A,0
6490996A,0
6490997A,0
6491333A,0
6491839B,0
6492142D,0
6492420C,0
6493388A,0
6493741A,0
6493741B,0
6493742A,0
6494457A,0
6494476A,0
6494649B,0
6494708A,0
6494789A,0
6495717A,0
6496545A,0
6496992A,0
6497119C,0
6497193A,0
6498316A,0
6499098B,0
6499432B,0
6499805A,0
6499941A,0
6500265B,0
6500443A,0
6501153B,0
6501607B,0
6501996B,0
6503016A,0
6503018A,0
6503050A,0
6504079A,0
6504342B,0
6505391C,0
6505620C,0
6505623B,0
6505702A,0
6505771B,0
6506362A,0
6506365A,0
6506370A,0
6506727A,0
6506939A,0
6506957B,0
6507169A,0
6507988A,0
6508014B,0
6508455A,0
6508600B,0
6509477B,0
6509642B,0
6509642C,0
6509649B,0
6509808B,0
6510064A,0
6510147A,0
6510240A,0
6510459B,0
6510609C,0
6510609D,0
6510609E,0
6510697B,0
6511094C,0
6511607A,0
6511837A,0
6511837B,0
6512302B,0
6512469B,0
6512615B,0
6512615C,0
6512615D,0
6513476A,0
6513476C,0
6513884B,0
6513990A,0
6513992A,0
6513992B,0
6514494A,0
6514494B,0
6514558A,0
6514558B,0
6514600A,0
6514765A,0
6515389A,0
6515499B,0
6515575A,0
6515577B,0
6515677C,0
6515889A,0
6515892B,0
6516100C,0
6516230D,0
6516231C,0
6516394A,0
6516450A,0
6516809C,0
6516829B,0
6517566C,0
6517701E,0
6517878B,0
6517950B,0
6518233A,0
6518282B,0
6518361C,0
6518499A,0
6518552B,0
6518648A,0
6518648B,0
6518677A,0
6518742B,0
6519118A,0
6519267C,0
6519424A,0
6519999A,0
6520265B,0
6520481A,0
6520958B,0
6520958C,0
6520959B,0
6521279A,0
6521534A,0
6521765A,0
6522072A,0
6522167C,0
6522212B,0
6522212C,0
6522503A,0
6522536A,0
6522667A,0
6522719C,0
6522719D,0
6522781B,0
6522803A,0
6523177B,0
6523177D,0
6523243A,0
6523304A,0
6523306A,0
6523306B,0
6523383A,0
6523514A,0
6523881A,0
6523908A,0
6523908C,0
6524040A,0
6524128B,0
6524269A,0
6524269b,0
6524552C,0
6524788B,0
6524823A,0
6524824A,0
6524868C,0
6525126B,0
6525230A,0
6525239A,0
6525317A,0
6525585A,0
6525600B,0
6525973C,0
6525973D,0
6526024A,0
6526488A,0
6526489A,0
6526517A,0
6526546B,0
6526570D,0
6526756A,0
6526878A,0
6527317A,0
6527515B,0
6527607A,0
6527607B,0
6527744A,0
6528161A,0
6528161B,0
6528246B,0
6528246D,0
6528249A,0
6528278B,0
6528278D,0
6528364B,0
6528482A,0
6528917A,0
6528917B,0
6528917C,0
6528917b,0
6528944B,0
6528989B,0
6529253A,0
6529571A,0
6529675B,0
6529762A,0
6530035A,0
6540803A,0
6541188B,0
6541231A,0
6541231B,0
6541262A,0
6541338A,0
6541455A,0
6541533C,0
6541602C,0
6541669B,0
6542201A,0
6542694A,0
6542741A,0
6542777B,0
6542852A,0
6543634C,0
6543648A,0
6543648B,0
6543758A,0
6543758C,0
6543999A,0
6544140A,0
6544140B,0
6544140b,0
6544202A,0
6544279A,0
6544279B,0
6544455A,0
6544756B,0
6544759A,0
6545069A,0
6545098B,0
6545103A,0
6545193C,0
6545253A,0
6545339B,0
6545456B,0
6545788B,0
6545843A,0
6546054A,0
6546196A,0
6546196B,0
6546476A,0
6546737A,0
6546767B,0
6546978A,0
6547008A,0
6547008B,0
6547137A,0
6547177A,0
6547181A,0
6547182A,0
6547283A,0
6547349B,0
6547712A,0
6547945C,0
6548027A,0
6548027B,0
6548338A,0
6548406A,0
6548821B,0
6548880A,0
6552663A,0
6552808A,0
6553054A,0
6553193A,0
6553264A,0
6553335A,0
6553335B,0
6553438A,0
6553444A,0
6553444B,0
6553495A,0
6553639A,0
6553821A,0
6554903A,0
6554905A,0
6554907A,0
6555020A,0
6555466B,0
6555473A,0
6555551A,0
6555613B,0
6555639A,0
6556615A,0
6556616A,0
6556617A,0
6556725A,0
6559770B,0
6560309A,0
6566270A,0
6566306B,0
6566339A,0
6566561A,0
6566771A,0
6566885A,0
6567540A,0
6567543A,0
6568520A,0
6568520B,0
6568521A,0
6568858C,0
6568858D,0
6569094B,0
6569306A,0
6569544B,0
6569544C,0
6569845A,0
6570121D,0
6570166A,0
6570166B,0
6570242A,0
6570316B,0
6570316D,0
6570333A,0
6570333B,0
6570450A,0
6570729B,0
6570729C,0
6570740A,0
6570774A,0
6570845A,0
6571174A,0
6571220A,0
6571495A,0
6571778A,0
6571778C,0
6572091A,0
6572424A,0
6572612A,0
6572804A,0
6574439B,0
6574496A,0
6574499A,0
6574595B,0
6575179A,0
6575257A,0
6575257C,0
6575258A,0
6575337A,0
6575337B,0
6575542A,0
6575577B,0
6575703A,0
6575989B,0
6576395A,0
6576750A,0
6576774A,0
6576907A,0
6576907B,0
6577168A,0
6577359A,0
6577361B,0
6577416A,0
6577640A,0
6577720A,0
6577979A,0
6577980A,0
6578526A,0
6578688B,0
6578825A,0
6579034B,0
6579192B,0
6579381A,0
6579484A,0
6579742C,0
6579768B,0
6579768C,0
6580041A,0
6580443C,0
6580443c,0
6580500A,0
6580500a,0
6580605B,0
6580945B,0
6580963B,0
6582184A,0
6582274B,0
6582451A,0
6582454A,0
6582454B,0
6582601A,0
6582798A,0
6582798a,0
6583470B,0
6583782A,0
6584339A,0
6584432A,0
6584432B,0
6584446B,0
6584954A,0
6585754A,0
6585760B,0
6586073A,0
6586254C,0
6586556A,0
6586730A,0
6586952A,0
6587054A,0
6587054a,0
6587348A,0
6587499A,0
6587894A,0
6587894B,0
6587910a,0
6587962A,0
6588064A,0
6588166A,0
6589211A,0
6590151A,0
ENGINEERING,0
LP8765REV1,0
