Machine,Time
CLFTEA41,44.2609
CLFTEA24,47.8503
CLFTEA17,27.7293
CLFTEA89,13.6892
CLFTEA76,46.4906
CLFTEA49,47.9198
CLFTEA87,45.759
CLFTEA93,0
CLFTEA55,0
CLFTEA22,37.3797
CLFTEA86,47.8448
CLFTEA53,2.98161
CLFTEA11,46.2225
CLFTEA84,35.6548
CLFTEA94,0
CLFTEA32,47.6579
CLFTEA61,14.7087
CLFTEA37,47.846
CLFTEA66,43.4983
CLFTEA26,4.33913
CLFTEA50,46.634
CLFTEA67,32.2408
CLFTEA59,46.1424
CLFTEA51,43.7933
CLFTEA27,47.559
CLFTEA56,11.3276
CLFTEA45,47.1732
CLFTEA39,27.8386
CLFTEA58,45.25
CLFTEA64,10.6483
CLFTEA28,0
CLFTEA21,0
CLFTEA16,0
CLFTEA68,15.7266
CLFTEA62,30.5371
CLFTEA36,45.2385
CLFTEA42,24.4944
CLFTEA82,0
CLFTEA18,38.6944
CLFTEA71,46.7362
CLFTEA19,45.8073
CLFTEA30,47.4822
CLFTEA54,0
CLFTEA57,8.40917
CLFTEA92,0
CLFTEA46,45.8714
CLFTEA74,45.7696
CLFTEA77,10.8721
CLFTEA13,45.3592
CLFTEA40,20.4385
CLFTEA65,47.7423
CLFTEA52,0
CLFTEA75,12.279
CLFTEA14,9.69574
CLFTEA38,8.34255
CLFTEA25,35.9938
CLFTEA80,9.96136
CLFTEA85,19.458
CLFTEA63,6.78108
CLFTEA72,3.73279
CLFTEA60,45.0974
CLFTEA78,3.7471
CLFTEA83,15.7368
CLFTEA34,45.0591
CLFTEA31,3.25121
CLFTEA47,3.88621
CLFTEA79,0
CLFTEA70,0
CLFTEA88,0
CLFTEA23,0
CLFTEA69,0
CLFTEA29,14.828
CLFTEA20,3.2196
CLFTEA1,0
CLFTEA10,15.3405
CLFTEA12,10.166
CLFTEA15,0
CLFTEA2,0
CLFTEA3,7.77735
CLFTEA33,47.3908
CLFTEA35,0
CLFTEA4,6.1346
CLFTEA43,30.23
CLFTEA44,0
CLFTEA48,0
CLFTEA5,47.9669
CLFTEA6,0
CLFTEA7,36.4964
CLFTEA73,47.6687
CLFTEA8,0
CLFTEA81,0
CLFTEA9,3.53834
CLFTEA90,0
CLFTEA91,0
CLFTEA95,45.7108
CLFTEA97,39.7449
