TOOLING_FAMILY,TOOLING_INSTANCE,TOOLING_FAMILY_NAME,CERTIFICATION
6457090B,EA076,6457090B,1
6457090B,EA077,6457090B,1
6457090B,EA140,6457090B,1
6457212A,EAL048,6457212A,1
6460534B,EA123,6460534B,1
6460534B,EA330,6460534B,1
6461377C,EA480,6461377C,1
6461377C,EAL246,6461377C,1
6461377C,EAL303,6461377C,1
6461377C,EAL368,6461377C,1
6462365C,EA146,6462365C,1
6462365C,EAL044,6462365C,1
6462654A,EA081,6462654A,1
6462654A,EA113,6462654A,1
6462654A,EAL078,6462654A,1
6463634E,EA129,6463634E,1
6463634E,EA130,6463634E,1
6467193D,EA107,6467193D,1
6467193D,EA108,6467193D,1
6467193D,EA109,6467193D,1
6467193D,EA128,6467193D,1
6467722A,EAL077,6467722A,1
6468723B,EA003,6468723B,1
6468723B,EAL132,6468723B,1
6469014A,EA155,6469014A,1
6469014A,EAL045,6469014A,1
6470284A,EA004,6470284A,1
6470284A,EA005,6470284A,1
6470284A,EA006,6470284A,1
6470284A,EAL018,6470284A,1
6471369E,EA115,6471369E,1
6471369E,EA116,6471369E,1
6471369E,EA217,6471369E,1
6471369E,EA219,6471369E,1
6471369E,EAL087,6471369E,1
6471369E,EAL120,6471369E,1
6471834C,EAL209,6471834C,1
6471907A,EA001,6471907A,2
6471907A,EA002,6471907A,2
6471907A,EA282,6471907A,2
6471907A,EAL236,6471907A,1
6471907A,EAL239,6471907A,1
6472365B,EA049,6472365B,1
6472365B,EA050,6472365B,1
6472365B,EA082,6472365B,1
6472365B,EAL019,6472365B,1
6473092A,EA144,6473092A,1
6473092A,EA145,6473092A,1
6473092B,EA342,6473092B,1
6473092B,EA343,6473092B,1
6474104A,EAL047,6474104A,2
6474104A,EAL090,6474104A,2
6474275A,EA136,6474275A,1
6474275A,EA137,6474275A,1
6476723H,EAL160,6476723H,1
6476723J,EA331,6476723J,1
6477171B,EA175,6477171B,1
6477295A,EA054,6477295A,1
6477295A,EA055,6477295A,1
6477295A,EA152,6477295A,2
6477295A,EA159,6477295A,2
6477295A,EAL007,6477295A,2
6477295A,EAL067,6477295A,2
6477301A,THIB-004,6477301A,1
6477301A,THIB-005,6477301A,1
6477473C,EA069,6477473C,2
6477473C,EA070,6477473C,2
6477473C,EA071,6477473C,2
6477473C,EAL011,6477473C,2
6478192B,EA133,6478192B,1
6478192B,EA134,6478192B,1
6478393B,EA158,6478393B,1
6478393B,EA160,6478393B,1
6478393B,EAL072,6478393B,1
6478663D,EAL318,6478663D,1
6478663D,EAL452,6478663D,1
6478663E,EA114,6478663E,1
6478663E,EA120,6478663E,1
6479465A,EA373,6479465A,1
6479465A,EA383,6479465A,1
6479465A,EA413,6479465A,1
6479465A,EAL312,6479465A,1
6479465A,EAL408,6479465A,1
6479550B,EA180,6479550B,1
6479550B,EA326,6479550B,1
6479550B,EAL086,6479550B,1
6479550B,EAL563,6479550B,1
6479677A,EA041,6479677A,2
6479677A,EA042,6479677A,1
6479677A,EA085,6479677A,2
6479677A,EA088,6479677A,2
6479677A,EAL008,6479677A,2
6479677A,EAL024,6479677A,2
6480208A,EAL001,6480208A,1
6480208A,EAL002,6480208A,1
6480208A,EAL014,6480208A,1
6480208A,EAL020,6480208A,1
6480208B,EA043,6480208B,1
6480208B,EA044,6480208B,1
6480208B,EA046,6480208B,1
6480208B,EA080,6480208B,1
6480208B,EAL223,6480208B,1
6481271A,EA097,6481271A,3
6481271A,EA098,6481271A,3
6481271A,EA100,6481271A,3
6481271A,EAL033,6481271A,3
6481275B,EA142,6481275B,1
6481275B,EA143,6481275B,1
6481281D,EA240,6481281D,1
6481281D,EA258,6481281D,1
6481281D,EA376,6481281D,1
6481281D,EAL181,6481281D,1
6481533C,EA268,6481533C,1
6481533C,EA476,6481533C,1
6481759C,EA047,6481759C,1
6481759C,EA095,6481759C,1
6481759C,EAL030,6481759C,1
6481759C,EAL277,6481759C,1
6481937B,EA064,6481937B,1
6481937B,EA126,6481937B,1
6481937B,EAL005,6481937B,1
6483077B,EA190,6483077B,2
6483077B,EA191,6483077B,2
6483270B,EA029,6483270B,2
6483270B,EA030,6483270B,2
6483270B,EA031,6483270B,2
6483270B,EA059,6483270B,2
6483270B,EAL006,6483270B,2
6483951C,EA038,6483951C,1
6483951C,EA039,6483951C,1
6483951C,EA040,6483951C,1
6483951C,EA062,6483951C,1
6483951C,EA063,6483951C,1
6483951C,EA083,6483951C,1
6483951C,EA084,6483951C,1
6483951C,EAL027,6483951C,1
6484062B,EA161,6484062B,2
6484062B,EA316,6484062B,2
6484062B,EAL268,6484062B,2
6484140A,EAL066,6484140A,1
6484140A,EAL075,6484140A,1
6484140A,EAL169,6484140A,1
6484140A,EAL379,6484140A,1
6484140A,EAL380,6484140A,1
6484527A,EA012,6484527A,2
6484527A,EA013,6484527A,2
6484801B,EAL172,6484801B,1
6484809C,EA166,6484809C,1
6484809C,EA346,6484809C,1
6484965B,EA156,6484965B,1
6484965B,EA157,6484965B,1
6485209A,EA241,6485209A,2
6485209A,EAL183,6485209A,2
6486103B,EA056,6486103B,1
6486103B,EA057,6486103B,1
6486103B,EA089,6486103B,1
6486103B,EAL009,6486103B,1
6486103B,EAL026,6486103B,1
6486108C,THIB-016,6486108C,1
6486108C,THIB-017,6486108C,1
6486142B,EA182,6486142B,1
6487839B,EA067,6487839B,1
6487839B,EA068,6487839B,1
6487839B,EA139,6487839B,1
6487839B,EA141,6487839B,1
6487839B,EA245,6487839B,1
6487839B,EA300,6487839B,1
6487839B,EA315,6487839B,1
6487839B,EAL278,6487839B,1
6487839B,EAL279,6487839B,1
6487925B,EA078,6487925B,1
6487925B,EA079,6487925B,1
6487925B,EA321,6487925B,1
6487925B,EA371,6487925B,1
6487925B,EA387,6487925B,1
6487925B,EA388,6487925B,1
6487925B,EA451,6487925B,1
6487925B,EA452,6487925B,1
6487925B,EA457,6487925B,1
6487925B,EA481,6487925B,1
6488445B,EA169,6488445B,1
6488445B,EA262,6488445B,1
6488445B,EAL071,6488445B,1
6489159B,EA234,6489159B,1
6489159B,EA235,6489159B,1
6489159B,EA317,6489159B,1
6489448B,EA162,6489448B,1
6489448B,EAL182,6489448B,2
6489844B,EA065,6489844B,1
6489844B,EA066,6489844B,1
6489844B,EA091,6489844B,1
6489844B,EAL013,6489844B,1
6489844B,EAL022,6489844B,1
6489844B,EAL032,6489844B,1
6489844B,EAL068,6489844B,1
6489844B,EAL069,6489844B,1
6489844B,EAL070,6489844B,1
6489852A,EAL149,6489852A,1
6489924A,EA147,6489924A,1
6489924A,EA148,6489924A,1
6490281B,EA019,6490281B,1
6490281B,EA020,6490281B,1
6490281B,EA021,6490281B,1
6490281B,EA027,6490281B,1
6490281B,EAL017,6490281B,1
6490697A,EAL206,6490697A,1
6490996A,EAL158,6490996A,1
6490997A,EA179,6490997A,1
6490997A,EAL085,6490997A,1
6491333A,EA009,6491333A,1
6491333A,EA010,6491333A,1
6491333A,EA011,6491333A,1
6491839B,EAL215,6491839B,1
6491839B,EAL216,6491839B,1
6492142D,EA312,6492142D,1
6492142D,EAL152,6492142D,1
6492420C,EA174,6492420C,1
6492420C,EA254,6492420C,1
6492420C,EA255,6492420C,1
6492420C,EA395,6492420C,1
6492420C,EA396,6492420C,1
6492420C,EAL114,6492420C,1
6492420C,EAL121,6492420C,1
6492420C,EAL140,6492420C,1
6492420C,EAL201,6492420C,1
6493388A,EA103,6493388A,3
6493388A,EA104,6493388A,3
6493388A,EA199,6493388A,3
6493388A,EAL107,6493388A,3
6493741A,EA230,6493741A,1
6493741B,EA110,6493741B,1
6493741B,EA111,6493741B,1
6493741B,EA112,6493741B,1
6493741B,EA232,6493741B,1
6493741B,EA261,6493741B,1
6493742A,EA132,6493742A,1
6493742A,EA478,6493742A,1
6494457A,EA127,6494457A,1
6494457A,EA135,6494457A,1
6494476A,EAL059,6494476A,1
6494476A,EAL060,6494476A,1
6494649B,EA014,6494649B,1
6494649B,EA015,6494649B,1
6494649B,EA016,6494649B,1
6494649B,EA017,6494649B,1
6494649B,EA018,6494649B,1
6494649B,EA022,6494649B,1
6494649B,EA023,6494649B,1
6494649B,EA024,6494649B,1
6494649B,EA025,6494649B,1
6494649B,EA026,6494649B,1
6494649B,EA037,6494649B,1
6494649B,EAL010,6494649B,1
6494649B,EAL015,6494649B,1
6494649B,EAL016,6494649B,1
6494708A,EA218,6494708A,1
6494708A,EAL162,6494708A,1
6494708A,EAL443,6494708A,1
6494789A,EA121,6494789A,1
6494789A,EA122,6494789A,1
6495717A,EAL166,6495717A,1
6495717A,EAL180,6495717A,1
6496545A,EA233,6496545A,1
6496545A,EA320,6496545A,1
6496992A,EA007,6496992A,1
6496992A,EA008,6496992A,1
6496992A,EA086,6496992A,1
6497119C,EA171,6497119C,1
6497119C,EA287,6497119C,1
6497193A,THIB-007,6497193A,1
6497193A,THIB-013,6497193A,1
6498316A,EA205,6498316A,1
6498316A,EA206,6498316A,1
6498316A,EA249,6498316A,1
6499098B,THIB-008,6499098B,1
6499098B,THIB-009,6499098B,1
6499432B,TSL009,6499432B,1
6499432B,TSL010,6499432B,1
6499805A,EA374,6499805A,1
6499805A,EAL226,6499805A,1
6499941A,EA196,6499941A,1
6500265B,EA117,6500265B,1
6500265B,EA118,6500265B,1
6500265B,EA119,6500265B,1
6500265B,EAL034,6500265B,1
6500443A,EA176,6500443A,1
6500443A,EA236,6500443A,1
6500443A,EAL133,6500443A,1
6500443A,EAL134,6500443A,1
6500443A,EAL176,6500443A,1
6500443A,EAL178,6500443A,1
6501153B,EA149,6501153B,1
6501153B,EA150,6501153B,1
6501153B,EA151,6501153B,1
6501607B,EA153,6501607B,1
6501607B,EA154,6501607B,1
6501607B,EAL041,6501607B,1
6501996B,EAL347,6501996B,1
6503016A,EA226,6503016A,1
6503016A,EAL165,6503016A,1
6503018A,EA224,6503018A,1
6503018A,EAL159,6503018A,1
6503050A,EA165,6503050A,2
6503050A,EA210,6503050A,2
6503050A,EA318,6503050A,2
6503050A,EAL042,6503050A,2
6504079A,TS009,6504079A,1
6504079A,TS011,6504079A,1
6504079A,TSL001,6504079A,1
6504079A,TSL002,6504079A,1
6504342B,EA239,6504342B,1
6504342B,EA260,6504342B,1
6504342B,EAL167,6504342B,1
6505391C,EA073,6505391C,2
6505391C,EA138,6505391C,2
6505391C,EAL043,6505391C,2
6505620C,EA032,6505620C,1
6505620C,EA033,6505620C,1
6505620C,EA214,6505620C,1
6505623B,EA172,6505623B,1
6505623B,EA292,6505623B,1
6505623B,EAL265,6505623B,1
6505702A,EA101,6505702A,2
6505702A,EA102,6505702A,2
6505702A,EA105,6505702A,2
6505702A,EA106,6505702A,2
6505771B,EA093,6505771B,1
6505771B,EA094,6505771B,1
6505771B,EAL004,6505771B,1
6505771B,EAL021,6505771B,1
6506362A,EAL429,6506362A,1
6506362A,EAL430,6506362A,1
6506365A,EA060,6506365A,1
6506365A,EA092,6506365A,1
6506365A,EA193,6506365A,1
6506365A,EA194,6506365A,1
6506365A,EA211,6506365A,1
6506365A,EA212,6506365A,1
6506365A,EA215,6506365A,1
6506365A,EAL097,6506365A,1
6506370A,THIB-001,6506370A,1
6506370A,THIB-014,6506370A,1
6506370A,THIB-021,6506370A,1
6506370A,THIB-023,6506370A,1
6506370A,THIB-024,6506370A,1
6506370A,THIB-030,6506370A,1
6506370A,THIB-032,6506370A,1
6506727A,EA266,6506727A,1
6506727A,EA279,6506727A,1
6506727A,EAL062,6506727A,1
6506939A,THIB-002,6506939A,1
6506939A,THIB-003,6506939A,1
6506939A,THIB-006,6506939A,1
6506939A,THIB-011,6506939A,1
6506957B,EAL053,6506957B,1
6506957B,EAL054,6506957B,1
6506957B,EAL063,6506957B,1
6506957B,EAL064,6506957B,1
6506957B,EAL065,6506957B,1
6507169A,EA238,6507169A,1
6507169A,EAL217,6507169A,1
6507988A,EA034,6507988A,1
6507988A,EA035,6507988A,1
6507988A,EA036,6507988A,1
6507988A,EA051,6507988A,1
6507988A,EA052,6507988A,1
6507988A,EA053,6507988A,1
6507988A,EA099,6507988A,1
6508014B,EA167,6508014B,2
6508014B,EA207,6508014B,2
6508014B,EA208,6508014B,2
6508014B,EAL175,6508014B,2
6508455A,EA074,6508455A,2
6508455A,EA075,6508455A,2
6508600B,EA237,6508600B,2
6508600B,EAL310,6508600B,2
6508600B,EAL311,6508600B,2
6509477B,EA418,6509477B,1
6509477B,EAL074,6509477B,1
6509642B,EA244,6509642B,1
6509642C,EAL554,6509642C,1
6509642C,EAL555,6509642C,1
6509649B,EAL039,6509649B,1
6509649B,EAL040,6509649B,1
6509808B,TS001,6509808B,1
6509808B,TS003,6509808B,1
6509808B,TS006,6509808B,1
6509808B,TSL007,6509808B,1
6509808B,TSL008,6509808B,1
6509808B,TSL017,6509808B,1
6510064A,EA252,6510064A,1
6510147A,EA225,6510147A,1
6510147A,EAL049,6510147A,1
6510147A,EAL050,6510147A,1
6510147A,EAL051,6510147A,1
6510240A,EA223,6510240A,1
6510240A,EA289,6510240A,1
6510240A,EA311,6510240A,1
6510240A,EAL264,6510240A,1
6510459B,EA170,6510459B,2
6510459B,EAL135,6510459B,2
6510459B,EAL148,6510459B,2
6510609C,EA222,6510609C,1
6510609C,EA298,6510609C,1
6510609C,EAL123,6510609C,1
6510609D,EA393,6510609D,1
6510609D,EAL378,6510609D,1
6510609E,EA397,6510609E,1
6510609E,EA402,6510609E,1
6510697B,EA277,6510697B,1
6510697B,EA278,6510697B,1
6510697B,EAL003,6510697B,1
6510697B,EAL028,6510697B,1
6511094C,EA325,6511094C,1
6511094C,EA328,6511094C,1
6511094C,EA329,6511094C,1
6511094C,EAL081,6511094C,1
6511607A,EA163,6511607A,1
6511607A,EA164,6511607A,1
6511837A,EAL037,6511837A,1
6511837B,EAL038,6511837B,1
6512302B,EA209,6512302B,1
6512302B,EA291,6512302B,1
6512302B,EAL154,6512302B,1
6512469B,EAL126,6512469B,1
6512469B,EAL127,6512469B,1
6512615B,EA299,6512615B,1
6512615B,EAL174,6512615B,1
6512615C,EA189,6512615C,1
6512615C,EA220,6512615C,1
6512615C,EA280,6512615C,1
6512615C,EA281,6512615C,1
6512615C,EA308,6512615C,1
6512615C,EA309,6512615C,1
6512615C,EA310,6512615C,1
6512615C,EA313,6512615C,1
6512615C,EA323,6512615C,1
6512615C,EA361,6512615C,1
6512615C,EA425,6512615C,1
6512615C,EA438,6512615C,1
6512615C,EAL170,6512615C,1
6512615D,EA188,6512615D,1
6512615D,EA447,6512615D,1
6512615D,EA472,6512615D,1
6512615D,EA473,6512615D,1
6513476A,EAL147,6513476A,1
6513476C,EAL322,6513476C,1
6513476C,EAL323,6513476C,1
6513884B,EA221,6513884B,1
6513884B,EA284,6513884B,1
6513884B,EA293,6513884B,1
6513990A,EAL137,6513990A,2
6513990A,EAL197,6513990A,1
6513992A,EAL253,6513992A,1
6513992A,EAL329,6513992A,1
6513992A,EAL571,6513992A,1
6513992B,EAL102,6513992B,1
6513992B,EAL572,6513992B,1
6513992B,EAL573,6513992B,1
6513992B,EAL576,6513992B,1
6514494A,EAL111,6514494A,1
6514494A,EAL435,6514494A,1
6514494A,EAL564,6514494A,1
6514494B,EAL110,6514494B,1
6514558A,EA231,6514558A,1
6514558A,EA362,6514558A,1
6514558A,EA392,6514558A,1
6514558A,EA424,6514558A,1
6514558A,EAL339,6514558A,1
6514558A,EAL348,6514558A,1
6514558B,EA437,6514558B,1
6514558B,EA446,6514558B,1
6514558B,EA453,6514558B,1
6514600A,EA181,6514600A,1
6514600A,EA185,6514600A,1
6514765A,TS002,6514765A,1
6514765A,TSL011,6514765A,1
6514765A,TSL013,6514765A,1
6514765A,TSL018,6514765A,1
6515389A,EAE001,6515389A,1
6515499B,EA358,6515499B,1
6515499B,EA359,6515499B,1
6515575A,EA228,6515575A,1
6515575A,EAL155,6515575A,1
6515575A,EAL184,6515575A,1
6515577B,EAL088,6515577B,1
6515577B,EAL091,6515577B,1
6515577B,EAL337,6515577B,1
6515677C,EA264,6515677C,1
6515677C,EAL128,6515677C,1
6515677C,EAL129,6515677C,1
6515677C,EAL205,6515677C,1
6515677C,EAL269,6515677C,1
6515677C,EAL276,6515677C,1
6515677C,EAL410,6515677C,1
6515677C,EAL411,6515677C,1
6515677C,EAL412,6515677C,1
6515889A,EA338,6515889A,1
6515889A,EA339,6515889A,1
6515889A,EA458,6515889A,1
6515889A,EA459,6515889A,1
6515892B,EAL287,6515892B,1
6515892B,EAL288,6515892B,1
6516100C,EA380,6516100C,1
6516100C,EAL207,6516100C,1
6516100C,EAL294,6516100C,1
6516100C,EAL428,6516100C,1
6516230D,EA399,6516230D,1
6516230D,EA414,6516230D,1
6516230D,EAL093,6516230D,1
6516230D,EAL094,6516230D,1
6516231C,TS046,6516231C,1
6516231C,TSL109,6516231C,1
6516231C,TSL110,6516231C,1
6516394A,EAL055,6516394A,1
6516394A,EAL056,6516394A,1
6516450A,EA348,6516450A,1
6516450A,EAL112,6516450A,1
6516450A,EAL361,6516450A,1
6516809C,EAL105,6516809C,1
6516809C,EAL106,6516809C,1
6516829B,EA168,6516829B,2
6516829B,EA436,6516829B,2
6516829B,EAL082,6516829B,2
6517566C,EAL118,6517566C,1
6517566C,EAL119,6517566C,1
6517701E,EA273,6517701E,1
6517701E,EA319,6517701E,1
6517878B,EA385,6517878B,1
6517878B,EAL222,6517878B,1
6517878B,EAL238,6517878B,1
6517950B,EA345,6517950B,1
6517950B,EAL146,6517950B,1
6517950B,EAL156,6517950B,1
6518233A,EA195,6518233A,2
6518233A,EA198,6518233A,2
6518233A,EAL083,6518233A,2
6518233A,EAL084,6518233A,2
6518233A,EAL113,6518233A,2
6518282B,EA186,6518282B,1
6518282B,EA187,6518282B,1
6518282B,EAE003,6518282B,1
6518361C,EA256,6518361C,1
6518361C,EAL247,6518361C,1
6518361C,EAL308,6518361C,1
6518361C,EAL309,6518361C,1
6518499A,EAL098,6518499A,1
6518499A,EAL099,6518499A,1
6518552B,EA247,6518552B,1
6518552B,EA288,6518552B,1
6518552B,EA391,6518552B,1
6518552B,EAL458,6518552B,1
6518648A,EAL224,6518648A,1
6518648A,EAL225,6518648A,1
6518648B,EAL330,6518648B,1
6518648B,EAL331,6518648B,1
6518677A,EA183,6518677A,1
6518677A,EA184,6518677A,1
6518677A,EA202,6518677A,1
6518742B,EAL234,6518742B,1
6518742B,EAL241,6518742B,1
6519118A,EAL230,6519118A,1
6519118A,EAL231,6519118A,1
6519118A,EAL235,6519118A,1
6519267C,EAL199,6519267C,1
6519267C,EAL200,6519267C,1
6519424A,EAL151,6519424A,1
6519424A,EAL157,6519424A,1
6519999A,EA267,6519999A,2
6519999A,EAL124,6519999A,2
6519999A,EAL125,6519999A,2
6520265B,EAL089,6520265B,1
6520265B,EAL101,6520265B,1
6520481A,EAL115,6520481A,2
6520481A,EAL116,6520481A,2
6520958B,EA246,6520958B,1
6520958B,EA327,6520958B,1
6520958B,EA465,6520958B,1
6520959B,EA200,6520959B,1
6520959B,EA201,6520959B,1
6520959B,EA203,6520959B,1
6520959B,EA204,6520959B,1
6520959B,EA250,6520959B,1
6520959B,EA263,6520959B,1
6520959B,EA333,6520959B,1
6520959B,EAL096,6520959B,1
6520959B,EAL100,6520959B,1
6521279A,EA475,6521279A,1
6521279A,EAL194,6521279A,1
6521279A,EAL195,6521279A,1
6521534A,EA259,6521534A,1
6521534A,EAL163,6521534A,1
6521534A,EAL164,6521534A,1
6521765A,THIB-010,6521765A,1
6521765A,THIB-015,6521765A,1
6522072A,EAL203,6522072A,1
6522072A,EAL208,6522072A,1
6522167C,EA468,6522167C,1
6522167C,EA474,6522167C,1
6522167C,EAL103,6522167C,1
6522167C,EAL104,6522167C,1
6522212B,EA363,6522212B,1
6522212B,EAL280,6522212B,1
6522212C,EA372,6522212C,1
6522212C,EA463,6522212C,1
6522212C,EA483,6522212C,1
6522212C,EAL266,6522212C,1
6522503A,EAL192,6522503A,1
6522503A,EAL193,6522503A,1
6522536A,TS026,6522536A,1
6522536A,TSL084,6522536A,1
6522667A,TS012,6522667A,1
6522667A,TSL023,6522667A,1
6522667A,TSL025,6522667A,1
6522719C,EAL141,6522719C,2
6522719C,EAL251,6522719C,2
6522719D,EA216,6522719D,2
6522719D,EA294,6522719D,2
6522719D,EA364,6522719D,2
6522719D,EA365,6522719D,2
6522719D,EA377,6522719D,2
6522719D,EA456,6522719D,2
6522781B,TSL003,6522781B,1
6522781B,TSL004,6522781B,1
6522781B,TSL006,6522781B,1
6522803A,EA242,6522803A,1
6522803A,EA243,6522803A,1
6523177B,EA251,6523177B,1
6523177B,EA253,6523177B,1
6523177D,EA350,6523177D,1
6523177D,EAL358,6523177D,1
6523177D,EAL373,6523177D,1
6523177D,EAL383,6523177D,1
6523243A,EA227,6523243A,1
6523243A,EA257,6523243A,1
6523243A,EAL150,6523243A,1
6523243A,EAL198,6523243A,1
6523304A,TSL014,6523304A,1
6523306A,EAL262,6523306A,1
6523306B,EAL263,6523306B,1
6523383A,EAL188,6523383A,1
6523383A,EAL189,6523383A,1
6523514A,EAL144,6523514A,1
6523514A,EAL145,6523514A,1
6523881A,EAL185,6523881A,1
6523881A,EAL186,6523881A,1
6523881A,EAL187,6523881A,1
6523908A,EAL196,6523908A,1
6523908A,EAL211,6523908A,1
6523908C,EAL355,6523908C,1
6523908C,EAL356,6523908C,1
6524040A,EA297,6524040A,1
6524040A,EAL254,6524040A,1
6524040A,EAL255,6524040A,1
6524128B,THIB-012,6524128B,1
6524269A,EA274,6524269A,1
6524269A,EA283,6524269A,1
6524269A,EA296,6524269A,1
6524269A,EA435,6524269A,1
6524269A,EAL191,6524269A,1
6524552C,EA306,6524552C,1
6524552C,EA307,6524552C,1
6524552C,EAL227,6524552C,1
6524552C,EAL228,6524552C,1
6524552C,EAL229,6524552C,1
6524788B,TS004,6524788B,1
6524788B,TS007,6524788B,1
6524823A,TSL016,6524823A,1
6524823A,TSL026,6524823A,1
6524824A,TSL036,6524824A,1
6524824A,TSL037,6524824A,1
6524868C,EAL267,6524868C,1
6524868C,EAL281,6524868C,1
6525126B,EAL249,6525126B,1
6525126B,EAL250,6525126B,1
6525230A,TS005,6525230A,1
6525230A,TSL034,6525230A,1
6525239A,EA304,6525239A,1
6525239A,EA305,6525239A,1
6525317A,EAL177,6525317A,1
6525317A,EAL179,6525317A,1
6525585A,EA332,6525585A,1
6525585A,EA337,6525585A,1
6525585A,EA389,6525585A,1
6525585A,EA400,6525585A,1
6525585A,EA409,6525585A,1
6525585A,EA410,6525585A,1
6525585A,EA419,6525585A,1
6525585A,EA420,6525585A,1
6525585A,EA479,6525585A,1
6525585A,EAL317,6525585A,1
6525585A,EAL324,6525585A,1
6525585A,EAL476,6525585A,1
6525600B,EA301,6525600B,2
6525600B,EAL153,6525600B,2
6525600B,EAL202,6525600B,2
6525600B,EAL413,6525600B,2
6525600B,EAL500,6525600B,2
6525973C,EAL485,6525973C,1
6525973D,EA295,6525973D,1
6525973D,EA334,6525973D,1
6525973D,EA404,6525973D,1
6525973D,EAL237,6525973D,1
6525973D,EAL245,6525973D,1
6525973D,EAL370,6525973D,1
6526024A,EA484,6526024A,2
6526024A,EAL219,6526024A,2
6526024A,EAL261,6526024A,2
6526024A,EAL539,6526024A,2
6526024A,EAL540,6526024A,2
6526488A,EA248,6526488A,1
6526489A,EAL210,6526489A,1
6526489A,EAL256,6526489A,1
6526517A,EA276,6526517A,1
6526517A,EA314,6526517A,1
6526517A,EAL244,6526517A,1
6526546B,EAL242,6526546B,2
6526546B,EAL243,6526546B,2
6526570D,EAL465,6526570D,1
6526570D,EAL466,6526570D,1
6526756A,TSL015,6526756A,1
6526756A,TSL028,6526756A,1
6526878A,EA265,6526878A,1
6526878A,EAL304,6526878A,1
6527317A,EAL213,6527317A,1
6527317A,EAL214,6527317A,1
6527515B,EAL512,6527515B,1
6527515B,EAL513,6527515B,1
6527607A,EAL418,6527607A,1
6527607A,EAL519,6527607A,1
6527607B,EA379,6527607B,1
6527607B,EA386,6527607B,1
6527607B,EA422,6527607B,1
6527607B,EAL257,6527607B,1
6527607B,EAL283,6527607B,1
6527744A,EAL232,6527744A,1
6527744A,EAL233,6527744A,1
6527744A,EAL252,6527744A,1
6528161A,EAL220,6528161A,1
6528161A,EAL221,6528161A,1
6528161B,EAL296,6528161B,1
6528161B,EAL297,6528161B,1
6528246B,EAL270,6528246B,1
6528246B,EAL271,6528246B,1
6528246D,EAL336,6528246D,1
6528249A,EA270,6528249A,1
6528249A,EA271,6528249A,1
6528278B,EAL273,6528278B,1
6528278D,EAL272,6528278D,1
6528278D,EAL335,6528278D,1
6528364B,EA335,6528364B,1
6528364B,EA336,6528364B,1
6528364B,EAL377,6528364B,1
6528482A,TSL021,6528482A,1
6528482A,TSL022,6528482A,1
6528917A,EAL258,6528917A,1
6528917A,EAL404,6528917A,1
6528917B,EAL453,6528917B,1
6528917B,EAL480,6528917B,1
6528917C,EAL560,6528917C,1
6528917C,EAL561,6528917C,1
6528917b,EAL479,6528917b,1
6528944B,TS020,6528944B,1
6528944B,TS035,6528944B,1
6528989B,EAL305,6528989B,1
6528989B,EAL307,6528989B,1
6529253A,EA460,6529253A,1
6529253A,EAL300,6529253A,1
6529253A,EAL301,6529253A,1
6529571A,EA477,6529571A,1
6529571A,EA482,6529571A,1
6529571A,EAL289,6529571A,1
6529571A,EAL290,6529571A,1
6529571A,EAL292,6529571A,1
6529675B,EA302,6529675B,1
6529675B,EA303,6529675B,1
6529675B,EA469,6529675B,1
6529762A,EAL388,6529762A,1
6529762A,EAL436,6529762A,1
6529762A,EAL538,6529762A,1
6530035A,TS015,6530035A,1
6530035A,TS016,6530035A,1
6530035A,TS017,6530035A,1
6530035A,TSL024,6530035A,1
6530035A,TSL027,6530035A,1
6540803A,EA275,6540803A,1
6540803A,EAL295,6540803A,1
6541188B,EAL274,6541188B,1
6541188B,EAL275,6541188B,1
6541231A,EAL248,6541231A,1
6541231B,EAL240,6541231B,1
6541262A,EA272,6541262A,1
6541262A,EAL260,6541262A,1
6541338A,TSL038,6541338A,1
6541338A,TSL039,6541338A,1
6541338A,TSL067,6541338A,1
6541338A,TSL068,6541338A,1
6541455A,EAL259,6541455A,1
6541455A,EAL542,6541455A,1
6541533C,EA367,6541533C,1
6541533C,EA369,6541533C,1
6541533C,EA394,6541533C,1
6541533C,EA405,6541533C,1
6541533C,EA439,6541533C,1
6541533C,EA441,6541533C,1
6541533C,EAL351,6541533C,1
6541533C,EAL352,6541533C,1
6541533C,EAL384,6541533C,1
6541533C,EAL509,6541533C,1
6541602C,EAL459,6541602C,1
6541602C,EAL460,6541602C,1
6541669B,EAL343,6541669B,1
6541669B,EAL344,6541669B,1
6542201A,EA285,6542201A,1
6542201A,EA286,6542201A,1
6542201A,EA324,6542201A,1
6542694A,EAL414,6542694A,1
6542694A,EAL415,6542694A,1
6542741A,TS013,6542741A,1
6542741A,TS014,6542741A,1
6542741A,TS031,6542741A,1
6542741A,TS032,6542741A,1
6542741A,TS033,6542741A,1
6542777B,EAL441,6542777B,1
6542777B,EAL442,6542777B,1
6542777B,EAL454,6542777B,1
6542852A,EAL285,6542852A,1
6542852A,EAL409,6542852A,1
6543634C,EAL447,6543634C,1
6543634C,EAL467,6543634C,1
6543634C,EAL520,6543634C,1
6543648A,EAL306,6543648A,1
6543648B,EA411,6543648B,1
6543648B,EAL325,6543648B,1
6543648B,EAL326,6543648B,1
6543758A,EAL328,6543758A,1
6543758C,EA442,6543758C,1
6543758C,EA467,6543758C,1
6543758C,EA471,6543758C,1
6543758C,EAL427,6543758C,1
6543758C,EAL468,6543758C,1
6543999A,EAL349,6543999A,1
6543999A,EAL350,6543999A,1
6544140A,EAL362,6544140A,1
6544140B,EA352,6544140B,1
6544140B,EA378,6544140B,1
6544140B,EA398,6544140B,1
6544140B,EA406,6544140B,1
6544140B,EA461,6544140B,1
6544140B,EAL319,6544140B,1
6544140b,EA440,6544140b,1
6544202A,EA445,6544202A,1
6544202A,EA454,6544202A,1
6544202A,EAL315,6544202A,1
6544202A,EAL316,6544202A,1
6544279A,EAL282,6544279A,1
6544279B,EAL298,6544279B,1
6544279B,EAL490,6544279B,1
6544455A,EAL333,6544455A,2
6544455A,EAL334,6544455A,2
6544756B,TSL059,6544756B,1
6544756B,TSL062,6544756B,1
6544759A,EAL286,6544759A,1
6544759A,EAL320,6544759A,1
6545069A,EA290,6545069A,1
6545069A,EAL284,6545069A,1
6545069A,EAL321,6545069A,1
6545069A,EAL327,6545069A,1
6545098B,TSL044,6545098B,1
6545098B,TSL045,6545098B,1
6545103A,TSL078,6545103A,1
6545193C,EAL446,6545193C,1
6545193C,EAL450,6545193C,1
6545253A,EA384,6545253A,1
6545253A,EAL353,6545253A,1
6545253A,EAL363,6545253A,1
6545339B,EAL299,6545339B,1
6545339B,EAL332,6545339B,1
6545339B,EAL491,6545339B,1
6545456B,EA351,6545456B,1
6545456B,EA366,6545456B,1
6545456B,EA403,6545456B,1
6545456B,EAL338,6545456B,1
6545456B,EAL382,6545456B,1
6545788B,EAL393,6545788B,1
6545788B,EAL394,6545788B,1
6545843A,EAL313,6545843A,1
6545843A,EAL314,6545843A,1
6546054A,EAL478,6546054A,1
6546054A,EAL483,6546054A,1
6546054A,EAL547,6546054A,1
6546196A,TS018,6546196A,1
6546196A,TS019,6546196A,1
6546476A,EAL365,6546476A,1
6546476A,EAL366,6546476A,1
6546737A,TSL046,6546737A,1
6546737A,TSL063,6546737A,1
6546767B,TS030,6546767B,1
6546767B,TSL047,6546767B,1
6546767B,TSL058,6546767B,1
6546978A,TSL042,6546978A,1
6546978A,TSL043,6546978A,1
6546978A,TSL057,6546978A,1
6547008A,EAL401,6547008A,1
6547008B,EAL419,6547008B,1
6547008B,EAL426,6547008B,1
6547137A,TSL054,6547137A,1
6547137A,TSL055,6547137A,1
6547177A,TSL040,6547177A,1
6547177A,TSL041,6547177A,1
6547181A,EA433,6547181A,1
6547181A,EAL374,6547181A,1
6547181A,EAL375,6547181A,1
6547181A,EAL530,6547181A,1
6547182A,TSL050,6547182A,1
6547182A,TSL051,6547182A,1
6547283A,THTB-001,6547283A,1
6547349B,EA349,6547349B,1
6547349B,EAL340,6547349B,1
6547349B,EAL341,6547349B,1
6547349B,EAL342,6547349B,1
6547349B,EAL364,6547349B,1
6547349B,EAL367,6547349B,1
6547712A,EAL487,6547712A,1
6547712A,EAL488,6547712A,1
6547945C,EAL481,6547945C,1
6547945C,EAL482,6547945C,1
6548027A,EAL354,6548027A,1
6548027A,EAL357,6548027A,1
6548027B,EA375,6548027B,1
6548027B,EAL391,6548027B,1
6548027B,EAL392,6548027B,1
6548027B,EAL477,6548027B,1
6548027B,EAL562,6548027B,1
6548338A,TSL048,6548338A,1
6548338A,TSL049,6548338A,1
6548406A,TS036,6548406A,1
6548406A,TSL082,6548406A,1
6548406A,TSL083,6548406A,1
6548821B,TSL060,6548821B,1
6548821B,TSL061,6548821B,1
6548880A,TSL052,6548880A,1
6548880A,TSL053,6548880A,1
6552663A,EA355,6552663A,1
6552663A,EA357,6552663A,1
6552808A,TSL092,6552808A,1
6552808A,TSL095,6552808A,1
6553054A,TSL074,6553054A,1
6553054A,TSL075,6553054A,1
6553054A,TSL153,6553054A,1
6553193A,TSL076,6553193A,1
6553193A,TSL077,6553193A,1
6553264A,TSL064,6553264A,1
6553264A,TSL069,6553264A,1
6553335A,EAL369,6553335A,1
6553335B,EA434,6553335B,1
6553335B,EAL389,6553335B,1
6553335B,EAL390,6553335B,1
6553438A,TSL134,6553438A,1
6553444A,EA340,6553444A,1
6553444B,EA341,6553444B,1
6553444B,EA347,6553444B,1
6553495A,EA354,6553495A,1
6553495A,EA356,6553495A,1
6553639A,EAL432,6553639A,1
6553639A,EAL433,6553639A,1
6553821A,EAL345,6553821A,1
6553821A,EAL346,6553821A,1
6554903A,TSL079,6554903A,1
6554903A,TSL081,6554903A,1
6554905A,TS021,6554905A,1
6554905A,TS022,6554905A,1
6554907A,EAL399,6554907A,1
6554907A,EAL400,6554907A,1
6555020A,TSL072,6555020A,1
6555020A,TSL073,6555020A,1
6555466B,EA353,6555466B,1
6555466B,EAL444,6555466B,1
6555466B,EAL445,6555466B,1
6555473A,EAL439,6555473A,1
6555473A,EAL440,6555473A,1
6555551A,EA431,6555551A,1
6555551A,EA432,6555551A,1
6555551A,EAL397,6555551A,1
6555551A,EAL398,6555551A,1
6555551A,EAL548,6555551A,1
6555613B,TS023,6555613B,1
6555613B,TS024,6555613B,1
6555613B,TS034,6555613B,1
6555613B,TSL107,6555613B,1
6555639A,EA344,6555639A,2
6555639A,EA360,6555639A,2
6555639A,EA368,6555639A,2
6555639A,EA412,6555639A,2
6555639A,EAL497,6555639A,2
6555639A,EAL498,6555639A,2
6556615A,TSL065,6556615A,1
6556615A,TSL070,6556615A,1
6556615A,TSL165,6556615A,1
6556616A,TSL066,6556616A,1
6556616A,TSL071,6556616A,1
6556617A,THIB-018,6556617A,1
6556617A,THIB-025,6556617A,1
6556617A,THIB-031,6556617A,1
6556725A,EA370,6556725A,1
6556725A,EAL381,6556725A,1
6556725A,EAL402,6556725A,1
6559770B,EAL448,6559770B,1
6559770B,EAL449,6559770B,1
6560309A,EAL372,6560309A,1
6560309A,EAL469,6560309A,1
6566270A,TSL080,6566270A,1
6566270A,TSL086,6566270A,1
6566270A,TSL094,6566270A,1
6566306A,TSL124,6566306A,1
6566306A,TSL140,6566306A,1
6566339A,TS027,6566339A,1
6566339A,TS028,6566339A,1
6566561A,TS025,6566561A,1
6566561A,TS029,6566561A,1
6566771A,EAL359,6566771A,1
6566771A,EAL360,6566771A,1
6566885A,EA444,6566885A,1
6566885A,EAL371,6566885A,1
6566885A,EAL376,6566885A,1
6567540A,EAL423,6567540A,1
6567540A,EAL424,6567540A,1
6567543A,EAL502,6567543A,1
6567543A,EAL503,6567543A,1
6568520A,EAL407,6568520A,1
6568520B,EAL471,6568520B,1
6568520B,EAL472,6568520B,1
6568521A,EA462,6568521A,1
6568521A,EAL405,6568521A,1
6568521A,EAL406,6568521A,1
6568521A,EAL470,6568521A,1
6568858C,EA421,6568858C,1
6568858C,EA423,6568858C,1
6568858C,EAL473,6568858C,1
6568858D,EAL499,6568858D,1
6569094B,EAL558,6569094B,1
6569094B,EAL559,6569094B,1
6569306A,EA381,6569306A,1
6569306A,EA382,6569306A,1
6569306A,EA407,6569306A,1
6569306A,EA408,6569306A,1
6569306A,EA489,6569306A,1
6569306A,EAL385,6569306A,1
6569306A,EAL386,6569306A,1
6569306A,EAL437,6569306A,1
6569306A,EAL489,6569306A,1
6569544B,EAL545,6569544B,1
6569544C,EA448,6569544C,1
6569544C,EA449,6569544C,1
6569544C,EA450,6569544C,1
6569544C,EAL501,6569544C,1
6569544C,EAL518,6569544C,1
6569544C,EAL529,6569544C,1
6569544C,EAL546,6569544C,1
6569845A,TSL088,6569845A,1
6569845A,TSL089,6569845A,1
6570166A,EAL425,6570166A,1
6570166B,EA401,6570166B,1
6570166B,EA455,6570166B,1
6570166B,EAL451,6570166B,1
6570242A,EAL431,6570242A,1
6570242A,EAL457,6570242A,1
6570316B,TSL093,6570316B,1
6570316B,TSL096,6570316B,1
6570316D,TSL122,6570316D,1
6570316D,TSL123,6570316D,1
6570333A,TSL090,6570333A,1
6570333A,TSL091,6570333A,1
6570333B,TSL098,6570333B,1
6570333B,TSL099,6570333B,1
6570450A,TSL119,6570450A,1
6570450A,TSL120,6570450A,1
6570729B,EAL556,6570729B,1
6570729B,EAL557,6570729B,1
6570729B,EAL579,6570729B,1
6570729C,EA485,6570729C,1
6570729C,EA486,6570729C,1
6570729C,EAL584,6570729C,1
6570729C,EAL585,6570729C,1
6570740A,EA464,6570740A,1
6570740A,EAL387,6570740A,1
6570740A,EAL403,6570740A,1
6570774A,EA416,6570774A,1
6570774A,EAL395,6570774A,1
6570774A,EAL396,6570774A,1
6570774A,EAL526,6570774A,1
6570845A,EAL434,6570845A,1
6570845A,EAL438,6570845A,1
6571174A,EA415,6571174A,1
6571174A,EAL416,6571174A,1
6571174A,EAL417,6571174A,1
6571220A,TSL087,6571220A,1
6571495A,EA466,6571495A,1
6571495A,EA487,6571495A,1
6571495A,EAL484,6571495A,1
6571495A,EAL504,6571495A,1
6571778A,TSL102,6571778A,1
6571778A,TSL103,6571778A,1
6571778C,TSL169,6571778C,1
6571778C,TSL170,6571778C,1
6572091A,EAL420,6572091A,1
6572091A,EAL421,6572091A,1
6572424A,EAL422,6572424A,1
6572424A,EAL508,6572424A,1
6572612A,EAL506,6572612A,1
6572612A,EAL507,6572612A,1
6574439B,EAL456,6574439B,1
6574439B,EAL486,6574439B,1
6574496A,TSL117,6574496A,1
6574496A,TSL131,6574496A,1
6574499A,TSL113,6574499A,1
6574499A,TSL116,6574499A,1
6574595B,EAL524,6574595B,1
6574595B,EAL528,6574595B,1
6575179A,EA390,6575179A,1
6575257A,EAL522,6575257A,1
6575257A,EAL523,6575257A,1
6575257C,EAL531,6575257C,1
6575257C,EAL533,6575257C,1
6575257C,EAL534,6575257C,1
6575257C,EAL535,6575257C,1
6575257C,EAL536,6575257C,1
6575257C,EAL537,6575257C,1
6575258A,EA443,6575258A,1
6575258A,EAL474,6575258A,1
6575258A,EAL475,6575258A,1
6575258A,EAL527,6575258A,1
6575337A,EAL514,6575337A,1
6575337B,EAL515,6575337B,1
6575542A,EAL463,6575542A,1
6575542A,EAL464,6575542A,1
6575577B,EAL510,6575577B,1
6575577B,EAL511,6575577B,1
6575703A,TSL105,6575703A,1
6575703A,TSL106,6575703A,1
6575989B,EAL461,6575989B,1
6575989B,EAL462,6575989B,1
6576395A,TSL114,6576395A,1
6576395A,TSL115,6576395A,1
6576750A,EAL492,6576750A,1
6576750A,EAL494,6576750A,1
6576774A,TSL121,6576774A,1
6576774A,TSL142,6576774A,1
6576907A,TSL101,6576907A,1
6576907B,TSL104,6576907B,1
6576907B,TSL108,6576907B,1
6577168A,TSL111,6577168A,1
6577168A,TSL112,6577168A,1
6577359A,EAL492_LB,6577359A,1
6577359A,EAL494_LB,6577359A,1
6577361B,EAL566,6577361B,2
6577361B,EAL567,6577361B,2
6577416A,TSL100,6577416A,1
6577416A,TSL118,6577416A,1
6577640A,EAL505,6577640A,1
6577640A,EAL521,6577640A,1
6577720A,EA417,6577720A,1
6577720A,EAL549,6577720A,1
6577979A,EA427,6577979A,1
6577979A,EA428,6577979A,1
6577979A,EA429,6577979A,1
6577979A,EA430,6577979A,1
6577979A,EAL516,6577979A,1
6577979A,EAL517,6577979A,1
6577980A,EAL493,6577980A,1
6577980A,EAL495,6577980A,1
6578526A,EAL525,6578526A,1
6578526A,EAL532,6578526A,1
6578688B,EA488,6578688B,1
6578688B,EAL552,6578688B,1
6578688B,EAL553,6578688B,1
6578825A,TSL125,6578825A,1
6578825A,TSL126,6578825A,1
6579192B,EAL570,6579192B,1
6579192B,EAL574,6579192B,1
6579381A,TSL127,6579381A,1
6579381A,TSL128,6579381A,1
6579484A,TSL132,6579484A,1
6579484A,TSL144,6579484A,1
6579742C,EAL550,6579742C,1
6579742C,EAL568,6579742C,1
6579742C,EAL577,6579742C,1
6579768B,TSL133,6579768B,1
6579768B,TSL138,6579768B,1
6579768C,TS041,6579768C,1
6579768C,TS042,6579768C,1
6579768C,TSL151,6579768C,1
6580041A,EA426,6580041A,1
6580041A,EAL541,6580041A,1
6580500A,TSL172,6580500A,1
6580500a,TSL171,6580500a,1
6580605B,TSL157,6580605B,1
6580605B,TSL158,6580605B,1
6580945B,TS037,6580945B,1
6580945B,TSL137,6580945B,1
6580963B,EAL543,6580963B,1
6580963B,EAL544,6580963B,1
6582184A,TSL141,6582184A,1
6582184A,TSL149,6582184A,1
6582274B,TS038,6582274B,1
6582274B,TS043,6582274B,1
6582451A,EAL569,6582451A,1
6582454A,TSL145,6582454A,1
6582454B,TSL154,6582454B,1
6582454B,TSL155,6582454B,1
6582601A,TSL129,6582601A,1
6582601A,TSL130,6582601A,1
6582798A,EAL582,6582798A,1
6582798a,EAL575,6582798a,1
6583470B,TSL150,6583470B,1
6583470B,TSL156,6583470B,1
6583782A,TSL164,6583782A,1
6583782A,TSL167,6583782A,1
6584339A,TSL135,6584339A,1
6584339A,TSL136,6584339A,1
6584432A,TSL148,6584432A,1
6584432B,TSL147,6584432B,1
6584432B,TSL152,6584432B,1
6584446B,TS039,6584446B,1
6584446B,TS040,6584446B,1
6584446B,TSL143,6584446B,1
6584446B,TSL146,6584446B,1
6584954A,TS044,6584954A,1
6584954A,TS045,6584954A,1
6585754A,EA470,6585754A,1
6585754A,EAL583,6585754A,1
6586254C,EAL565,6586254C,1
6586254C,EAL580,6586254C,1
6586556A,TSL139,6586556A,1
6586556A,TSL168,6586556A,1
6586952A,TSL161,6586952A,1
6587348A,EAL551,6587348A,1
6587499A,TSL160,6587499A,1
6587894A,EAL578,6587894A,1
6587962A,TSL159,6587962A,1
6587962A,TSL162,6587962A,1
6588064A,EAL581,6588064A,1
6589211A,TSL166,6589211A,1
6590151A,TSL163,6590151A,1
6590151A,TSL173,6590151A,1
ENGINEERING,EAL455,ENGINEERING,1
ENGINEERING,TSL097,ENGINEERING,1
LP8765REV1,EAL291,LP8765REV1,1
LP8765REV1,EAL293,LP8765REV1,1
