TESTERS,CONFIG
EAGLE 1,APU10
EAGLE 2,APU10
EAGLE 3,APU10
EAGLE 4,APU10
EAGLE 5,APU10
EAGLE 6,APU12
EAGLE 7,APU12
EAGLE 8,APU10
EAGLE 9,APU10
EAGLE 10,APU10
EAGLE 11,APU12
EAGLE 12,APU12
EAGLE 13,APU10
EAGLE 14,APU12
EAGLE 15,APU12
EAGLE 16,APU10
EAGLE 17,APU10
EAGLE 18,APU12
EAGLE 19,APU12
EAGLE 20,APU12
EAGLE 21,APU10
EAGLE 22,APU10
EAGLE 23,APU12
EAGLE 24,APU12
EAGLE 25,APU12
EAGLE 26,APU12
EAGLE 27,APU12
EAGLE 28,APU10
EAGLE 29,APU12
EAGLE 30,APU12
EAGLE 31,APU12
EAGLE 32,APU12
EAGLE 33,APU12
EAGLE 34,APU12
EAGLE 35,APU12
EAGLE 36,APU12
EAGLE 37,APU12
EAGLE 38,APU12
EAGLE 39,APU12
EAGLE 40,ETM
EAGLE 41,APU12
EAGLE 42,APU12
EAGLE 43,APU12
EAGLE 44,APU12
EAGLE 45,APU12
EAGLE 46,ETM
EAGLE 47,APU12
EAGLE 48,APU12
EAGLE 49,APU12
EAGLE 50,APU12
EAGLE 51,APU12
EAGLE 52,ETM
EAGLE 53,ETM
EAGLE54,ETM
EAGLE 55,ETS200
EAGLE 56,APU12
EAGLE 57,APU12
EAGLE 58,APU12
EAGLE 59,APU12
EAGLE 60,APU12
EAGLE 61,APU12
EAGLE 62,APU12
EAGLE 63,APU12
EAGLE 64,APU12
EAGLE 65,APU12
EAGLE 66,APU12
EAGLE 67,APU12
EAGLE 68,APU12
EAGLE 69,APU12
EAGLE 70,APU12
EAGLE 71,APU10
EAGLE 72,APU12
EAGLE 73,APU12
EAGLE 74,APU12
EAGLE 75,APU12
EAGLE 76,APU12
EAGLE 77,APU12
EAGLE 78,APU12
EAGLE 79,APU12
EAGLE 80,APU12
EAGLE 81,APU12
EAGLE 82,APU10
EAGLE 83,APU12
EAGLE 84,APU12
EAGLE 85,APU12
EAGLE 86,APU12
EAGLE 87,ETM
EAGLE 88,APU12
EAGLE 89,ETM
EAGLE 90,ETM
EAGLE 92,ETM
EAGLE 93,ETS200
EAGLE 94,ETS200
