LOT,Device,Package,Pin,CUR_QTY,Weight,LOT_name,LPT,OPN,TOTAL_PLAN_CT,CUM_PLAN_CT,LOT_AGE,START_TIME,SNAPSHOOT_TIME,MACHINE_INSTANCE
4000654,XPS54386PWPR,PWP,14,8640,52500,4000654,7100,1,16.5,8.4,14.2,,11/05/09/ 10:32,
4000655,XPS54386PWPR,PWP,14,3564,52500,4000655,7100,1,16.5,8.8,14.2,,11/05/09/ 10:32,
4000656,XPS54286PWPR,PWP,14,8640,1,4000656,7100,1,0,0,0,,11/05/09/ 10:32:56,
4000657,XPS54286PWPR,PWP,14,3618,1291000,4000657,7100,1,17.5,2.3,14.2,,11/05/09/ 10:32,
4000786,XPS54350PWPR,PWP,16,6966,90300,4000786,7100,1,18.5,7.8,14.2,,11/05/09/ 10:32,
4000970,TPS65856ZQZR,ZQZ,120,4745,3000,4000970,7110,1,18.6,0.3,14.1,,11/05/09/ 10:32,
4000971,TPS65856ZQZR,ZQZ,120,4846,3000,4000971,7121,1,18.6,0.2,14.1,,11/05/09/ 10:32,
4000972,TPS65856ZQZR,ZQZ,120,5758,537100,4000972,7100,1,18.6,6.5,14.1,,11/05/09/ 10:32,
4000973,TPS65856ZQZR,ZQZ,120,5748,537100,4000973,7100,1,18.6,8.1,14.1,,11/05/09/ 10:32,
4000974,TPS65856ZQZR,ZQZ,120,5760,537100,4000974,7100,1,18.6,6.5,14.1,,11/05/09/ 10:32,
4000975,TPS65856ZQZR,ZQZ,120,381,537100,4000975,7100,1,18.6,6.1,14.1,,11/05/09/ 10:32,
4002048,XPS54550PWPR,PWP,16,6426,1880600,4002048,7100,1,13.4,1.3,13.9,,11/05/09/ 10:32,
4002222,XPA3100D2PHPR,PHP,48,8602,92100,4002222,7100,1,19.4,4.9,13.9,,11/05/09/ 10:32,
4002223,XPA3100D2PHPR,PHP,48,8637,92100,4002223,7100,1,19.4,5.4,13.9,,11/05/09/ 10:32,
4002224,XPA3100D2PHPR,PHP,48,6316,92100,4002224,7100,1,19.4,3.9,13.9,,11/05/09/ 10:32,
4002225,XPA3100D2PHPR,PHP,48,7965,92100,4002225,7100,1,19.4,2.8,13.9,,11/05/09/ 10:32,
4002592,DRV603PWR,PW,14,5184,1,4002592,7100,1,0,0,0,,11/05/09/ 10:32:56,
4003351,XPA3100D2PHPR,PHP,48,8639,90800,4003351,7100,1,19.4,4.6,13.6,,11/05/09/ 10:32,
4003352,XPA3100D2PHPR,PHP,48,8638,90800,4003352,7100,1,19.4,4.7,13.6,,11/05/09/ 10:32,
4003353,XPA3100D2PHPR,PHP,48,8638,90800,4003353,7100,1,19.4,2.7,13.6,,11/05/09/ 10:32,
4003354,XPA3100D2PHPR,PHP,48,8638,90800,4003354,7100,1,19.4,3.3,13.6,,11/05/09/ 10:32,
4003355,XPA3100D2PHPR,PHP,48,8638,90800,4003355,7100,1,19.4,2.3,13.6,,11/05/09/ 10:32,
4003356,XPA3100D2PHPR,PHP,48,8639,90800,4003356,7100,1,19.4,3.5,13.6,,11/05/09/ 10:32,
4003357,XPA3100D2PHPR,PHP,48,6239,90800,4003357,7100,1,19.4,2.4,13.6,,11/05/09/ 10:32,
4003485,SN0806054PWPR,PWP,16,6361,13200,4003485,7100,1,14.2,5,13.5,,11/05/09/ 10:32,
4003486,SN0806054PWPR,PWP,16,3334,13100,4003486,7121,1,14.2,1.8,13.5,,11/05/09/ 10:32,
4003490,SN0806054PWPR,PWP,16,8586,13200,4003490,7100,1,14.2,4.5,13.5,,11/05/09/ 10:32,
4003493,SN0806054PWPR,PWP,16,8208,13200,4003493,7100,1,14.2,5.4,13.5,,11/05/09/ 10:32,
4003818,TPS40071PWPR,PWP,16,6264,1,4003818,7100,1,0,0,0,,11/05/09/ 10:32:56,
4003830,XPS40055PWPR,PWP,16,8584,1,4003830,7100,1,0,0,0,,11/05/09/ 10:32:56,
4003835,XPS40055PWPR,PWP,16,2970,1,4003835,7100,1,0,0,0,,11/05/09/ 10:32:56,
4003837,XPS40055PWPR,PWP,16,6480,1,4003837,7100,1,0,0,0,,11/05/09/ 10:32:56,
4003838,XPS40055PWPR,PWP,16,2700,1,4003838,7100,1,0,0,0,,11/05/09/ 10:32:56,
4003839,XPS40055PWP,PWP,16,3077,1,4003839,7100,1,0,0,0,,11/05/09/ 10:32:56,
4004085,TPS54610PWPR,PWP,28,4318,263800,4004085,7100,1,13.8,1.9,13.4,,11/05/09/ 10:32,
4004087,TPS54610PWPR,PWP,28,3238,599900,4004087,7100,1,13.8,1.5,13.4,,11/05/09/ 10:32,
4004088,TPS54610PWPR,PWP,28,2477,1,4004088,7100,1,0,0,0,,11/05/09/ 10:32:56,
4004090,TPS54610PWPR,PWP,28,4248,263800,4004090,7100,1,13.8,2.1,13.4,,11/05/09/ 10:32,
4004091,TPS54610PWPR,PWP,28,4203,599900,4004091,7100,1,13.8,1.5,13.4,,11/05/09/ 10:32,
4004092,TPS54610PWPR,PWP,28,3530,1,4004092,7100,1,0,0,0,,11/05/09/ 10:32:56,
4004094,TPS54610PWPR,PWP,28,4320,4000,4004094,7100,1,13.8,6.8,13.4,,11/05/09/ 10:32,
4004102,TPS54610PWPR,PWP,28,4116,4000,4004102,7110,1,13.8,1.4,13.4,,11/05/09/ 10:32,
4004103,TPS54610PWPR,PWP,28,3239,1,4004103,7100,1,0,0,0,,11/05/09/ 10:32:56,
4004104,TPS54610PWPR,PWP,28,1656,1,4004104,7100,1,0,0,0,,11/05/09/ 10:32:56,
4004106,TPS54610PWPR,PWP,28,4320,599900,4004106,7110,1,13.8,1.9,13.4,,11/05/09/ 10:32,
4004107,TPS54610PWPR,PWP,28,2808,263800,4004107,7100,1,13.8,1.3,13.4,,11/05/09/ 10:32,
4004115,TPS54610PWPR,PWP,28,3312,599900,4004115,7100,1,13.8,1.3,13.4,,11/05/09/ 10:32,
4004575,XPS40057PWP-P,PWP,16,8603,75200,4004575,7121,1,16.4,0.3,13.3,,11/05/09/ 10:32,
4004761,XPS2384APJDR,PJD,64,5760,97700,4004761,7100,1,23.4,3.4,13.2,,11/05/09/ 10:32,
4004762,XPS2384APJDR,PJD,64,2136,1,4004762,7100,1,0,0,0,,11/05/09/ 10:32:56,
4004855,XCC27223PWPR,PWP,14,7290,1,4004855,7100,1,0,0,0,,11/05/09/ 10:32:56,
4004864,XN0405001PWPR,PWP,16,6642,1,4004864,7100,1,0,0,0,,11/05/09/ 10:32:56,
4004868,XN0405001PWPR,PWP,16,2376,1,4004868,7100,1,0,0,0,,11/05/09/ 10:32:56,
4004871,TPS54372PWPR,PWP,20,3996,1,4004871,7100,1,0,0,0,,11/05/09/ 10:32:56,
4004874,TPS54372PWPR,PWP,20,5174,1,4004874,7100,1,0,0,0,,11/05/09/ 10:32:56,
4004875,TPS54372PWPR,PWP,20,6210,74400,4004875,7100,1,15.2,1.7,13.2,,11/05/09/ 10:32,
4004879,SN0608006PWPR,PWP,20,8640,4000,4004879,7100,1,15.2,3.7,13.2,,11/05/09/ 10:32,
4004882,TPS54312PWPR,PWP,20,3996,1,4004882,7100,1,0,0,0,,11/05/09/ 10:32:56,
4004883,TPS54313PWPR,PWP,20,2214,1,4004883,7100,1,0,0,0,,11/05/09/ 10:32:56,
4004884,TPS54316PWPR,PWP,20,4212,73200,4004884,7100,1,14.9,1.3,13.2,,11/05/09/ 10:32,
4004885,TPS54314PWP,PWP,20,2052,1,4004885,7100,1,0,0,0,,11/05/09/ 10:32:56,
4004887,TPS54316PWP,PWP,20,4320,1,4004887,7100,1,0,0,0,,11/05/09/ 10:32:56,
4004892,TPS54610PWP,PWP,28,4320,5000,4004892,7100,1,16.6,2.1,13.2,,11/05/09/ 10:32,
4004893,TPS54610PWP,PWP,28,3923,77300,4004893,7100,1,16.6,0.9,13.2,,11/05/09/ 10:32,
4005031,TPS54810PWP,PWP,28,2160,5000,4005031,7100,1,16.5,2.5,13.2,,11/05/09/ 10:32,
4005516,TPS54372PWP,PWP,20,2106,1,4005516,7100,1,0,0,0,,11/05/09/ 10:32:56,
4005522,TPS54873PWPR,PWP,28,5752,77900,4005522,7100,1,16.8,0.9,13.1,,11/05/09/ 10:32,
4005523,TPS54873PWPR,PWP,28,2592,77900,4005523,7100,1,16.8,0.2,13.1,,11/05/09/ 10:32,
4005529,TPS54972PWPR,PWP,28,4320,3815600,4005529,7100,1,12.1,0.2,13.1,,11/05/09/ 10:32,
4005530,TPS54972PWPR,PWP,28,2591,3579300,4005530,7100,1,12.1,0.2,13.1,,11/05/09/ 10:32,
4005531,TPS54010PWPR,PWP,28,4320,88500,4005531,7100,1,16.5,0.7,13.1,,11/05/09/ 10:32,
4005532,TPS54010PWPR,PWP,28,3204,1,4005532,7100,1,0,0,0,,11/05/09/ 10:32:56,
4005533,TPS54010PWPR,PWP,28,1440,88500,4005533,7100,1,16.5,0.7,13.1,,11/05/09/ 10:32,
4006122,XPA3106D1VFPR,VFP,32,6889,91700,4006122,7100,1,25.3,3,12.9,,11/05/09/ 10:32,
4006539,G610QPWPRG4Q1,PWP,28,4166,8269500,4006539,7101,1,20,0.8,12.8,,11/05/09/ 10:32,
4006540,G610QPWPRG4Q1,PWP,28,4188,8269500,4006540,7101,1,20,0.8,12.8,,11/05/09/ 10:32,
4006541,G610QPWPRG4Q1,PWP,28,4320,106500,4006541,7100,1,20,1.3,12.8,,11/05/09/ 10:32,
4006543,G610QPWPRG4Q1,PWP,28,4281,8269500,4006543,7101,1,20,0.7,12.8,,11/05/09/ 10:32,
4006558,2U54372QPWPRDN,PWP,20,8585,8302600,4006558,7101,1,22.4,2.8,12.8,,11/05/09/ 10:32,
4006559,2U54372QPWPRDN,PWP,20,6424,8302600,4006559,7101,1,22.4,2.7,12.8,,11/05/09/ 10:32,
4006560,2U54372QPWPRDN,PWP,20,3834,88000,4006560,7100,1,22.4,0.4,12.8,,11/05/09/ 10:32,
4006561,2U54372QPWPRDN,PWP,20,1620,88000,4006561,7100,1,22.4,2.3,12.8,,11/05/09/ 10:32,
4007367,TPIC6B595DWR,DW,20,3839,57800,4007367,7100,1,16.6,7,12.6,,11/05/09/ 10:32,
4007478,DRV603PWR,PW,14,8640,1,4007478,7100,1,0,0,0,,11/05/09/ 10:32:56,
4007485,DRV603PWR,PW,14,8640,1,4007485,7100,1,0,0,0,,11/05/09/ 10:32:56,
4007491,DRV603PWR,PW,14,4752,1,4007491,7100,1,0,0,0,,11/05/09/ 10:32:56,
4009143,DRV603PWR,PW,14,8640,1,4009143,7100,1,0,0,0,,11/05/09/ 10:32:56,
4009150,DRV603PWR,PW,14,8640,1,4009150,7100,1,0,0,0,,11/05/09/ 10:32:56,
4009152,DRV603PWR,PW,14,8640,1,4009152,7100,1,0,0,0,,11/05/09/ 10:32:56,
4009155,DRV603PWR,PW,14,5886,1,4009155,7100,1,0,0,0,,11/05/09/ 10:32:56,
4009467,TPS65856ZQZR,ZQZ,120,5756,479100,4009467,7100,1,18.6,4.5,12.2,,11/05/09/ 10:32,
4009468,TPS65856ZQZR,ZQZ,120,5755,479100,4009468,7100,1,18.6,8,12.2,,11/05/09/ 10:32,
4009469,TPS65856ZQZR,ZQZ,120,5759,479100,4009469,7100,1,18.6,4.5,12.2,,11/05/09/ 10:32,
4009470,TPS65856ZQZR,ZQZ,120,5759,479100,4009470,7100,1,18.6,4.5,12.2,,11/05/09/ 10:32,
4009471,TPS65856ZQZR,ZQZ,120,5759,479100,4009471,7100,1,18.6,7,12.2,,11/05/09/ 10:32,
4009472,TPS65856ZQZR,ZQZ,120,1660,479100,4009472,7100,1,18.6,4.3,12.2,,11/05/09/ 10:32,
4009473,TPS65856ZQZR,ZQZ,120,5664,479100,4009473,7100,1,18.6,5.1,12.2,,11/05/09/ 10:32,
4009474,TPS65856ZQZR,ZQZ,120,5597,479100,4009474,7100,1,18.6,4.5,12.2,,11/05/09/ 10:32,
4009475,TPS65856ZQZR,ZQZ,120,5742,479100,4009475,7100,1,18.6,6.3,12.2,,11/05/09/ 10:32,
4009476,TPS65856ZQZR,ZQZ,120,5627,479100,4009476,7100,1,18.6,6.1,12.2,,11/05/09/ 10:32,
4009477,TPS65856ZQZR,ZQZ,120,5759,479100,4009477,7100,1,18.6,5.3,12.2,,11/05/09/ 10:32,
4009478,TPS65856ZQZR,ZQZ,120,2205,479100,4009478,7100,1,18.6,4.3,12.2,,11/05/09/ 10:32,
4009479,TPS65856ZQZR,ZQZ,120,5757,479100,4009479,7100,1,18.6,9.1,12.2,,11/05/09/ 10:32,
4009480,TPS65856ZQZR,ZQZ,120,5757,479100,4009480,7100,1,18.6,3.8,12.2,,11/05/09/ 10:32,
4009481,TPS65856ZQZR,ZQZ,120,5753,479100,4009481,7100,1,18.6,8,12.2,,11/05/09/ 10:32,
4009482,TPS65856ZQZR,ZQZ,120,5756,479100,4009482,7100,1,18.6,6.7,12.2,,11/05/09/ 10:32,
4009483,TPS65856ZQZR,ZQZ,120,5759,479100,4009483,7100,1,18.6,7,12.2,,11/05/09/ 10:32,
4009484,TPS65856ZQZR,ZQZ,120,1927,479100,4009484,7100,1,18.6,6.3,12.2,,11/05/09/ 10:32,
4009553,XPA3123D2PWPR,PWP,24,4835,5000,4009553,7110,1,15.3,4.5,12.2,,11/05/09/ 10:32,
4009554,XPA3123D2PWPR,PWP,24,5760,1,4009554,7100,1,0,0,0,,11/05/09/ 10:32:56,
4009555,XPA3123D2PWPR,PWP,24,5732,72500,4009555,7110,1,15.3,3.7,12.2,,11/05/09/ 10:32,
4010595,DRV602PWR,PW,14,8640,43000,4010595,7100,1,11.8,2.3,11.9,,11/05/09/ 10:32,
4010596,DRV602PWR,PW,14,8640,43000,4010596,7100,1,11.8,4.8,11.9,,11/05/09/ 10:32,
4010601,DRV602PWR,PW,14,8640,43000,4010601,7100,1,11.8,5.2,11.9,,11/05/09/ 10:32,
4010603,DRV602PWR,PW,14,8640,43000,4010603,7100,1,11.8,4.9,11.9,,11/05/09/ 10:32,
4010604,DRV602PWR,PW,14,8640,43000,4010604,7100,1,11.8,5,11.9,,11/05/09/ 10:32,
4010607,DRV602PWR,PW,14,8640,43000,4010607,7100,1,11.8,2,11.9,,11/05/09/ 10:32,
4010608,DRV602PWR,PW,14,8640,43000,4010608,7100,1,11.8,3.4,11.9,,11/05/09/ 10:32,
4010609,DRV602PWR,PW,14,8640,43000,4010609,7100,1,11.8,2.2,11.9,,11/05/09/ 10:32,
4010610,DRV602PWR,PW,14,8154,43000,4010610,7100,1,11.8,1,11.9,,11/05/09/ 10:32,
4011049,DAC813AU,DW,28,406,151600,4011049,7100,1,28.5,9.8,11.9,,11/05/09/ 10:32,
4011127,THS7319IZSVR,ZSV,9,37930,1,4011127,7100,1,0,0,0,,11/05/09/ 10:32:56,
4011128,THS7319IZSVR,ZSV,9,25955,5834000,4011128,7100,1,13.9,6.1,11.9,,11/05/09/ 10:32,
4011129,THS7319IZSVR,ZSV,9,38220,5834000,4011129,7100,1,13.9,4.5,11.9,,11/05/09/ 10:32,
4011130,THS7319IZSVR,ZSV,9,25953,5834000,4011130,7100,1,13.9,3.1,11.9,,11/05/09/ 10:32,
4011131,THS7319IZSVR,ZSV,9,38039,5834000,4011131,7100,1,13.9,4.9,11.9,,11/05/09/ 10:32,
4011132,THS7319IZSVR,ZSV,9,25952,5834000,4011132,7100,1,13.9,3.1,11.9,,11/05/09/ 10:32,
4011133,THS7319IZSVR,ZSV,9,38231,5834000,4011133,7100,1,13.9,2.3,11.9,,11/05/09/ 10:32,
4011138,THS7319IZSVR,ZSV,9,25935,5834000,4011138,7100,1,13.9,3.8,11.9,,11/05/09/ 10:32,
4011227,XPS54350PWPR,PWP,16,8640,70200,4011227,7100,1,16.8,7.5,11.8,,11/05/09/ 10:32,
4011228,XPS54350PWPR,PWP,16,8640,70200,4011228,7100,1,16.8,7.7,11.8,,11/05/09/ 10:32,
4011229,XPS54350PWPR,PWP,16,8640,70200,4011229,7100,1,16.8,7.1,11.8,,11/05/09/ 10:32,
4011230,XPS54350PWPR,PWP,16,8640,70200,4011230,7100,1,16.8,3.4,11.8,,11/05/09/ 10:32,
4011231,XPS54350PWPR,PWP,16,8640,70200,4011231,7100,1,16.8,6.7,11.8,,11/05/09/ 10:32,
4011232,XPS54350PWPR,PWP,16,8639,70200,4011232,7100,1,16.8,6.7,11.8,,11/05/09/ 10:32,
4011233,XPS54350PWPR,PWP,16,8640,70200,4011233,7100,1,16.8,6.8,11.8,,11/05/09/ 10:32,
4011234,XPS54350PWPR,PWP,16,8640,70200,4011234,7100,1,16.8,6.6,11.8,,11/05/09/ 10:32,
4011235,XPS54350PWPR,PWP,16,8640,1,4011235,7100,1,0,0,0,,11/05/09/ 10:32:56,
4011236,XPS54350PWPR,PWP,16,6534,70200,4011236,7100,1,16.8,6.1,11.8,,11/05/09/ 10:32,
4011375,XPS54310PWPR,PWP,20,6480,948500,4011375,7100,1,13.3,1.3,11.8,,11/05/09/ 10:32,
4011376,XPS54310PWPR,PWP,20,3456,1,4011376,7100,1,0,0,0,,11/05/09/ 10:32:56,
4011381,XPS54310PWPR,PWP,20,8445,59700,4011381,7121,1,13.3,0.7,11.8,,11/05/09/ 10:32,
4011383,XPS54310PWPR,PWP,20,8532,59700,4011383,7121,1,13.3,0.7,11.8,,11/05/09/ 10:32,
4011389,XPS54310PWPR,PWP,20,3240,1,4011389,7100,1,0,0,0,,11/05/09/ 10:32:56,
4012270,DRV603PWR,PW,14,8586,1,4012270,7100,1,0,0,0,,11/05/09/ 10:32:56,
4012277,DRV603PWR,PW,14,8640,419200,4012277,7100,1,12.9,0.3,11.6,,11/05/09/ 10:32,
4012280,DRV603PWR,PW,14,8640,237800,4012280,7100,1,12.9,4.6,11.6,,11/05/09/ 10:32,
4012284,DRV603PWR,PW,14,8640,1,4012284,7100,1,0,0,0,,11/05/09/ 10:32:56,
4012287,DRV603PWR,PW,14,8640,237800,4012287,7100,1,12.9,3.2,11.6,,11/05/09/ 10:32,
4012288,DRV603PWR,PW,14,8640,1,4012288,7100,1,0,0,0,,11/05/09/ 10:32:56,
4012289,DRV603PWR,PW,14,8640,1,4012289,7100,1,0,0,0,,11/05/09/ 10:32:56,
4012290,DRV603PWR,PW,14,8640,419200,4012290,7100,1,12.9,3.5,11.6,,11/05/09/ 10:32,
4012291,DRV603PWR,PW,14,6480,1,4012291,7100,1,0,0,0,,11/05/09/ 10:32:56,
4012292,DRV603PWR,PW,14,2862,419200,4012292,7100,1,12.9,2.4,11.6,,11/05/09/ 10:32,
4012481,XPS54350PWPR,PWP,16,8640,68800,4012481,7100,1,16.8,1.7,11.6,,11/05/09/ 10:32,
4012482,XPS54350PWPR,PWP,16,7938,68800,4012482,7100,1,16.8,1.5,11.6,,11/05/09/ 10:32,
4012483,XPS54350PWPR,PWP,16,8640,68800,4012483,7100,1,16.8,1.3,11.6,,11/05/09/ 10:32,
4012484,XPS54350PWPR,PWP,16,8640,68800,4012484,7100,1,16.8,2.3,11.6,,11/05/09/ 10:32,
4012485,XPS54350PWPR,PWP,16,8640,1,4012485,7100,1,0,0,0,,11/05/09/ 10:32:56,
4012486,XPS54350PWPR,PWP,16,8640,68800,4012486,7100,1,16.8,1.3,11.6,,11/05/09/ 10:32,
4012487,XPS54350PWPR,PWP,16,8640,68800,4012487,7100,1,16.8,1.5,11.6,,11/05/09/ 10:32,
4012488,XPS54350PWPR,PWP,16,8640,68800,4012488,7100,1,16.8,1.3,11.6,,11/05/09/ 10:32,
4012489,XPS54350PWPR,PWP,16,8640,1,4012489,7100,1,0,0,0,,11/05/09/ 10:32:56,
4012490,XPS54350PWPR,PWP,16,8640,1,4012490,7100,1,0,0,0,,11/05/09/ 10:32:56,
4012491,XPS54350PWPR,PWP,16,8640,1,4012491,7100,1,0,0,0,,11/05/09/ 10:32:56,
4012492,XPS54350PWPR,PWP,16,3834,1,4012492,7100,1,0,0,0,,11/05/09/ 10:32:56,
4012493,XPS54350PWPR,PWP,16,8640,68800,4012493,7100,1,16.8,2.3,11.6,,11/05/09/ 10:32,
4012494,XPS54350PWPR,PWP,16,8640,68800,4012494,7100,1,16.8,2.3,11.6,,11/05/09/ 10:32,
4012495,XPS54350PWPR,PWP,16,8640,1,4012495,7100,1,0,0,0,,11/05/09/ 10:32:56,
4012496,XPS54350PWPR,PWP,16,8640,68800,4012496,7100,1,16.8,1.5,11.6,,11/05/09/ 10:32,
4012497,XPS54350PWPR,PWP,16,3942,1,4012497,7100,1,0,0,0,,11/05/09/ 10:32:56,
4012499,SN0405063PWPR,PWP,16,8639,1000,4012499,7100,1,16.1,1.7,11.6,,11/05/09/ 10:32,
4012500,SN0405063PWPR,PWP,16,8639,14500,4012500,7100,1,16.1,1.8,11.6,,11/05/09/ 10:32,
4012501,SN0405063PWPR,PWP,16,6480,1,4012501,7100,1,0,0,0,,11/05/09/ 10:32:56,
4012550,TRF7905PWR,PW,28,5760,12000,4012550,7100,1,15.2,3,11.5,,11/05/09/ 10:32,
4012552,TRF7905PWR,PW,28,5760,12000,4012552,7100,1,15.2,3,11.5,,11/05/09/ 10:32,
4012554,TRF7905PWR,PW,28,2591,12000,4012554,7100,1,15.2,2.4,11.5,,11/05/09/ 10:32,
4012729,XPS54310PWPR,PWP,20,6480,925800,4012729,7100,1,13.3,1.3,11.5,,11/05/09/ 10:32,
4012730,XPS54310PWPR,PWP,20,3777,1,4012730,7100,1,0,0,0,,11/05/09/ 10:32:56,
4012732,XPS54310PWPR,PWP,20,8640,5000,4012732,7100,1,13.3,4.2,11.5,,11/05/09/ 10:32,
4012736,XPS54310PWPR,PWP,20,5454,925800,4012736,7100,1,13.3,0.4,11.5,,11/05/09/ 10:32,
4013672,TPS65850ZQZR,ZQZ,120,5758,225000,4013672,7100,1,18.2,5.3,11.3,,11/05/09/ 10:32,
4013790,TRF7903PWR,PW,20,8640,24200,4013790,7100,1,13.9,2,11.3,,11/05/09/ 10:32,
4013791,TRF7903PWR,PW,20,8640,24200,4013791,7100,1,13.9,1.7,11.3,,11/05/09/ 10:32,
4013792,TRF7903PWR,PW,20,8640,24200,4013792,7100,1,13.9,2.1,11.3,,11/05/09/ 10:32,
4013793,TRF7903PWR,PW,20,8640,24200,4013793,7100,1,13.9,1.7,11.3,,11/05/09/ 10:32,
4013794,TRF7903PWR,PW,20,2484,24200,4013794,7100,1,13.9,1.8,11.3,,11/05/09/ 10:32,
4013877,XPA3101D2PHPR,PHP,48,8637,72800,4013877,7100,1,20.8,1.1,11.2,,11/05/09/ 10:32,
4013879,XPA3101D2PHPR,PHP,48,8604,1,4013879,7100,1,0,0,0,,11/05/09/ 10:32:56,
4013882,XPA3101D2PHPR,PHP,48,8633,72800,4013882,7100,1,20.8,0.8,11.2,,11/05/09/ 10:32,
4014328,TPS54613PWP,PWP,28,1584,67100,4014328,7100,1,16.5,4.5,11.2,,11/05/09/ 10:32,
4014405,XPS54386PWPR,PWP,14,6156,1,4014405,7100,1,0,0,0,,11/05/09/ 10:32:56,
4014406,XPS54283PWPR,PWP,14,6156,1,4014406,7100,1,0,0,0,,11/05/09/ 10:32:56,
4014407,XPS54383PWPR,PWP,14,2598,3954000,4014407,7100,1,20.5,1.2,11.2,,11/05/09/ 10:32,
4014408,XPS54383PWPR,PWP,14,3672,3954000,4014408,7100,1,20.5,0.4,11.2,,11/05/09/ 10:32,
4014409,XPS54286PWPR,PWP,14,8640,1,4014409,7100,1,0,0,0,,11/05/09/ 10:32:56,
4014410,XPS54286PWPR,PWP,14,8640,1,4014410,7100,1,0,0,0,,11/05/09/ 10:32:56,
4014411,XPS54286PWPR,PWP,14,8640,1,4014411,7100,1,0,0,0,,11/05/09/ 10:32:56,
4014412,XPS54286PWPR,PWP,14,8640,1,4014412,7100,1,0,0,0,,11/05/09/ 10:32:56,
4014413,XPS54286PWPR,PWP,14,8638,1224500,4014413,7100,1,20.2,1.5,11.2,,11/05/09/ 10:32,
4014414,XPS54286PWPR,PWP,14,5940,1,4014414,7100,1,0,0,0,,11/05/09/ 10:32:56,
4014922,XPS40055PWPR,PWP,16,3024,1,4014922,7100,1,0,0,0,,11/05/09/ 10:32:56,
4014923,XPS40055PWPR,PWP,16,5558,2508900,4014923,7100,1,17.8,0.9,11,,11/05/09/ 10:32,
4014924,XPS40055PWPR,PWP,16,8640,1875300,4014924,7100,1,17.8,0.9,11,,11/05/09/ 10:32,
4014925,XPS40055PWPR,PWP,16,6534,2508900,4014925,7100,1,17.8,0.9,11,,11/05/09/ 10:32,
4015222,TPIC6B273DWRG4,DW,20,3827,94200,4015222,7100,1,16.8,7,10.9,,11/05/09/ 10:32,
4015335,1ADS1232IPW,PW,24,4956,5000,4015335,7110,1,8.2,7.9,10.9,,11/05/09/ 10:32,
4015422,XCD7100PWP,PWP,14,6480,46100,4015422,7100,1,18.9,0.2,10.9,,11/05/09/ 10:32,
4015423,XCD7100PWP,PWP,14,4209,46100,4015423,7100,1,18.9,0.2,10.9,,11/05/09/ 10:32,
4015424,XCD7100PWPR,PWP,14,6480,1,4015424,7100,1,0,0,0,,11/05/09/ 10:32:56,
4015425,XCD7100PWPR,PWP,14,4212,46900,4015425,7100,1,17.6,2.9,10.9,,11/05/09/ 10:32,
4015428,XPS40057PWPR,PWP,16,8640,5000,4015428,7100,1,21.8,3.5,10.9,,11/05/09/ 10:32,
4015429,XPS40057PWPR,PWP,16,8640,5000,4015429,7100,1,21.8,4.1,10.9,,11/05/09/ 10:32,
4015434,XPS40057PWPR,PWP,16,8477,2776100,4015434,7100,1,21.8,3.9,10.9,,11/05/09/ 10:32,
4016170,XPS54380PWPR,PWP,20,2106,74400,4016170,7100,1,16.6,2.3,10.7,,11/05/09/ 10:32,
4016711,TPS54610PWPR,PWP,28,3154,4000,4016711,7110,1,13.8,1.1,10.6,,11/05/09/ 10:32,
4016712,TPS54610PWPR,PWP,28,1656,1,4016712,7100,1,0,0,0,,11/05/09/ 10:32:56,
4016713,TPS54610PWPR,PWP,28,1404,1,4016713,7100,1,0,0,0,,11/05/09/ 10:32:56,
4016716,TPS54610PWPR,PWP,28,2592,487400,4016716,7100,1,13.8,0.9,10.6,,11/05/09/ 10:32,
4016717,TPS54610PWPR,PWP,28,4320,4000,4016717,7100,1,13.8,3.4,10.6,,11/05/09/ 10:32,
4016718,TPS54610PWPR,PWP,28,4320,4000,4016718,7100,1,13.8,3.3,10.6,,11/05/09/ 10:32,
4016719,TPS54610PWPR,PWP,28,4320,4000,4016719,7100,1,13.8,3.3,10.6,,11/05/09/ 10:32,
4016720,TPS54610PWPR,PWP,28,1116,1,4016720,7100,1,0,0,0,,11/05/09/ 10:32:56,
4016721,TPS54610PWPR,PWP,28,4284,487400,4016721,7100,1,13.8,1.7,10.6,,11/05/09/ 10:32,
4016722,TPS54610PWPR,PWP,28,1187,1,4016722,7100,1,0,0,0,,11/05/09/ 10:32:56,
4016724,TPS54610PWPR,PWP,28,3119,487400,4016724,7100,1,13.8,1.7,10.6,,11/05/09/ 10:32,
4016725,TPS54610PWPR,PWP,28,2628,487400,4016725,7100,1,13.8,1.3,10.6,,11/05/09/ 10:32,
4016726,TPS54610PWPR,PWP,28,4320,4000,4016726,7100,1,13.8,2.8,10.6,,11/05/09/ 10:32,
4016727,TPS54610PWPR,PWP,28,3240,487400,4016727,7100,1,13.8,1.5,10.6,,11/05/09/ 10:32,
4016728,TPS54610PWPR,PWP,28,2052,1,4016728,7100,1,0,0,0,,11/05/09/ 10:32:56,
4016729,TPS54610PWPR,PWP,28,1295,487400,4016729,7100,1,13.8,3.2,10.6,,11/05/09/ 10:32,
4016733,TPS54610PWPR,PWP,28,4320,487400,4016733,7100,1,13.8,3.1,10.6,,11/05/09/ 10:32,
4016737,TPS54610PWPR,PWP,28,1872,487400,4016737,7100,1,13.8,0.7,10.6,,11/05/09/ 10:32,
4016739,TPS54610PWPR,PWP,28,4320,487400,4016739,7100,1,13.8,4.6,10.6,,11/05/09/ 10:32,
4016740,TPS54610PWPR,PWP,28,4320,487400,4016740,7100,1,13.8,4.6,10.6,,11/05/09/ 10:32,
4016741,TPS54610PWPR,PWP,28,4320,487400,4016741,7100,1,13.8,1.8,10.6,,11/05/09/ 10:32,
4016743,TPS54610PWPR,PWP,28,4319,487400,4016743,7100,1,13.8,3.9,10.6,,11/05/09/ 10:32,
4016744,TPS54610PWPR,PWP,28,3240,487400,4016744,7100,1,13.8,1.8,10.6,,11/05/09/ 10:32,
4016745,TPS54610PWPR,PWP,28,1764,487400,4016745,7100,1,13.8,0.8,10.6,,11/05/09/ 10:32,
4016747,XPS40051PWPR,PWP,16,2592,1,4016747,7100,1,0,0,0,,11/05/09/ 10:32:56,
4016748,TPS40070PWPR,PWP,16,6210,1,4016748,7100,1,0,0,0,,11/05/09/ 10:32:56,
4016751,XN0405001PWPR,PWP,16,5454,1,4016751,7100,1,0,0,0,,11/05/09/ 10:32:56,
4016752,XN0405001PWPR,PWP,16,8640,1,4016752,7100,1,0,0,0,,11/05/09/ 10:32:56,
4016753,XN0405001PWPR,PWP,16,8639,4027600,4016753,7100,1,13.9,0.9,10.6,,11/05/09/ 10:32,
4016754,XN0405001PWPR,PWP,16,6642,1,4016754,7100,1,0,0,0,,11/05/09/ 10:32:56,
4016758,XPS40057PWPR,PWP,16,6735,2719500,4016758,7100,1,21.8,1.1,10.6,,11/05/09/ 10:32,
4016759,XPS40057PWPR,PWP,16,8637,2719500,4016759,7100,1,21.8,1.1,10.6,,11/05/09/ 10:32,
4016760,XPS40057PWPR,PWP,16,8640,2719500,4016760,7100,1,21.8,1.1,10.6,,11/05/09/ 10:32,
4016761,XPS40057PWPR,PWP,16,8634,1,4016761,7100,1,0,0,0,,11/05/09/ 10:32:56,
4016762,XPS40057PWPR,PWP,16,8640,2719500,4016762,7100,1,21.8,1.1,10.6,,11/05/09/ 10:32,
4016763,XPS40057PWPR,PWP,16,6480,1,4016763,7100,1,0,0,0,,11/05/09/ 10:32:56,
4016764,XPS40057PWPR,PWP,16,2538,1,4016764,7100,1,0,0,0,,11/05/09/ 10:32:56,
4016765,TPS40071PWPR,PWP,16,3186,1,4016765,7100,1,0,0,0,,11/05/09/ 10:32:56,
4016884,2U54372QPWPRDN,PWP,20,8640,78900,4016884,7100,1,22.4,2.5,10.5,,11/05/09/ 10:32,
4016885,2U54372QPWPRDN,PWP,20,8640,78900,4016885,7100,1,22.4,2.4,10.5,,11/05/09/ 10:32,
4016890,2U54612QPWPRDN,PWP,28,4259,64700,4016890,7101,1,23.5,0.2,10.5,,11/05/09/ 10:32,
4016891,2U54612QPWPRDN,PWP,28,4268,64700,4016891,7101,1,23.5,0.1,10.5,,11/05/09/ 10:32,
4016892,2U54612QPWPRDN,PWP,28,4282,64700,4016892,7101,1,23.5,0,10.5,,11/05/09/ 10:32,
4016893,2U54612QPWPRDN,PWP,28,4320,6670000,4016893,7100,1,23.5,2.3,10.5,,11/05/09/ 10:32,
4016894,2U54612QPWPRDN,PWP,28,3810,6670000,4016894,7100,1,23.5,2.3,10.5,,11/05/09/ 10:32,
4016895,2U54612QPWPRDN,PWP,28,3240,6670000,4016895,7100,1,23.5,2.3,10.5,,11/05/09/ 10:32,
4016896,2U54612QPWPRDN,PWP,28,1476,1,4016896,7100,1,0,0,0,,11/05/09/ 10:32:56,
4016897,G610QPWPRG4Q1,PWP,28,4284,7337400,4016897,7101,1,20,0.6,10.5,,11/05/09/ 10:32,
4016898,G610QPWPRG4Q1,PWP,28,4288,7337400,4016898,7101,1,20,0.5,10.5,,11/05/09/ 10:32,
4016899,G610QPWPRG4Q1,PWP,28,4320,95100,4016899,7100,1,20,1.3,10.5,,11/05/09/ 10:32,
4016900,G610QPWPRG4Q1,PWP,28,4320,95100,4016900,7100,1,20,0.9,10.5,,11/05/09/ 10:32,
4016940,XPA3100D2PHPR,PHP,48,8636,75400,4016940,7100,1,19.4,3,10.5,,11/05/09/ 10:32,
4016941,XPA3100D2PHPR,PHP,48,8629,75400,4016941,7100,1,19.4,0.8,10.5,,11/05/09/ 10:32,
4016942,XPA3100D2PHPR,PHP,48,7251,75400,4016942,7100,1,19.4,2,10.5,,11/05/09/ 10:32,
4016964,2U54110QPWPRQ1,PWP,20,7128,1,4016964,7100,1,0,0,0,,11/05/09/ 10:32:56,
4017845,TPS65851ZQZR,ZQZ,120,4836,3000,4017845,7110,1,17.1,0.9,10.3,,11/05/09/ 10:32,
4017850,TPS65851ZQZR,ZQZ,120,5757,588000,4017850,7100,1,17.1,2.8,10.3,,11/05/09/ 10:32,
4017851,TPS65851ZQZR,ZQZ,120,5759,41300,4017851,7100,1,17.1,6.1,10.3,,11/05/09/ 10:32,
4017852,TPS65851ZQZR,ZQZ,120,5758,444300,4017852,7100,1,17.1,6.3,10.3,,11/05/09/ 10:32,
4018044,TPS54010PWPR,PWP,28,1980,1,4018044,7100,1,0,0,0,,11/05/09/ 10:32:56,
4018045,TPS54680PWPR,PWP,28,5472,1632000,4018045,7100,1,16.8,0.5,10.2,,11/05/09/ 10:32,
4018050,TPS54612PWPR,PWP,28,5760,1000,4018050,7100,1,16.5,4.9,10.2,,11/05/09/ 10:32,
4018051,TPS54612PWPR,PWP,28,3598,535400,4018051,7100,1,16.5,2.5,10.2,,11/05/09/ 10:32,
4018052,TPS54610PWP,PWP,28,2808,1,4018052,7100,1,0,0,0,,11/05/09/ 10:32:56,
4018054,TPS54810PWP,PWP,28,1440,5000,4018054,7100,1,16.5,2.4,10.2,,11/05/09/ 10:32,
4018055,TPS54810PWPR,PWP,28,2736,1777800,4018055,7100,1,16.8,2.3,10.2,,11/05/09/ 10:32,
4018056,TPS54810PWPR,PWP,28,1296,1777800,4018056,7100,1,16.8,2.2,10.2,,11/05/09/ 10:32,
4018401,TPA3003D2PFBR,PFB,48,1250,1,4018401,7100,1,0,0,0,,11/05/09/ 10:32:56,
4018415,XPS2384APAP,PAP,64,489,1,4018415,7100,1,0,0,0,,11/05/09/ 10:32:56,
4018416,XPS2384APJDR,PJD,64,5751,82000,4018416,7100,1,23.4,3.3,10.1,,11/05/09/ 10:32,
4018417,XPS2384APJDR,PJD,64,5760,1,4018417,7100,1,0,0,0,,11/05/09/ 10:32:56,
4018419,XPS2384APJDR,PJD,64,5212,82000,4018419,7100,1,23.4,3.1,10.1,,11/05/09/ 10:32,
4020331,DRV602PWR,PW,14,8640,31100,4020331,7100,1,11.8,1.8,9.5,,11/05/09/ 10:32,
4020333,DRV602PWR,PW,14,8640,31100,4020333,7100,1,11.8,1.3,9.5,,11/05/09/ 10:32,
4020334,DRV602PWR,PW,14,8640,31100,4020334,7100,1,11.8,0.3,9.5,,11/05/09/ 10:32,
4020336,DRV602PWR,PW,14,8640,1,4020336,7100,1,0,0,0,,11/05/09/ 10:32:56,
4020337,DRV602PWR,PW,14,8640,1,4020337,7100,1,0,0,0,,11/05/09/ 10:32:56,
4020340,DRV602PWR,PW,14,6750,1,4020340,7100,1,0,0,0,,11/05/09/ 10:32:56,
4020409,MSP430U300IPMR,PM,64,5759,45900,4020409,7100,1,14.6,5.9,9.5,,11/05/09/ 10:32,
4020626,TPA3121D2PWPR,PWP,24,5760,63000,4020626,7100,1,17.2,0.2,9.5,,11/05/09/ 10:32,
4020630,XPA3123D2PWPR,PWP,24,5760,1,4020630,7100,1,0,0,0,,11/05/09/ 10:32:56,
4020631,XPA3123D2PWPR,PWP,24,5760,60100,4020631,7100,1,15.3,0.4,9.5,,11/05/09/ 10:32,
4020643,XPA3123D2PWPR,PWP,24,5760,1,4020643,7100,1,0,0,0,,11/05/09/ 10:32:56,
4022136,XPS54286PWPR,PWP,14,8640,888500,4022136,7100,1,20.2,1.5,9.2,,11/05/09/ 10:32,
4022137,XPS54286PWPR,PWP,14,8640,1,4022137,7100,1,0,0,0,,11/05/09/ 10:32:56,
4022138,XPS54286PWPR,PWP,14,7290,1,4022138,7100,1,0,0,0,,11/05/09/ 10:32:56,
4022139,XPS54286PWPR,PWP,14,5454,1,4022139,7100,1,0,0,0,,11/05/09/ 10:32:56,
4022140,XPS54286PWPR,PWP,14,8640,1,4022140,7100,1,0,0,0,,11/05/09/ 10:32:56,
4022141,XPS54286PWPR,PWP,14,8638,1,4022141,7100,1,0,0,0,,11/05/09/ 10:32:56,
4022142,XPS54286PWPR,PWP,14,8640,1,4022142,7100,1,0,0,0,,11/05/09/ 10:32:56,
4022143,XPS54286PWPR,PWP,14,8640,1,4022143,7100,1,0,0,0,,11/05/09/ 10:32:56,
4022144,XPS54286PWPR,PWP,14,2538,888500,4022144,7100,1,20.2,2.4,9.2,,11/05/09/ 10:32,
4022148,TPS54610PWPR,PWP,28,4320,433800,4022148,7100,1,13.8,1.8,9.2,,11/05/09/ 10:32,
4022149,TPS54610PWPR,PWP,28,4319,433800,4022149,7100,1,13.8,3,9.2,,11/05/09/ 10:32,
4022150,TPS54610PWPR,PWP,28,4320,433800,4022150,7100,1,13.8,2.5,9.2,,11/05/09/ 10:32,
4022151,TPS54610PWPR,PWP,28,4283,433800,4022151,7100,1,13.8,1.7,9.2,,11/05/09/ 10:32,
4022152,TPS54610PWPR,PWP,28,4320,433800,4022152,7100,1,13.8,3.3,9.2,,11/05/09/ 10:32,
4022153,TPS54610PWPR,PWP,28,4320,433800,4022153,7100,1,13.8,2.7,9.2,,11/05/09/ 10:32,
4022154,TPS54610PWPR,PWP,28,4320,433800,4022154,7100,1,13.8,3,9.2,,11/05/09/ 10:32,
4022155,TPS54610PWPR,PWP,28,3240,433800,4022155,7100,1,13.8,2.1,9.2,,11/05/09/ 10:32,
4022156,TPS54610PWPR,PWP,28,1512,433800,4022156,7100,1,13.8,1.3,9.2,,11/05/09/ 10:32,
4022157,TPS54610PWPR,PWP,28,4320,433800,4022157,7100,1,13.8,3.1,9.2,,11/05/09/ 10:32,
4022158,TPS54610PWPR,PWP,28,4319,433800,4022158,7100,1,13.8,3.3,9.2,,11/05/09/ 10:32,
4022159,TPS54610PWPR,PWP,28,4320,433800,4022159,7100,1,13.8,3,9.2,,11/05/09/ 10:32,
4022160,TPS54610PWPR,PWP,28,4320,433800,4022160,7100,1,13.8,3.3,9.2,,11/05/09/ 10:32,
4022161,TPS54610PWPR,PWP,28,4320,433800,4022161,7100,1,13.8,3.2,9.2,,11/05/09/ 10:32,
4022162,TPS54610PWPR,PWP,28,4320,433800,4022162,7100,1,13.8,2.7,9.2,,11/05/09/ 10:32,
4022163,TPS54610PWPR,PWP,28,4320,433800,4022163,7100,1,13.8,3.8,9.2,,11/05/09/ 10:32,
4022164,TPS54610PWPR,PWP,28,3239,433800,4022164,7100,1,13.8,1.5,9.2,,11/05/09/ 10:32,
4022165,TPS54610PWPR,PWP,28,1080,1,4022165,7100,1,0,0,0,,11/05/09/ 10:32:56,
4022166,TPS54610PWPR,PWP,28,4320,4000,4022166,7100,1,13.8,4.6,9.2,,11/05/09/ 10:32,
4022167,TPS54610PWPR,PWP,28,4320,433800,4022167,7100,1,13.8,3.4,9.2,,11/05/09/ 10:32,
4022168,TPS54610PWPR,PWP,28,4320,4000,4022168,7100,1,13.8,4.8,9.2,,11/05/09/ 10:32,
4022174,TPS54610PWPR,PWP,28,1728,1,4022174,7100,1,0,0,0,,11/05/09/ 10:32:56,
4022320,TPS65850ZQZR,ZQZ,120,4333,191700,4022320,7100,1,18.2,4.1,9.2,,11/05/09/ 10:32,
4022321,TPS65850ZQZR,ZQZ,120,5740,119500,4022321,7100,1,18.2,2.5,9.2,,11/05/09/ 10:32,
4022322,TPS65850ZQZR,ZQZ,120,5754,24700,4022322,7100,1,18.2,2.5,9.2,,11/05/09/ 10:32,
4022323,TPS65850ZQZR,ZQZ,120,5310,119500,4022323,7100,1,18.2,5.3,9.2,,11/05/09/ 10:32,
4022324,TPS65850ZQZR,ZQZ,120,5757,24700,4022324,7100,1,18.2,2.5,9.2,,11/05/09/ 10:32,
4022326,TPS65850ZQZR,ZQZ,120,1351,24700,4022326,7100,1,18.2,4.5,9.2,,11/05/09/ 10:32,
4022327,TPS65850ZQZR,ZQZ,120,5760,24700,4022327,7100,1,18.2,4.1,9.2,,11/05/09/ 10:32,
4022328,TPS65850ZQZR,ZQZ,120,5760,24700,4022328,7100,1,18.2,4.1,9.2,,11/05/09/ 10:32,
4022329,TPS65850ZQZR,ZQZ,120,5760,24700,4022329,7100,1,18.2,2.5,9.2,,11/05/09/ 10:32,
4022330,TPS65850ZQZR,ZQZ,120,5757,24700,4022330,7100,1,18.2,2.1,9.2,,11/05/09/ 10:32,
4022331,TPS65850ZQZR,ZQZ,120,5758,24700,4022331,7100,1,18.2,3.1,9.2,,11/05/09/ 10:32,
4022332,TPS65850ZQZR,ZQZ,120,1481,24700,4022332,7100,1,18.2,2.1,9.2,,11/05/09/ 10:32,
4022333,TPS65851ZQZR,ZQZ,120,4656,542100,4022333,7100,1,17.1,6.1,9.2,,11/05/09/ 10:32,
4022334,TPS65851ZQZR,ZQZ,120,5758,542100,4022334,7100,1,17.1,6,9.2,,11/05/09/ 10:32,
4022335,TPS65851ZQZR,ZQZ,120,5750,542100,4022335,7100,1,17.1,4.1,9.2,,11/05/09/ 10:32,
4022336,TPS65851ZQZR,ZQZ,120,5751,542100,4022336,7100,1,17.1,3.5,9.2,,11/05/09/ 10:32,
4022337,TPS65851ZQZR,ZQZ,120,5758,542100,4022337,7100,1,17.1,4.1,9.2,,11/05/09/ 10:32,
4022338,TPS65851ZQZR,ZQZ,120,1432,542100,4022338,7100,1,17.1,4.5,9.2,,11/05/09/ 10:32,
4022339,TPS65851ZQZR,ZQZ,120,5760,542100,4022339,7100,1,17.1,6,9.2,,11/05/09/ 10:32,
4022340,TPS65851ZQZR,ZQZ,120,5757,542100,4022340,7100,1,17.1,3.1,9.2,,11/05/09/ 10:32,
4022341,TPS65851ZQZR,ZQZ,120,5759,542100,4022341,7100,1,17.1,5.1,9.2,,11/05/09/ 10:32,
4022342,TPS65851ZQZR,ZQZ,120,5760,542100,4022342,7100,1,17.1,2.1,9.2,,11/05/09/ 10:32,
4022343,TPS65851ZQZR,ZQZ,120,1780,542100,4022343,7100,1,17.1,4.1,9.2,,11/05/09/ 10:32,
4022823,2U54310QPWPRQ1,PWP,20,3562,1,4022823,7100,1,0,0,0,,11/05/09/ 10:32:56,
4022825,2U54310QPWPRQ1,PWP,20,6480,1,4022825,7100,1,0,0,0,,11/05/09/ 10:32:56,
4022826,2U54310QPWPRQ1,PWP,20,2430,19700,4022826,7100,1,25.2,0.3,9,,11/05/09/ 10:32,
4023393,TPS51116PWPR,PWP,20,6480,215300,4023393,7100,1,15.8,0.7,8.9,,11/05/09/ 10:32,
4023403,TPS65851ZQZR,ZQZ,120,5755,529700,4023403,7100,1,17.1,3.1,8.9,,11/05/09/ 10:32,
4023404,TPS65851ZQZR,ZQZ,120,5756,529700,4023404,7100,1,17.1,4.1,8.9,,11/05/09/ 10:32,
4023405,TPS65851ZQZR,ZQZ,120,5755,529700,4023405,7100,1,17.1,3.1,8.9,,11/05/09/ 10:32,
4023406,TPS65851ZQZR,ZQZ,120,5760,529700,4023406,7100,1,17.1,3.5,8.9,,11/05/09/ 10:32,
4023407,TPS65851ZQZR,ZQZ,120,5754,529700,4023407,7100,1,17.1,5.5,8.9,,11/05/09/ 10:32,
4023408,TPS65851ZQZR,ZQZ,120,1132,529700,4023408,7100,1,17.1,4.1,8.9,,11/05/09/ 10:32,
4023409,TPS65851ZQZR,ZQZ,120,5757,529700,4023409,7100,1,17.1,1.9,8.9,,11/05/09/ 10:32,
4023410,TPS65851ZQZR,ZQZ,120,5758,529700,4023410,7100,1,17.1,5.1,8.9,,11/05/09/ 10:32,
4023411,TPS65851ZQZR,ZQZ,120,5757,529700,4023411,7100,1,17.1,2.5,8.9,,11/05/09/ 10:32,
4023412,TPS65851ZQZR,ZQZ,120,5753,529700,4023412,7100,1,17.1,1.9,8.9,,11/05/09/ 10:32,
4023518,DAC813AU,DW,28,263,136600,4023518,7100,1,28.5,6,8.9,,11/05/09/ 10:32,
4023887,TPS54910PWPR,PWP,28,5760,446000,4023887,7100,1,13.4,3.7,8.8,,11/05/09/ 10:32,
4023888,TPS54910PWPR,PWP,28,5758,124100,4023888,7100,1,13.4,4.6,8.8,,11/05/09/ 10:32,
4023889,TPS54910PWPR,PWP,28,5760,446000,4023889,7100,1,13.4,2.7,8.8,,11/05/09/ 10:32,
4023890,TPS54910PWPR,PWP,28,4320,446000,4023890,7100,1,13.4,2.2,8.8,,11/05/09/ 10:32,
4024841,XPS54310PWPR,PWP,20,6102,695500,4024841,7100,1,13.3,0.4,8.6,,11/05/09/ 10:32,
4024847,XPS54310PWPR,PWP,20,5616,695500,4024847,7100,1,13.3,1.5,8.6,,11/05/09/ 10:32,
4024850,XPS54310PWPR,PWP,20,3618,1,4024850,7100,1,0,0,0,,11/05/09/ 10:32:56,
4024918,XN0405001PWPR,PWP,16,8640,1,4024918,7100,1,0,0,0,,11/05/09/ 10:32:56,
4024919,XN0405001PWPR,PWP,16,8640,1,4024919,7100,1,0,0,0,,11/05/09/ 10:32:56,
4024920,XN0405001PWPR,PWP,16,2322,1,4024920,7100,1,0,0,0,,11/05/09/ 10:32:56,
4024921,TPS40060PWPR,PWP,16,3078,1,4024921,7100,1,0,0,0,,11/05/09/ 10:32:56,
4024922,TPS40060PWPR,PWP,16,3186,1,4024922,7100,1,0,0,0,,11/05/09/ 10:32:56,
4024930,XPS54550PWPR,PWP,16,8640,1193000,4024930,7100,1,13.4,3.3,8.6,,11/05/09/ 10:32,
4024931,XPS54550PWPR,PWP,16,6858,1,4024931,7100,1,0,0,0,,11/05/09/ 10:32:56,
4024932,XPS54550PWPR,PWP,16,8640,1193000,4024932,7100,1,13.4,4.5,8.6,,11/05/09/ 10:32,
4024933,XPS54550PWPR,PWP,16,8619,1193000,4024933,7100,1,13.4,5.2,8.6,,11/05/09/ 10:32,
4024934,XPS54550PWPR,PWP,16,8640,1193000,4024934,7100,1,13.4,4.5,8.6,,11/05/09/ 10:32,
4024935,XPS54550PWPR,PWP,16,4959,46100,4024935,7100,1,13.4,3.2,8.6,,11/05/09/ 10:32,
4024936,XPS54550PWPR,PWP,16,8640,46100,4024936,7100,1,13.4,4.2,8.6,,11/05/09/ 10:32,
4024937,XPS54550PWPR,PWP,16,8634,1193000,4024937,7100,1,13.4,4.9,8.6,,11/05/09/ 10:32,
4024938,XPS54550PWPR,PWP,16,7398,1193000,4024938,7100,1,13.4,1.5,8.6,,11/05/09/ 10:32,
4024985,QTPS54550PWP7,PWP,16,4486,500000,4024985,7110,1,0,1.7,8.6,,11/05/09/ 10:32,
4025114,TPS54610PWPR,PWP,28,4284,406700,4025114,7100,1,13.8,2.1,8.5,,11/05/09/ 10:32,
4025115,TPS54610PWPR,PWP,28,4320,406700,4025115,7100,1,13.8,3.2,8.5,,11/05/09/ 10:32,
4025116,TPS54610PWPR,PWP,28,4284,406700,4025116,7100,1,13.8,1.7,8.5,,11/05/09/ 10:32,
4025117,TPS54610PWPR,PWP,28,4320,406700,4025117,7100,1,13.8,2.5,8.5,,11/05/09/ 10:32,
4025118,TPS54610PWPR,PWP,28,3456,406700,4025118,7100,1,13.8,1.3,8.5,,11/05/09/ 10:32,
4025119,TPS54610PWPR,PWP,28,4320,406700,4025119,7100,1,13.8,2.7,8.5,,11/05/09/ 10:32,
4025120,TPS54610PWPR,PWP,28,4320,406700,4025120,7100,1,13.8,2.5,8.5,,11/05/09/ 10:32,
4025121,TPS54610PWPR,PWP,28,3816,406700,4025121,7100,1,13.8,1.5,8.5,,11/05/09/ 10:32,
4025122,TPS54610PWPR,PWP,28,4320,406700,4025122,7100,1,13.8,3.8,8.5,,11/05/09/ 10:32,
4025123,TPS54610PWPR,PWP,28,4320,406700,4025123,7100,1,13.8,2.7,8.5,,11/05/09/ 10:32,
4025124,TPS54610PWPR,PWP,28,4319,406700,4025124,7100,1,13.8,3.4,8.5,,11/05/09/ 10:32,
4025125,TPS54610PWPR,PWP,28,4319,406700,4025125,7100,1,13.8,3.2,8.5,,11/05/09/ 10:32,
4025127,TPS54610PWPR,PWP,28,4320,406700,4025127,7100,1,13.8,3.8,8.5,,11/05/09/ 10:32,
4025128,TPS54610PWPR,PWP,28,4237,4000,4025128,7110,1,13.8,0.2,8.5,,11/05/09/ 10:32,
4025129,TPS54610PWPR,PWP,28,3240,406700,4025129,7100,1,13.8,2.5,8.5,,11/05/09/ 10:32,
4025130,TPS54610PWPR,PWP,28,1471,406700,4025130,7100,1,13.8,2.8,8.5,,11/05/09/ 10:32,
4025829,TPA3004D2PHP-P,PHP,48,4851,1,4025829,7100,1,0,0,0,,11/05/09/ 10:32:56,
4025862,SWRC54010PWPR7,PWP,28,1864,500000,4025862,7100,1,9.1,0.5,8.3,,11/05/09/ 10:32,
4026207,TPS65850ZQZR,ZQZ,120,5757,22800,4026207,7100,1,18.2,3.1,8.3,,11/05/09/ 10:32,
4026208,TPS65850ZQZR,ZQZ,120,4097,22800,4026208,7100,1,18.2,3.4,8.3,,11/05/09/ 10:32,
4026209,TPS65850ZQZR,ZQZ,120,2501,22800,4026209,7100,1,18.2,1.4,8.3,,11/05/09/ 10:32,
4026316,THS7303PWR,PW,20,2808,14300,4026316,7100,1,20.8,1.8,8.2,,11/05/09/ 10:32,
4026468,TPS40071PWPR,PWP,16,6480,1,4026468,7100,1,0,0,0,,11/05/09/ 10:32:56,
4026469,TPS40071PWPR,PWP,16,3051,1,4026469,7100,1,0,0,0,,11/05/09/ 10:32:56,
4026474,SN0405063PWPR,PWP,16,8640,11100,4026474,7100,1,16.1,2.4,8.2,,11/05/09/ 10:32,
4026475,SN0405063PWPR,PWP,16,8640,11100,4026475,7100,1,16.1,1.5,8.2,,11/05/09/ 10:32,
4026476,SN0405063PWPR,PWP,16,2430,1,4026476,7100,1,0,0,0,,11/05/09/ 10:32:56,
4026477,SN0405063PWPR,PWP,16,3888,1,4026477,7100,1,0,0,0,,11/05/09/ 10:32:56,
4026479,XPS54380PWPR,PWP,20,2106,1,4026479,7100,1,0,0,0,,11/05/09/ 10:32:56,
4026487,TPS54312PWPR,PWP,20,3726,49400,4026487,7100,1,15.2,2.3,8.2,,11/05/09/ 10:32,
4026488,TPS54316PWPR,PWP,20,1998,1,4026488,7100,1,0,0,0,,11/05/09/ 10:32:56,
4026489,TPS54312PWP,PWP,20,2052,1,4026489,7100,1,0,0,0,,11/05/09/ 10:32:56,
4026490,TPS54372PWP,PWP,20,2052,1,4026490,7100,1,0,0,0,,11/05/09/ 10:32:56,
4026491,TPS54372PWPR,PWP,20,2106,1,4026491,7100,1,0,0,0,,11/05/09/ 10:32:56,
4026495,TPS54010PWPR,PWP,28,2016,64300,4026495,7100,1,16.5,0.7,8.2,,11/05/09/ 10:32,
4026497,TPS54610PWPR,PWP,28,4319,394400,4026497,7100,1,13.8,2.9,8.2,,11/05/09/ 10:32,
4026498,TPS54610PWPR,PWP,28,2736,1,4026498,7100,1,0,0,0,,11/05/09/ 10:32:56,
4026499,TPS54910PWPR,PWP,28,5760,117500,4026499,7100,1,13.4,2.3,8.2,,11/05/09/ 10:32,
4026500,TPS54910PWPR,PWP,28,4176,117500,4026500,7100,1,13.4,3.3,8.2,,11/05/09/ 10:32,
4026501,TPS54910PWPR,PWP,28,5756,422300,4026501,7100,1,13.4,1.3,8.2,,11/05/09/ 10:32,
4026502,TPS54910PWPR,PWP,28,5760,422300,4026502,7100,1,13.4,3.3,8.2,,11/05/09/ 10:32,
4026503,TPS54910PWPR,PWP,28,2448,117500,4026503,7100,1,13.4,3.1,8.2,,11/05/09/ 10:32,
4027785,G610QPWPRG4Q1,PWP,28,4320,1,4027785,7100,1,0,0,0,,11/05/09/ 10:32:56,
4027787,G610QPWPRG4Q1,PWP,28,4320,1,4027787,7100,1,0,0,0,,11/05/09/ 10:32:56,
4027793,G610QPWPRG4Q1,PWP,28,4320,1,4027793,7100,1,0,0,0,,11/05/09/ 10:32:56,
4027794,G610QPWPRG4Q1,PWP,28,4284,1,4027794,7100,1,0,0,0,,11/05/09/ 10:32:56,
4027796,G610QPWPRG4Q1,PWP,28,4320,1,4027796,7100,1,0,0,0,,11/05/09/ 10:32:56,
4027798,G610QPWPRG4Q1,PWP,28,4320,1,4027798,7100,1,0,0,0,,11/05/09/ 10:32:56,
4027898,1REG103UAA/G,D,8,1590,41900,4027898,7110,1,8.1,2.5,7.8,,11/05/09/ 10:32,
4027899,1REG103UAA/G,D,8,3482,41900,4027899,7110,1,8.1,2.5,7.8,,11/05/09/ 10:32,
4027900,1REG103UAA/G,D,8,3578,41900,4027900,7110,1,8.1,2.5,7.8,,11/05/09/ 10:32,
4028854,TPS5130PTR,PT,48,4872,634500,4028854,7100,1,16.6,3.3,7.6,,11/05/09/ 10:32,
4028855,TPS5130PTR,PT,48,8640,634500,4028855,7100,1,16.6,3.1,7.6,,11/05/09/ 10:32,
4028856,TPS5130PTR,PT,48,6633,634500,4028856,7100,1,16.6,2,7.6,,11/05/09/ 10:32,
4028979,DRV602PWR,PW,14,8640,1,4028979,7100,1,0,0,0,,11/05/09/ 10:32:56,
4028980,DRV602PWR,PW,14,8640,21100,4028980,7100,1,11.8,1.4,7.5,,11/05/09/ 10:32,
4028981,DRV602PWR,PW,14,8532,21100,4028981,7100,1,11.8,1.1,7.5,,11/05/09/ 10:32,
4028984,DRV602PWR,PW,14,8640,1,4028984,7100,1,0,0,0,,11/05/09/ 10:32:56,
4028986,DRV602PWR,PW,14,8640,21100,4028986,7100,1,11.8,2.7,7.5,,11/05/09/ 10:32,
4028990,DRV602PWR,PW,14,8640,21100,4028990,7100,1,11.8,2.4,7.5,,11/05/09/ 10:32,
4028993,DRV602PWR,PW,14,8640,21100,4028993,7100,1,11.8,2.4,7.5,,11/05/09/ 10:32,
4028996,DRV602PWR,PW,14,3186,21100,4028996,7100,1,11.8,2.5,7.5,,11/05/09/ 10:32,
4029044,THS7319IZSVR,ZSV,9,38262,3824100,4029044,7100,1,13.9,0.9,7.5,,11/05/09/ 10:32,
4029695,TPS54610PWPR,PWP,28,4320,362200,4029695,7100,1,13.8,2.7,7.4,,11/05/09/ 10:32,
4029696,TPS54610PWPR,PWP,28,4248,362200,4029696,7100,1,13.8,1.5,7.4,,11/05/09/ 10:32,
4029697,TPS54610PWPR,PWP,28,4320,362200,4029697,7100,1,13.8,3.3,7.4,,11/05/09/ 10:32,
4029699,TPS54610PWPR,PWP,28,4248,362200,4029699,7100,1,13.8,2.1,7.4,,11/05/09/ 10:32,
4029700,TPS54610PWPR,PWP,28,4248,362200,4029700,7100,1,13.8,2.1,7.4,,11/05/09/ 10:32,
4029701,TPS54610PWPR,PWP,28,4320,362200,4029701,7100,1,13.8,1.7,7.4,,11/05/09/ 10:32,
4029702,TPS54610PWPR,PWP,28,4247,362200,4029702,7100,1,13.8,1.5,7.4,,11/05/09/ 10:32,
4029703,TPS54610PWPR,PWP,28,3852,362200,4029703,7100,1,13.8,2.2,7.4,,11/05/09/ 10:32,
4029704,TPS54610PWPR,PWP,28,4284,362200,4029704,7100,1,13.8,3,7.4,,11/05/09/ 10:32,
4029705,TPS54610PWPR,PWP,28,4320,362200,4029705,7100,1,13.8,2.3,7.4,,11/05/09/ 10:32,
4029706,TPS54610PWPR,PWP,28,4291,362200,4029706,7100,1,13.8,2.8,7.4,,11/05/09/ 10:32,
4029707,TPS54610PWPR,PWP,28,4320,362200,4029707,7100,1,13.8,2.9,7.4,,11/05/09/ 10:32,
4029708,TPS54610PWPR,PWP,28,4320,362200,4029708,7100,1,13.8,2.9,7.4,,11/05/09/ 10:32,
4029709,TPS54610PWPR,PWP,28,4320,362200,4029709,7100,1,13.8,2.3,7.4,,11/05/09/ 10:32,
4029710,TPS54610PWPR,PWP,28,4319,362200,4029710,7100,1,13.8,2.3,7.4,,11/05/09/ 10:32,
4029711,TPS54610PWPR,PWP,28,3456,362200,4029711,7100,1,13.8,1.5,7.4,,11/05/09/ 10:32,
4030046,XPS2384APJDR,PJD,64,5760,1,4030046,7100,1,0,0,0,,11/05/09/ 10:32:56,
4030047,XPS2384APJDR,PJD,64,1574,1,4030047,7100,1,0,0,0,,11/05/09/ 10:32:56,
4030408,TPS65851ZQZR,ZQZ,120,2488,459800,4030408,7100,1,17.1,2.1,7.3,,11/05/09/ 10:32,
4030409,TPS65851ZQZR,ZQZ,120,5747,459800,4030409,7100,1,17.1,3.7,7.3,,11/05/09/ 10:32,
4030410,TPS65851ZQZR,ZQZ,120,5758,459800,4030410,7100,1,17.1,1.5,7.3,,11/05/09/ 10:32,
4030411,TPS65851ZQZR,ZQZ,120,5760,459800,4030411,7100,1,17.1,3.4,7.3,,11/05/09/ 10:32,
4030412,TPS65851ZQZR,ZQZ,120,5759,459800,4030412,7100,1,17.1,0.9,7.3,,11/05/09/ 10:32,
4030413,TPS65851ZQZR,ZQZ,120,5756,459800,4030413,7100,1,17.1,0.9,7.3,,11/05/09/ 10:32,
4030415,TPS65851ZQZR,ZQZ,120,5759,459800,4030415,7100,1,17.1,3.1,7.3,,11/05/09/ 10:32,
4030416,TPS65851ZQZR,ZQZ,120,5756,459800,4030416,7100,1,17.1,0.9,7.3,,11/05/09/ 10:32,
4030417,TPS65851ZQZR,ZQZ,120,5742,459800,4030417,7100,1,17.1,1.4,7.3,,11/05/09/ 10:32,
4030418,TPS65851ZQZR,ZQZ,120,5759,459800,4030418,7100,1,17.1,0.9,7.3,,11/05/09/ 10:32,
4030419,TPS65851ZQZR,ZQZ,120,5748,459800,4030419,7100,1,17.1,1.4,7.3,,11/05/09/ 10:32,
4030420,TPS65851ZQZR,ZQZ,120,2306,459800,4030420,7100,1,17.1,0.9,7.3,,11/05/09/ 10:32,
4030421,TPS65851ZQZR,ZQZ,120,5757,459800,4030421,7100,1,17.1,0.9,7.3,,11/05/09/ 10:32,
4030422,TPS65851ZQZR,ZQZ,120,5752,459800,4030422,7100,1,17.1,3.1,7.3,,11/05/09/ 10:32,
4030423,TPS65851ZQZR,ZQZ,120,5747,459800,4030423,7100,1,17.1,1.5,7.3,,11/05/09/ 10:32,
4030424,TPS65851ZQZR,ZQZ,120,5759,459800,4030424,7100,1,17.1,2.1,7.3,,11/05/09/ 10:32,
4030425,TPS65851ZQZR,ZQZ,120,5757,459800,4030425,7100,1,17.1,1.5,7.3,,11/05/09/ 10:32,
4030426,TPS65851ZQZR,ZQZ,120,1970,459800,4030426,7100,1,17.1,2.1,7.3,,11/05/09/ 10:32,
4030788,XPS54350PWPR,PWP,16,8638,72100,4030788,7100,1,16.8,1.5,7.2,,11/05/09/ 10:32,
4030789,XPS54350PWPR,PWP,16,8640,1,4030789,7100,1,0,0,0,,11/05/09/ 10:32:56,
4030791,XPS54350PWPR,PWP,16,8640,1,4030791,7100,1,0,0,0,,11/05/09/ 10:32:56,
4030792,XPS54350PWPR,PWP,16,8586,1,4030792,7100,1,0,0,0,,11/05/09/ 10:32:56,
4030793,XPS54350PWPR,PWP,16,8640,1,4030793,7100,1,0,0,0,,11/05/09/ 10:32:56,
4030794,XPS54350PWPR,PWP,16,8532,1,4030794,7100,1,0,0,0,,11/05/09/ 10:32:56,
4030795,XPS54350PWPR,PWP,16,8640,1,4030795,7100,1,0,0,0,,11/05/09/ 10:32:56,
4030796,XPS54350PWPR,PWP,16,4644,1,4030796,7100,1,0,0,0,,11/05/09/ 10:32:56,
4030816,TPS54610PWPR,PWP,28,4320,354200,4030816,7100,1,13.8,3.3,7.2,,11/05/09/ 10:32,
4030817,TPS54610PWPR,PWP,28,4284,354200,4030817,7100,1,13.8,2,7.2,,11/05/09/ 10:32,
4030818,TPS54610PWPR,PWP,28,4320,354200,4030818,7100,1,13.8,2.3,7.2,,11/05/09/ 10:32,
4030819,TPS54610PWPR,PWP,28,4320,354200,4030819,7100,1,13.8,2.8,7.2,,11/05/09/ 10:32,
4030820,TPS54610PWPR,PWP,28,4320,354200,4030820,7100,1,13.8,2.7,7.2,,11/05/09/ 10:32,
4030821,TPS54610PWPR,PWP,28,4320,354200,4030821,7100,1,13.8,3.2,7.2,,11/05/09/ 10:32,
4030822,TPS54610PWPR,PWP,28,2160,1,4030822,7100,1,0,0,0,,11/05/09/ 10:32:56,
4030823,TPS54610PWPR,PWP,28,4314,354200,4030823,7100,1,13.8,1.9,7.2,,11/05/09/ 10:32,
4030824,TPS54610PWPR,PWP,28,4284,354200,4030824,7100,1,13.8,0.3,7.2,,11/05/09/ 10:32,
4030825,TPS54610PWPR,PWP,28,4317,354200,4030825,7100,1,13.8,3.4,7.2,,11/05/09/ 10:32,
4030826,TPS54610PWPR,PWP,28,4320,354200,4030826,7100,1,13.8,3,7.2,,11/05/09/ 10:32,
4030827,TPS54610PWPR,PWP,28,4320,354200,4030827,7100,1,13.8,2.8,7.2,,11/05/09/ 10:32,
4030828,TPS54610PWPR,PWP,28,4320,354200,4030828,7100,1,13.8,3.2,7.2,,11/05/09/ 10:32,
4030829,TPS54610PWPR,PWP,28,4320,354200,4030829,7100,1,13.8,3.2,7.2,,11/05/09/ 10:32,
4030830,TPS54610PWPR,PWP,28,4176,354200,4030830,7100,1,13.8,1.3,7.2,,11/05/09/ 10:32,
4030831,TPS54610PWPR,PWP,28,4320,354200,4030831,7100,1,13.8,2.2,7.2,,11/05/09/ 10:32,
4030832,TPS54610PWPR,PWP,28,4320,354200,4030832,7100,1,13.8,2.8,7.2,,11/05/09/ 10:32,
4030833,TPS54610PWPR,PWP,28,4316,354200,4030833,7100,1,13.8,2.5,7.2,,11/05/09/ 10:32,
4030834,TPS65856ZQZR,ZQZ,120,5735,874200,4030834,7100,1,18.6,1.5,7.2,,11/05/09/ 10:32,
4030835,TPS54610PWPR,PWP,28,4320,354200,4030835,7100,1,13.8,2.7,7.2,,11/05/09/ 10:32,
4030836,TPS65856ZQZR,ZQZ,120,5753,874200,4030836,7100,1,18.6,1.4,7.2,,11/05/09/ 10:32,
4030837,TPS54610PWPR,PWP,28,4320,354200,4030837,7100,1,13.8,2.9,7.2,,11/05/09/ 10:32,
4030838,TPS65856ZQZR,ZQZ,120,5754,874200,4030838,7100,1,18.6,2.1,7.2,,11/05/09/ 10:32,
4030839,TPS54610PWPR,PWP,28,4320,354200,4030839,7100,1,13.8,2.7,7.2,,11/05/09/ 10:32,
4030840,TPS65856ZQZR,ZQZ,120,5758,874200,4030840,7100,1,18.6,0.5,7.2,,11/05/09/ 10:32,
4030841,TPS54610PWPR,PWP,28,4320,354200,4030841,7100,1,13.8,2.4,7.2,,11/05/09/ 10:32,
4030842,TPS65856ZQZR,ZQZ,120,5178,874200,4030842,7100,1,18.6,0.9,7.2,,11/05/09/ 10:32,
4030843,TPS54610PWPR,PWP,28,3240,354200,4030843,7100,1,13.8,1.3,7.2,,11/05/09/ 10:32,
4030845,TPS65856ZQZR,ZQZ,120,304,874200,4030845,7100,1,18.6,2.5,7.2,,11/05/09/ 10:32,
4030847,TPS54610PWPR,PWP,28,4318,354200,4030847,7100,1,13.8,2.3,7.2,,11/05/09/ 10:32,
4030848,TPS54610PWPR,PWP,28,4320,354200,4030848,7100,1,13.8,2.9,7.2,,11/05/09/ 10:32,
4030849,TPS54610PWPR,PWP,28,4320,354200,4030849,7100,1,13.8,3.2,7.2,,11/05/09/ 10:32,
4030850,TPS54610PWPR,PWP,28,4320,354200,4030850,7100,1,13.8,3.3,7.2,,11/05/09/ 10:32,
4030851,TPS54610PWPR,PWP,28,4318,354200,4030851,7100,1,13.8,2.2,7.2,,11/05/09/ 10:32,
4030852,TPS54610PWPR,PWP,28,4320,354200,4030852,7100,1,13.8,0.9,7.2,,11/05/09/ 10:32,
4030853,TPS54610PWPR,PWP,28,4284,354200,4030853,7100,1,13.8,1.1,7.2,,11/05/09/ 10:32,
4030854,TPS54610PWPR,PWP,28,3312,354200,4030854,7100,1,13.8,1.5,7.2,,11/05/09/ 10:32,
4030855,TPS54610PWPR,PWP,28,4320,354200,4030855,7100,1,13.8,3,7.2,,11/05/09/ 10:32,
4030856,TPS54610PWPR,PWP,28,4320,354200,4030856,7100,1,13.8,2.7,7.2,,11/05/09/ 10:32,
4030857,TPS54610PWPR,PWP,28,4320,354200,4030857,7100,1,13.8,2.3,7.2,,11/05/09/ 10:32,
4030858,TPS54610PWPR,PWP,28,4320,354200,4030858,7100,1,13.8,2.5,7.2,,11/05/09/ 10:32,
4030859,TPS54610PWPR,PWP,28,4320,354200,4030859,7100,1,13.8,2.7,7.2,,11/05/09/ 10:32,
4030860,TPS54610PWPR,PWP,28,4320,354200,4030860,7100,1,13.8,1,7.2,,11/05/09/ 10:32,
4030861,TPS54610PWPR,PWP,28,2376,354200,4030861,7100,1,13.8,1.3,7.2,,11/05/09/ 10:32,
4030862,TPS54610PWPR,PWP,28,4319,354200,4030862,7100,1,13.8,2.7,7.2,,11/05/09/ 10:32,
4030863,TPS54610PWPR,PWP,28,4320,354200,4030863,7100,1,13.8,2.4,7.2,,11/05/09/ 10:32,
4030864,TPS54610PWPR,PWP,28,2412,1,4030864,7100,1,0,0,0,,11/05/09/ 10:32:56,
4031896,TPA3121D2PWPR,PWP,24,5755,1,4031896,7100,1,0,0,0,,11/05/09/ 10:32:56,
4031897,TPA3121D2PWPR,PWP,24,5760,45400,4031897,7100,1,16.3,0.3,6.9,,11/05/09/ 10:32,
4031900,TPA3121D2PWPR,PWP,24,5723,45400,4031900,7100,1,16.3,0.3,6.9,,11/05/09/ 10:32,
4031902,TPA3121D2PWPR,PWP,24,5760,45400,4031902,7100,1,16.3,0.3,6.9,,11/05/09/ 10:32,
4031907,TPA3121D2PWPR,PWP,24,5760,45400,4031907,7100,1,16.3,0.3,6.9,,11/05/09/ 10:32,
4031908,TPA3121D2PWPR,PWP,24,5760,1,4031908,7100,1,0,0,0,,11/05/09/ 10:32:56,
4031909,TPA3121D2PWPR,PWP,24,5747,45400,4031909,7100,1,16.3,0.3,6.9,,11/05/09/ 10:32,
4031910,TPA3121D2PWPR,PWP,24,5760,45400,4031910,7100,1,16.3,0.2,6.9,,11/05/09/ 10:32,
4032564,TPS5130PTR,PT,48,8638,554600,4032564,7100,1,16,3.3,6.8,,11/05/09/ 10:32,
4032565,TPS5130PTR,PT,48,8640,554600,4032565,7100,1,16,2.3,6.8,,11/05/09/ 10:32,
4032566,TPS5130PTR,PT,48,6492,554600,4032566,7100,1,16,2.4,6.8,,11/05/09/ 10:32,
4032568,TPS5130PTR,PT,48,8639,554600,4032568,7100,1,16,2.7,6.8,,11/05/09/ 10:32,
4032569,TPS5130PTR,PT,48,8160,554600,4032569,7100,1,16,2,6.8,,11/05/09/ 10:32,
4032634,SN0806054PWPR,PWP,16,8640,8900,4032634,7100,1,16.6,1.9,6.8,,11/05/09/ 10:32,
4032635,SN0806054PWPR,PWP,16,8640,8900,4032635,7100,1,16.6,1.9,6.8,,11/05/09/ 10:32,
4032636,SN0806054PWPR,PWP,16,8637,8900,4032636,7100,1,16.6,1.8,6.8,,11/05/09/ 10:32,
4032637,SN0806054PWPR,PWP,16,6480,1,4032637,7100,1,0,0,0,,11/05/09/ 10:32:56,
4032638,SN0806054PWPR,PWP,16,2754,1,4032638,7100,1,0,0,0,,11/05/09/ 10:32:56,
4032639,SN0806054PWPR,PWP,16,8640,1,4032639,7100,1,0,0,0,,11/05/09/ 10:32:56,
4032640,SN0806054PWPR,PWP,16,8640,1,4032640,7100,1,0,0,0,,11/05/09/ 10:32:56,
4032641,SN0806054PWPR,PWP,16,8640,1,4032641,7100,1,0,0,0,,11/05/09/ 10:32:56,
4032642,SN0806054PWPR,PWP,16,8640,1,4032642,7100,1,0,0,0,,11/05/09/ 10:32:56,
4032643,SN0806054PWPR,PWP,16,3824,1,4032643,7100,1,0,0,0,,11/05/09/ 10:32:56,
4032660,TPS40070PWPR,PWP,16,8640,1,4032660,7100,1,0,0,0,,11/05/09/ 10:32:56,
4032661,TPS40070PWPR,PWP,16,3834,1,4032661,7100,1,0,0,0,,11/05/09/ 10:32:56,
4032662,TPS40070PWPR,PWP,16,8637,1,4032662,7100,1,0,0,0,,11/05/09/ 10:32:56,
4032663,TPS40070PWPR,PWP,16,8640,1,4032663,7100,1,0,0,0,,11/05/09/ 10:32:56,
4032664,TPS40070PWPR,PWP,16,8640,1,4032664,7100,1,0,0,0,,11/05/09/ 10:32:56,
4032665,TPS40070PWPR,PWP,16,8634,1,4032665,7100,1,0,0,0,,11/05/09/ 10:32:56,
4032666,TPS40070PWPR,PWP,16,3834,1,4032666,7100,1,0,0,0,,11/05/09/ 10:32:56,
4032726,XPS54310PWPR,PWP,20,8640,605000,4032726,7100,1,13.9,1.5,6.8,,11/05/09/ 10:32,
4032727,XPS54310PWPR,PWP,20,8640,605000,4032727,7100,1,13.9,1.9,6.8,,11/05/09/ 10:32,
4032728,XPS54310PWPR,PWP,20,8640,605000,4032728,7100,1,13.9,2.1,6.8,,11/05/09/ 10:32,
4032729,XPS54310PWPR,PWP,20,5506,1,4032729,7100,1,0,0,0,,11/05/09/ 10:32:56,
4032730,XPS54310PWPR,PWP,20,130,605000,4032730,7100,1,13.9,2.3,6.8,,11/05/09/ 10:32,
4032734,XPS54310PWPR,PWP,20,8637,605000,4032734,7100,1,13.9,1.7,6.8,,11/05/09/ 10:32,
4032735,XPS54310PWPR,PWP,20,5238,1,4032735,7100,1,0,0,0,,11/05/09/ 10:32:56,
4033717,XPS54386PWPR,PWP,14,8640,39400,4033717,7100,1,21.5,1.8,6.6,,11/05/09/ 10:32,
4033718,XPS54386PWPR,PWP,14,8640,39400,4033718,7100,1,21.5,1.7,6.6,,11/05/09/ 10:32,
4033719,XPS54386PWPR,PWP,14,8640,1,4033719,7100,1,0,0,0,,11/05/09/ 10:32:56,
4033720,XPS54386PWPR,PWP,14,8640,39400,4033720,7100,1,21.5,1.8,6.6,,11/05/09/ 10:32,
4033721,XPS54386PWPR,PWP,14,8640,39400,4033721,7100,1,21.5,1.7,6.6,,11/05/09/ 10:32,
4033722,XPS54386PWPR,PWP,14,5670,1,4033722,7100,1,0,0,0,,11/05/09/ 10:32:56,
4033765,TPA3124D2PWPR,PWP,24,5760,35200,4033765,7100,1,16.7,0.3,6.6,,11/05/09/ 10:32,
4033766,TPA3124D2PWPR,PWP,24,5759,1,4033766,7100,1,0,0,0,,11/05/09/ 10:32:56,
4033774,TPA3124D2PWPR,PWP,24,5760,1,4033774,7100,1,0,0,0,,11/05/09/ 10:32:56,
4033777,TPA3124D2PWPR,PWP,24,5760,1,4033777,7100,1,0,0,0,,11/05/09/ 10:32:56,
4033778,TPA3124D2PWPR,PWP,24,5756,1,4033778,7100,1,0,0,0,,11/05/09/ 10:32:56,
4033780,TPA3124D2PWPR,PWP,24,5719,1,4033780,7100,1,0,0,0,,11/05/09/ 10:32:56,
4033799,TPA6030A4PWPR,PWP,28,5759,1000,4033799,7100,1,19.3,1.3,6.6,,11/05/09/ 10:32,
4033800,TPA6030A4PWPR,PWP,28,1726,889800,4033800,7100,1,19.3,0.2,6.6,,11/05/09/ 10:32,
4033804,TPA6030A4PWPR,PWP,28,5744,889800,4033804,7100,1,19.3,2.7,6.6,,11/05/09/ 10:32,
4033805,TPA6030A4PWPR,PWP,28,352,889800,4033805,7100,1,19.3,1.8,6.6,,11/05/09/ 10:32,
4033806,TPA6030A4PWPR,PWP,28,5760,889800,4033806,7100,1,19.3,2.2,6.6,,11/05/09/ 10:32,
4033807,TPA6030A4PWPR,PWP,28,5760,889800,4033807,7100,1,19.3,1.3,6.6,,11/05/09/ 10:32,
4033808,TPA6030A4PWPR,PWP,28,4608,889800,4033808,7100,1,19.3,0.3,6.6,,11/05/09/ 10:32,
4034008,Q1TPS65851ZQZR,ZQZ,120,2452,500000,4034008,7100,1,7.2,6.5,6.5,,11/05/09/ 10:32,
4034041,MPC508AU,DW,16,897,46400,4034041,7100,1,16.9,3.6,6.5,,11/05/09/ 10:32,
4034103,Q1AC7728SRTQT8,RTQ,56,1683,500000,4034103,7100,1,0,6.5,6.5,,11/05/09/ 10:32,
4034141,Q1AC8228SRTQT8,RTQ,56,1193,500000,4034141,7101,1,0,0.4,6.5,,11/05/09/ 10:32,
4034180,Q1AC8728SRTQT8,RTQ,56,1689,500000,4034180,7100,1,0,6.5,6.5,,11/05/09/ 10:32,
4035058,THS7303PWR,PW,20,8640,11900,4035058,7100,1,20.4,1.7,6.2,,11/05/09/ 10:32,
4035059,THS7303PWR,PW,20,2754,11900,4035059,7100,1,20.4,1.8,6.2,,11/05/09/ 10:32,
4035252,XPS54286PWPR,PWP,14,8640,545700,4035252,7100,1,21.1,1.7,6.2,,11/05/09/ 10:32,
4035253,XPS54286PWPR,PWP,14,3726,1,4035253,7100,1,0,0,0,,11/05/09/ 10:32:56,
4035255,TPS40077PWP,PWP,16,5670,1,4035255,7100,1,0,0,0,,11/05/09/ 10:32:56,
4035256,TPS40071PWPR,PWP,16,8640,1,4035256,7100,1,0,0,0,,11/05/09/ 10:32:56,
4035257,TPS40071PWPR,PWP,16,6480,1,4035257,7100,1,0,0,0,,11/05/09/ 10:32:56,
4035258,TPS40071PWPR,PWP,16,3996,1,4035258,7100,1,0,0,0,,11/05/09/ 10:32:56,
4035259,TPS40071PWPR,PWP,16,6480,1,4035259,7100,1,0,0,0,,11/05/09/ 10:32:56,
4035260,XN0405001PWPR,PWP,16,3186,1,4035260,7100,1,0,0,0,,11/05/09/ 10:32:56,
4035261,XN0405001PWPR,PWP,16,8532,1,4035261,7100,1,0,0,0,,11/05/09/ 10:32:56,
4035262,XN0405001PWPR,PWP,16,4536,1,4035262,7100,1,0,0,0,,11/05/09/ 10:32:56,
4035263,XPS40055PWP,PWP,16,3132,1,4035263,7100,1,0,0,0,,11/05/09/ 10:32:56,
4035264,XPS54380PWPR,PWP,20,8424,46200,4035264,7100,1,15.5,2.5,6.2,,11/05/09/ 10:32,
4035272,TPS54372PWP,PWP,20,2106,1,4035272,7100,1,0,0,0,,11/05/09/ 10:32:56,
4035273,TPS54372PWPR,PWP,20,4212,40300,4035273,7100,1,15.4,1.1,6.2,,11/05/09/ 10:32,
4035295,XPA3123D2PWPR,PWP,24,5760,1,4035295,7100,1,0,0,0,,11/05/09/ 10:32:56,
4036723,TPS65851ZQZR,ZQZ,120,5754,406200,4036723,7100,1,17.3,0.1,5.8,,11/05/09/ 10:32,
4036724,TPS65851ZQZR,ZQZ,120,5757,406200,4036724,7100,1,17.3,0.1,5.8,,11/05/09/ 10:32,
4036725,TPS65851ZQZR,ZQZ,120,5750,406200,4036725,7100,1,17.3,0.1,5.8,,11/05/09/ 10:32,
4036726,TPS65851ZQZR,ZQZ,120,5745,406200,4036726,7100,1,17.3,0.4,5.8,,11/05/09/ 10:32,
4036727,TPS65851ZQZR,ZQZ,120,5758,1,4036727,7100,1,0,0,0,,11/05/09/ 10:32:56,
4036728,TPS65851ZQZR,ZQZ,120,2174,1,4036728,7100,1,0,0,0,,11/05/09/ 10:32:56,
4036729,TPS65851ZQZR,ZQZ,120,1072,406200,4036729,7100,1,17.3,1.7,5.8,,11/05/09/ 10:32,
4036876,TPA3004D2PHP-P,PHP,48,1213,1,4036876,7100,1,0,0,0,,11/05/09/ 10:32:56,
4038089,DRV603PWR,PW,14,8640,1,4038089,7100,1,0,0,0,,11/05/09/ 10:32:56,
4038090,DRV603PWR,PW,14,8640,224400,4038090,7100,1,14.3,1,5.5,,11/05/09/ 10:32,
4038091,DRV603PWR,PW,14,8640,1,4038091,7100,1,0,0,0,,11/05/09/ 10:32:56,
4038092,DRV603PWR,PW,14,8640,224400,4038092,7100,1,14.3,2.2,5.5,,11/05/09/ 10:32,
4038093,DRV603PWR,PW,14,8640,1,4038093,7100,1,0,0,0,,11/05/09/ 10:32:56,
4038095,DRV603PWR,PW,14,8586,1,4038095,7100,1,0,0,0,,11/05/09/ 10:32:56,
4038096,DRV603PWR,PW,14,8640,1,4038096,7100,1,0,0,0,,11/05/09/ 10:32:56,
4038097,DRV603PWR,PW,14,8640,224400,4038097,7100,1,14.3,0.3,5.5,,11/05/09/ 10:32,
4038098,DRV603PWR,PW,14,8640,1,4038098,7100,1,0,0,0,,11/05/09/ 10:32:56,
4038102,DRV603PWR,PW,14,8640,224400,4038102,7100,1,14.3,0.9,5.5,,11/05/09/ 10:32,
4038104,DRV603PWR,PW,14,8640,1,4038104,7100,1,0,0,0,,11/05/09/ 10:32:56,
4038106,DRV603PWR,PW,14,8640,1,4038106,7100,1,0,0,0,,11/05/09/ 10:32:56,
4038107,DRV603PWR,PW,14,8640,1,4038107,7100,1,0,0,0,,11/05/09/ 10:32:56,
4038109,DRV603PWR,PW,14,8640,1,4038109,7100,1,0,0,0,,11/05/09/ 10:32:56,
4038111,DRV603PWR,PW,14,8640,1,4038111,7100,1,0,0,0,,11/05/09/ 10:32:56,
4038113,DRV603PWR,PW,14,8640,1,4038113,7100,1,0,0,0,,11/05/09/ 10:32:56,
4038116,DRV603PWR,PW,14,8640,1,4038116,7100,1,0,0,0,,11/05/09/ 10:32:56,
4038118,DRV603PWR,PW,14,8638,224400,4038118,7100,1,14.3,0.3,5.5,,11/05/09/ 10:32,
4038120,DRV603PWR,PW,14,4590,1,4038120,7100,1,0,0,0,,11/05/09/ 10:32:56,
4038704,QDAC8728SPAG7,PAG,64,1169,500000,4038704,7101,1,4.5,0.5,5.4,,11/05/09/ 10:32,
4038709,QDAC7728SPAG7,PAG,64,1283,2140000,4038709,7101,1,10.8,3.4,5.4,,11/05/09/ 10:32,
4039912,TPA3124D2PWPR,PWP,24,5760,1,4039912,7100,1,0,0,0,,11/05/09/ 10:32:56,
4039917,TPA3124D2PWPR,PWP,24,5760,1,4039917,7100,1,0,0,0,,11/05/09/ 10:32:56,
4039919,TPA3124D2PWPR,PWP,24,5760,1,4039919,7100,1,0,0,0,,11/05/09/ 10:32:56,
4039923,TPA3124D2PWPR,PWP,24,5760,1,4039923,7100,1,0,0,0,,11/05/09/ 10:32:56,
4039925,TPA3124D2PWPR,PWP,24,5759,1,4039925,7100,1,0,0,0,,11/05/09/ 10:32:56,
4039930,TPA3124D2PWPR,PWP,24,2841,1,4039930,7100,1,0,0,0,,11/05/09/ 10:32:56,
4039939,XPS65160APWPR,PWP,28,5759,1651600,4039939,7100,1,17.9,0.7,5.2,,11/05/09/ 10:32,
4039945,XPS65160APWPR,PWP,28,3997,1651600,4039945,7100,1,17.9,0.8,5.2,,11/05/09/ 10:32,
4039946,XPS65160APWPR,PWP,28,1584,1651600,4039946,7100,1,17.9,0.4,5.2,,11/05/09/ 10:32,
4039950,XPS65160APWPR,PWP,28,5760,1651600,4039950,7100,1,17.9,2.8,5.2,,11/05/09/ 10:32,
4039952,XPS65160APWPR,PWP,28,5758,1651600,4039952,7100,1,17.9,2.7,5.2,,11/05/09/ 10:32,
4039953,XPS65160APWPR,PWP,28,5760,1651600,4039953,7100,1,17.9,2.7,5.2,,11/05/09/ 10:32,
4039954,XPS65160APWPR,PWP,28,5730,1651600,4039954,7100,1,17.9,1.4,5.2,,11/05/09/ 10:32,
4039955,XPS65160APWPR,PWP,28,5759,1651600,4039955,7100,1,17.9,2.3,5.2,,11/05/09/ 10:32,
4039956,XPS65160APWPR,PWP,28,5760,1651600,4039956,7100,1,17.9,2.2,5.2,,11/05/09/ 10:32,
4039958,XPS65160APWPR,PWP,28,5616,1651600,4039958,7100,1,17.9,0.3,5.2,,11/05/09/ 10:32,
4039959,XPS65160APWPR,PWP,28,5760,1651600,4039959,7100,1,17.9,1.8,5.2,,11/05/09/ 10:32,
4039960,XPS65160APWPR,PWP,28,5760,1651600,4039960,7100,1,17.9,2.4,5.2,,11/05/09/ 10:32,
4039961,XPS65160APWPR,PWP,28,5760,1651600,4039961,7100,1,17.9,2.3,5.2,,11/05/09/ 10:32,
4039962,XPS65160APWPR,PWP,28,5719,1651600,4039962,7100,1,17.9,2.5,5.2,,11/05/09/ 10:32,
4039963,XPS65160APWPR,PWP,28,5328,1651600,4039963,7100,1,17.9,1.3,5.2,,11/05/09/ 10:32,
4040049,TPS65856ZQZR,ZQZ,120,1057,633900,4040049,7100,1,17.6,2.1,5.2,,11/05/09/ 10:32,
4040050,TPS65856ZQZR,ZQZ,120,5754,1,4040050,7100,1,0,0,0,,11/05/09/ 10:32:56,
4040051,TPS65856ZQZR,ZQZ,120,5756,633900,4040051,7100,1,17.6,1.1,5.2,,11/05/09/ 10:32,
4040052,TPS65856ZQZR,ZQZ,120,5754,633900,4040052,7100,1,17.6,0.1,5.2,,11/05/09/ 10:32,
4040053,TPS65856ZQZR,ZQZ,120,5754,1,4040053,7100,1,0,0,0,,11/05/09/ 10:32:56,
4040054,TPS65856ZQZR,ZQZ,120,5741,1,4040054,7100,1,0,0,0,,11/05/09/ 10:32:56,
4040055,TPS65856ZQZR,ZQZ,120,1908,633900,4040055,7100,1,17.6,2.1,5.2,,11/05/09/ 10:32,
4040056,TPS65856ZQZR,ZQZ,120,5754,1,4040056,7100,1,0,0,0,,11/05/09/ 10:32:56,
4040057,TPS65856ZQZR,ZQZ,120,5744,633900,4040057,7100,1,17.6,1.1,5.2,,11/05/09/ 10:32,
4040058,TPS65856ZQZR,ZQZ,120,5756,1,4040058,7100,1,0,0,0,,11/05/09/ 10:32:56,
4040059,TPS65856ZQZR,ZQZ,120,5756,633900,4040059,7100,1,17.6,0.7,5.2,,11/05/09/ 10:32,
4040060,TPS65856ZQZR,ZQZ,120,5728,1,4040060,7100,1,0,0,0,,11/05/09/ 10:32:56,
4040061,TPS65856ZQZR,ZQZ,120,2163,1,4040061,7100,1,0,0,0,,11/05/09/ 10:32:56,
4040062,TPS65856ZQZR,ZQZ,120,5757,1,4040062,7100,1,0,0,0,,11/05/09/ 10:32:56,
4040063,TPS65856ZQZR,ZQZ,120,5756,1,4040063,7100,1,0,0,0,,11/05/09/ 10:32:56,
4040064,TPS65856ZQZR,ZQZ,120,5760,1,4040064,7100,1,0,0,0,,11/05/09/ 10:32:56,
4040065,TPS65856ZQZR,ZQZ,120,5758,1,4040065,7100,1,0,0,0,,11/05/09/ 10:32:56,
4040066,TPS65856ZQZR,ZQZ,120,5470,1,4040066,7100,1,0,0,0,,11/05/09/ 10:32:56,
4040067,TPS65856ZQZR,ZQZ,120,542,1,4040067,7100,1,0,0,0,,11/05/09/ 10:32:56,
4040068,TPS65856ZQZR,ZQZ,120,5731,1,4040068,7100,1,0,0,0,,11/05/09/ 10:32:56,
4040069,TPS65856ZQZR,ZQZ,120,5757,1,4040069,7100,1,0,0,0,,11/05/09/ 10:32:56,
4040070,TPS65856ZQZR,ZQZ,120,5759,1,4040070,7100,1,0,0,0,,11/05/09/ 10:32:56,
4040071,TPS65856ZQZR,ZQZ,120,5760,1,4040071,7100,1,0,0,0,,11/05/09/ 10:32:56,
4040072,TPS65856ZQZR,ZQZ,120,5754,633900,4040072,7100,1,17.6,1,5.2,,11/05/09/ 10:32,
4040073,TPS65856ZQZR,ZQZ,120,1553,1,4040073,7100,1,0,0,0,,11/05/09/ 10:32:56,
4040239,DRV603PWR,PW,14,8640,207900,4040239,7100,1,14.3,2.4,5.2,,11/05/09/ 10:32,
4040240,DRV603PWR,PW,14,8640,207900,4040240,7100,1,14.3,1.9,5.2,,11/05/09/ 10:32,
4040242,DRV603PWR,PW,14,8640,207900,4040242,7100,1,14.3,1.5,5.2,,11/05/09/ 10:32,
4040245,DRV603PWR,PW,14,8640,1,4040245,7100,1,0,0,0,,11/05/09/ 10:32:56,
4040246,DRV603PWR,PW,14,8586,1,4040246,7100,1,0,0,0,,11/05/09/ 10:32:56,
4040247,DRV603PWR,PW,14,8640,1,4040247,7100,1,0,0,0,,11/05/09/ 10:32:56,
4040248,DRV603PWR,PW,14,8640,1,4040248,7100,1,0,0,0,,11/05/09/ 10:32:56,
4040250,DRV603PWR,PW,14,8640,1,4040250,7100,1,0,0,0,,11/05/09/ 10:32:56,
4040251,DRV603PWR,PW,14,8640,1,4040251,7100,1,0,0,0,,11/05/09/ 10:32:56,
4040252,DRV603PWR,PW,14,8640,1,4040252,7100,1,0,0,0,,11/05/09/ 10:32:56,
4040253,DRV603PWR,PW,14,8640,1,4040253,7100,1,0,0,0,,11/05/09/ 10:32:56,
4040255,DRV603PWR,PW,14,8640,207900,4040255,7100,1,14.3,1.3,5.2,,11/05/09/ 10:32,
4041065,DRV603PWR,PW,14,8640,1,4041065,7100,1,0,0,0,,11/05/09/ 10:32:56,
4041066,DRV603PWR,PW,14,8640,1,4041066,7100,1,0,0,0,,11/05/09/ 10:32:56,
4041068,DRV603PWR,PW,14,8586,1,4041068,7100,1,0,0,0,,11/05/09/ 10:32:56,
4041069,DRV603PWR,PW,14,8640,1,4041069,7100,1,0,0,0,,11/05/09/ 10:32:56,
4041072,DRV603PWR,PW,14,8586,1,4041072,7100,1,0,0,0,,11/05/09/ 10:32:56,
4041073,DRV603PWR,PW,14,8640,1,4041073,7100,1,0,0,0,,11/05/09/ 10:32:56,
4041074,DRV603PWR,PW,14,8640,198600,4041074,7100,1,14.3,0.3,4.9,,11/05/09/ 10:32,
4041075,DRV603PWR,PW,14,8640,1,4041075,7100,1,0,0,0,,11/05/09/ 10:32:56,
4041076,DRV603PWR,PW,14,4320,198600,4041076,7100,1,14.3,0.5,4.9,,11/05/09/ 10:32,
4041468,TPA3121D2PWPR,PWP,24,5760,1,4041468,7100,1,0,0,0,,11/05/09/ 10:32:56,
4041469,TPA3121D2PWPR,PWP,24,5753,35200,4041469,7100,1,16.3,0.3,4.9,,11/05/09/ 10:32,
4041475,TPA3121D2PWPR,PWP,24,5760,35200,4041475,7100,1,16.3,0.4,4.9,,11/05/09/ 10:32,
4041477,TPA3121D2PWPR,PWP,24,5757,35200,4041477,7100,1,16.3,0.3,4.9,,11/05/09/ 10:32,
4041478,TPA3121D2PWPR,PWP,24,3060,1,4041478,7100,1,0,0,0,,11/05/09/ 10:32:56,
4041479,TPA3121D2PWPR,PWP,24,5760,35200,4041479,7100,1,16.3,0.3,4.9,,11/05/09/ 10:32,
4041480,TPA3121D2PWPR,PWP,24,5760,35200,4041480,7100,1,16.3,0.3,4.9,,11/05/09/ 10:32,
4041483,TPA3121D2PWPR,PWP,24,4319,1,4041483,7100,1,0,0,0,,11/05/09/ 10:32:56,
4043124,XPS54310PWPR,PWP,20,8316,1,4043124,7100,1,0,0,0,,11/05/09/ 10:32:56,
4043165,TPS40056PWPR,PWP,16,8640,1,4043165,7100,1,0,0,0,,11/05/09/ 10:32:56,
4043166,TPS40056PWPR,PWP,16,8640,35500,4043166,7100,1,16.9,0.4,4.5,,11/05/09/ 10:32,
4043167,TPS40056PWPR,PWP,16,6588,1,4043167,7100,1,0,0,0,,11/05/09/ 10:32:56,
4043217,TPS54610PWPR,PWP,28,5760,353000,4043217,7100,1,16.5,0.2,4.5,,11/05/09/ 10:32,
4043230,TPS54610PWPR,PWP,28,5760,353000,4043230,7100,1,16.5,0.5,4.5,,11/05/09/ 10:32,
4043233,TPS54610PWPR,PWP,28,5757,353000,4043233,7100,1,16.5,0.2,4.5,,11/05/09/ 10:32,
4044269,TPS2377DR,D,8,8000,29000,4044269,7100,1,12.6,1.4,4.2,,11/05/09/ 10:32,
4044270,TPS2377DR,D,8,6300,29000,4044270,7100,1,12.6,1.4,4.2,,11/05/09/ 10:32,
4045083,TPS40021PWPR,PWP,16,8640,1,4045083,7100,1,0,0,0,,11/05/09/ 10:32:56,
4045084,TPS40021PWPR,PWP,16,8640,1,4045084,7100,1,0,0,0,,11/05/09/ 10:32:56,
4045093,SN0806054PWPR,PWP,16,8640,6100,4045093,7100,1,16.6,1.9,4.1,,11/05/09/ 10:32,
4045094,SN0806054PWPR,PWP,16,8640,6100,4045094,7100,1,16.6,1.9,4.1,,11/05/09/ 10:32,
4045095,SN0806054PWPR,PWP,16,8640,6100,4045095,7100,1,16.6,2,4.1,,11/05/09/ 10:32,
4045096,SN0806054PWPR,PWP,16,6048,1,4045096,7100,1,0,0,0,,11/05/09/ 10:32:56,
4045098,XN0405001PWPR,PWP,16,8640,1,4045098,7100,1,0,0,0,,11/05/09/ 10:32:56,
4045099,XN0405001PWPR,PWP,16,8640,1,4045099,7100,1,0,0,0,,11/05/09/ 10:32:56,
4045100,XN0405001PWPR,PWP,16,8640,1,4045100,7100,1,0,0,0,,11/05/09/ 10:32:56,
4045101,XN0405001PWPR,PWP,16,6372,1,4045101,7100,1,0,0,0,,11/05/09/ 10:32:56,
4045102,XPS40055PWPR,PWP,16,8637,995200,4045102,7100,1,15.6,0.7,4.1,,11/05/09/ 10:32,
4045104,XPS40055PWPR,PWP,16,5886,1,4045104,7100,1,0,0,0,,11/05/09/ 10:32:56,
4045112,XPS54672PWPR,PWP,28,5740,1794500,4045112,7100,1,12.4,0.7,4.1,,11/05/09/ 10:32,
4045113,XPS54672PWPR,PWP,28,5748,99100,4045113,7100,1,12.4,1.7,4.1,,11/05/09/ 10:32,
4045114,XPS54672PWPR,PWP,28,5040,99100,4045114,7100,1,12.4,1.3,4.1,,11/05/09/ 10:32,
4045116,XPS54672PWPR,PWP,28,5183,99100,4045116,7100,1,12.4,0.9,4.1,,11/05/09/ 10:32,
4045287,TPS65856ZQZR,ZQZ,120,5749,539800,4045287,7100,1,17.6,1.1,4,,11/05/09/ 10:32,
4045288,TPS65856ZQZR,ZQZ,120,5757,1,4045288,7100,1,0,0,0,,11/05/09/ 10:32:56,
4045289,TPS65856ZQZR,ZQZ,120,5737,539800,4045289,7100,1,17.6,1.1,4,,11/05/09/ 10:32,
4045290,TPS65856ZQZR,ZQZ,120,5757,1,4045290,7100,1,0,0,0,,11/05/09/ 10:32:56,
4045291,TPS65856ZQZR,ZQZ,120,5757,1,4045291,7100,1,0,0,0,,11/05/09/ 10:32:56,
4045292,TPS65856ZQZR,ZQZ,120,1751,539800,4045292,7100,1,17.6,0.4,4,,11/05/09/ 10:32,
4045293,TPS65856ZQZR,ZQZ,120,5756,1,4045293,7100,1,0,0,0,,11/05/09/ 10:32:56,
4045294,TPS65856ZQZR,ZQZ,120,5754,1,4045294,7100,1,0,0,0,,11/05/09/ 10:32:56,
4045295,TPS65856ZQZR,ZQZ,120,5749,1,4045295,7100,1,0,0,0,,11/05/09/ 10:32:56,
4045296,TPS65856ZQZR,ZQZ,120,5748,1,4045296,7100,1,0,0,0,,11/05/09/ 10:32:56,
4045297,TPS65856ZQZR,ZQZ,120,5757,1,4045297,7100,1,0,0,0,,11/05/09/ 10:32:56,
4045298,TPS65856ZQZR,ZQZ,120,1303,539800,4045298,7100,1,17.6,0.1,4,,11/05/09/ 10:32,
4045299,TPS65856ZQZR,ZQZ,120,5758,1,4045299,7100,1,0,0,0,,11/05/09/ 10:32:56,
4045300,TPS65856ZQZR,ZQZ,120,5759,1,4045300,7100,1,0,0,0,,11/05/09/ 10:32:56,
4045301,TPS65856ZQZR,ZQZ,120,5758,1,4045301,7100,1,0,0,0,,11/05/09/ 10:32:56,
4045303,TPS65856ZQZR,ZQZ,120,5754,1,4045303,7100,1,0,0,0,,11/05/09/ 10:32:56,
4045304,TPS65856ZQZR,ZQZ,120,1907,539800,4045304,7100,1,17.6,0.4,4,,11/05/09/ 10:32,
4045305,TPS65856ZQZR,ZQZ,120,5747,1,4045305,7100,1,0,0,0,,11/05/09/ 10:32:56,
4045307,TPS65856ZQZR,ZQZ,120,5756,1,4045307,7100,1,0,0,0,,11/05/09/ 10:32:56,
4045308,TPS65856ZQZR,ZQZ,120,5759,1,4045308,7100,1,0,0,0,,11/05/09/ 10:32:56,
4045310,TPS65856ZQZR,ZQZ,120,1311,539800,4045310,7100,1,17.6,1.1,4,,11/05/09/ 10:32,
4045311,TPS65856ZQZR,ZQZ,120,5753,1,4045311,7100,1,0,0,0,,11/05/09/ 10:32:56,
4045312,TPS65856ZQZR,ZQZ,120,5753,1,4045312,7100,1,0,0,0,,11/05/09/ 10:32:56,
4045313,TPS65856ZQZR,ZQZ,120,3330,1,4045313,7100,1,0,0,0,,11/05/09/ 10:32:56,
4047432,1UCC27424DGNR,DGN,8,14305,29300,4047432,7100,1,7.3,3.5,3.6,,11/05/09/ 10:32,
4047433,1UCC27424DGNR,DGN,8,14384,29300,4047433,7100,1,7.3,3.5,3.6,,11/05/09/ 10:32,
4047434,1UCC27424DGNR,DGN,8,14381,29300,4047434,7100,1,7.3,3.5,3.6,,11/05/09/ 10:32,
4047435,1UCC27424DGNR,DGN,8,14387,29300,4047435,7100,1,7.3,3.5,3.6,,11/05/09/ 10:32,
4047446,1UCC37325DGNR,DGN,8,13100,29200,4047446,7100,1,7.3,3.5,3.6,,11/05/09/ 10:32,
4050045,TPS65851ZQZR,ZQZ,120,5754,1,4050045,7100,1,0,0,0,,11/05/09/ 10:32:56,
4051017,1TPA2005D1DGNR,DGN,8,14384,24300,4051017,7100,1,7.3,2.5,2.6,,11/05/09/ 10:32,
4051018,1TPA2005D1DGNR,DGN,8,14382,24300,4051018,7100,1,7.3,2.5,2.6,,11/05/09/ 10:32,
4051019,1TPS61012DGSR,DGS,10,14324,5000,4051019,7100,1,7.2,2.5,2.6,,11/05/09/ 10:32,
4051021,1TPS61012DGSR,DGS,10,14393,5000,4051021,7100,1,7.2,2.5,2.6,,11/05/09/ 10:32,
4051022,1TPS61012DGSR,DGS,10,4047,1686500,4051022,7100,1,7.2,2.5,2.6,,11/05/09/ 10:32,
4052853,DRV603PWR,PW,14,8640,1,4052853,7100,1,0,0,0,,11/05/09/ 10:32:56,
4052855,DRV603PWR,PW,14,8640,1,4052855,7100,1,0,0,0,,11/05/09/ 10:32:56,
4052870,TPS65856ZQZR,ZQZ,120,5756,1,4052870,7100,1,0,0,0,,11/05/09/ 10:32:56,
4054798,XPS54310PWPR,PWP,20,8640,1,4054798,7100,1,0,0,0,,11/05/09/ 10:32:56,
4055795,1TPS51100DGQR,DGQ,10,14371,1415200,4055795,7100,1,7.2,1.6,1.6,,11/05/09/ 10:32,
4055799,1TPS61012DGSR,DGS,10,14399,1337800,4055799,7100,1,7.2,1.6,1.6,,11/05/09/ 10:32,
4055800,1TPS61012DGSR,DGS,10,14398,1337800,4055800,7100,1,7.2,1.6,1.6,,11/05/09/ 10:32,
4055801,1TPS61012DGSR,DGS,10,14399,1337800,4055801,7100,1,7.2,1.6,1.6,,11/05/09/ 10:32,
4055802,1TPS61012DGSR,DGS,10,14396,1337800,4055802,7100,1,7.2,1.6,1.6,,11/05/09/ 10:32,
4055803,1TPS61012DGSR,DGS,10,14397,1337800,4055803,7100,1,7.2,1.6,1.6,,11/05/09/ 10:32,
4055821,1TPS61012DGSR,DGS,10,14390,1337800,4055821,7100,1,7.2,1.6,1.6,,11/05/09/ 10:32,
4055835,1TPS61012DGSR,DGS,10,14392,1337800,4055835,7100,1,7.2,1.6,1.6,,11/05/09/ 10:32,
4059733,1TPS51100DGQR,DGQ,10,6010,1033000,4059733,7100,1,7.2,0.6,0.6,,11/05/09/ 10:32,
4059734,1TPS51100DGQR,DGQ,10,14390,1033000,4059734,7100,1,7.2,0.6,0.6,,11/05/09/ 10:32,
4059735,1TPS51100DGQR,DGQ,10,14385,1033000,4059735,7100,1,7.2,0.6,0.6,,11/05/09/ 10:32,
4059736,1TPS51100DGQR,DGQ,10,14382,1033000,4059736,7100,1,7.2,0.6,0.6,,11/05/09/ 10:32,
4059737,1TPS51100DGQR,DGQ,10,14372,1033000,4059737,7100,1,7.2,0.6,0.6,,11/05/09/ 10:32,
4059738,1TPS51100DGQR,DGQ,10,14380,1033000,4059738,7100,1,7.2,0.6,0.6,,11/05/09/ 10:32,
4059739,1TPS51100DGQR,DGQ,10,14387,1033000,4059739,7100,1,7.2,0.6,0.6,,11/05/09/ 10:32,
4059743,1TPS61012DGSR,DGS,10,14391,978500,4059743,7100,1,7.2,0.6,0.6,,11/05/09/ 10:32,
4059744,1TPS61012DGSR,DGS,10,14397,978500,4059744,7100,1,7.2,0.6,0.6,,11/05/09/ 10:32,
4059748,1UCC27424DGNR,DGN,8,2793,14500,4059748,7100,1,7.3,0.6,0.6,,11/05/09/ 10:32,
4059750,1UCC27424DGNR,DGN,8,7893,14500,4059750,7100,1,7.3,0.6,0.6,,11/05/09/ 10:32,
4059758,1UCC27424DGNR,DGN,8,2847,14500,4059758,7100,1,7.3,0.6,0.6,,11/05/09/ 10:32,
4059759,1UCC27424DGNR,DGN,8,6541,14500,4059759,7100,1,7.3,0.6,0.6,,11/05/09/ 10:32,
4059760,1UCC27424DGNR,DGN,8,4824,14500,4059760,7100,1,7.3,0.6,0.6,,11/05/09/ 10:32,
4059847,1UCC27424DGNR,DGN,8,14380,14500,4059847,7100,1,7.3,0.6,0.6,,11/05/09/ 10:32,
4059852,1TPS62040DGQR,DGQ,10,14361,989400,4059852,7100,1,7.1,0.6,0.6,,11/05/09/ 10:32,
4059855,1TPS62040DGQR,DGQ,10,14388,989400,4059855,7100,1,7.1,0.6,0.6,,11/05/09/ 10:32,
4059856,1TPS62040DGQR,DGQ,10,13693,989400,4059856,7100,1,7.1,0.6,0.6,,11/05/09/ 10:32,
9629532,G610QPWPRG4Q1,PWP,28,936,5000,9629532,7100,1,24.9,94.6,101.3,,11/05/09/ 10:32,
9758627,SWRPS54283PWPR,PWP,14,2896,5000,9758627,7110,1,0.9,67.7,69.8,,11/05/09/ 10:32,
9785655,TPS2363PFBR,PFB,48,8637,5000,9785655,7100,1,24.1,57.9,63.4,,11/05/09/ 10:32,
9785656,TPS2363PFBR,PFB,48,3666,5000,9785656,7100,1,24.1,54.6,63.4,,11/05/09/ 10:32,
9796682,BQ2005STR,DW,20,3110,292600,9796682,7110,1,16.4,12.5,60.9,,11/05/09/ 10:32,
9796683,BQ2005STR,DW,20,3166,292600,9796683,7110,1,16.4,12.5,60.9,,11/05/09/ 10:32,
9796684,BQ2005STR,DW,20,2032,292600,9796684,7110,1,16.4,12.5,60.9,,11/05/09/ 10:32,
9844324,TPS2363PFB,PFB,48,6039,5000,9844324,7100,1,25,42.4,49.9,,11/05/09/ 10:32,
9851271,ADS-7862YB/2K,PBS,32,1592,5000,9851271,7100,1,32.5,41.4,48.3,,11/05/09/ 10:32,
9884390,ADS-7862YB/2K,PBS,32,1187,5000,9884390,7100,1,22.4,32.6,40.8,,11/05/09/ 10:32,
9895622,TPS2363PFBR,PFB,48,6005,5000,9895622,7100,1,21.8,32.3,38.4,,11/05/09/ 10:32,
9900857,XPS54386PWPR,PWP,14,8640,5000,9900857,7100,1,20,13.3,37.2,,11/05/09/ 10:32,
9900863,XPS54386PWPR,PWP,14,6480,185100,9900863,7100,1,20,13.6,37.2,,11/05/09/ 10:32,
9901949,XPS54386PWPR,PWP,14,5400,183800,9901949,7100,1,20,11.8,36.9,,11/05/09/ 10:32,
9910089,XPS65161PWPR,PWP,28,5760,1,9910089,7100,1,0,0,0,,11/05/09/ 10:32:56,
9911008,XPS54286PWPR,PWP,14,4536,4304400,9911008,7100,1,14.5,13,34.9,,11/05/09/ 10:32,
9911014,XPS54286PWPR,PWP,14,6371,4304400,9911014,7100,1,14.5,19.5,34.9,,11/05/09/ 10:32,
9913660,TPS2363PFBR,PFB,48,5951,5000,9913660,7100,1,28.4,25.6,34.2,,11/05/09/ 10:32,
9917358,G610QPWPRG4Q1,PWP,28,4127,19979300,9917358,7102,1,23.2,4,33.4,,11/05/09/ 10:32,
9917522,ADS-7862YB/2K,PBS,32,1906,5000,9917522,7100,1,36.3,25.6,33.4,,11/05/09/ 10:32,
9921411,XPS54286PWPR,PWP,14,8535,5000,9921411,7110,1,14.5,0.4,32.6,,11/05/09/ 10:32,
9921414,XPS54286PWPR,PWP,14,1106,3903600,9921414,7100,1,14.5,26.3,32.6,,11/05/09/ 10:32,
9923471,XPS54286PWPR,PWP,14,8640,3835400,9923471,7100,1,14.5,22.3,32.2,,11/05/09/ 10:32,
9923472,XPS54286PWPR,PWP,14,8640,3835400,9923472,7100,1,14.5,19.4,32.2,,11/05/09/ 10:32,
9923473,XPS54286PWPR,PWP,14,8640,3835400,9923473,7100,1,14.5,12.1,32.2,,11/05/09/ 10:32,
9923474,XPS54286PWPR,PWP,14,8640,3835400,9923474,7100,1,14.5,21.6,32.2,,11/05/09/ 10:32,
9923475,XPS54286PWPR,PWP,14,8640,3835400,9923475,7100,1,14.5,19.1,32.2,,11/05/09/ 10:32,
9923476,XPS54286PWPR,PWP,14,8640,3835400,9923476,7100,1,14.5,18.6,32.2,,11/05/09/ 10:32,
9923477,XPS54286PWPR,PWP,14,8592,3835400,9923477,7100,1,14.5,21.9,32.2,,11/05/09/ 10:32,
9923478,XPS54286PWPR,PWP,14,8640,3835400,9923478,7100,1,14.5,21.3,32.2,,11/05/09/ 10:32,
9923479,XPS54286PWPR,PWP,14,8640,3835400,9923479,7100,1,14.5,12.3,32.2,,11/05/09/ 10:32,
9923480,XPS54286PWPR,PWP,14,8640,3835400,9923480,7100,1,14.5,18,32.2,,11/05/09/ 10:32,
9923481,XPS54286PWPR,PWP,14,8640,3835400,9923481,7100,1,14.5,12.8,32.2,,11/05/09/ 10:32,
9923482,XPS54286PWPR,PWP,14,8584,3835400,9923482,7100,1,14.5,21.6,32.2,,11/05/09/ 10:32,
9923483,XPS54286PWPR,PWP,14,2160,3835400,9923483,7100,1,14.5,14.9,32.2,,11/05/09/ 10:32,
9925942,SN0806054PWPR,PWP,16,6804,34900,9925942,7100,1,17.8,4.7,31.6,,11/05/09/ 10:32,
9925975,TPS61500PWPR,PWP,14,8640,125800,9925975,7100,1,14.2,18,31.6,,11/05/09/ 10:32,
9925976,TPS61500PWPR,PWP,14,2484,125800,9925976,7100,1,14.2,8,31.6,,11/05/09/ 10:32,
9925977,XPS54286PWPR,PWP,14,8640,3731400,9925977,7100,1,14.5,13,31.6,,11/05/09/ 10:32,
9925978,XPS54286PWPR,PWP,14,8639,3731400,9925978,7100,1,14.5,13,31.6,,11/05/09/ 10:32,
9925979,XPS54286PWPR,PWP,14,8640,3731400,9925979,7100,1,14.5,12.4,31.6,,11/05/09/ 10:32,
9925980,XPS54286PWPR,PWP,14,8640,3731400,9925980,7100,1,14.5,19.3,31.6,,11/05/09/ 10:32,
9925981,XPS54286PWPR,PWP,14,8640,3731400,9925981,7100,1,14.5,18.8,31.6,,11/05/09/ 10:32,
9925982,XPS54286PWPR,PWP,14,8640,3731400,9925982,7100,1,14.5,13,31.6,,11/05/09/ 10:32,
9925983,XPS54286PWPR,PWP,14,8586,3731400,9925983,7100,1,14.5,12.4,31.6,,11/05/09/ 10:32,
9925984,XPS54286PWPR,PWP,14,8639,3731400,9925984,7100,1,14.5,13,31.6,,11/05/09/ 10:32,
9925985,XPS54286PWPR,PWP,14,4050,3731400,9925985,7100,1,14.5,11,31.6,,11/05/09/ 10:32,
9927694,ADS1230IPWR,PW,16,5724,1000,9927694,7100,1,15.8,6.4,31.2,,11/05/09/ 10:32,
9930162,2U54350MPWPREP,PWP,16,3294,200600,9930162,7100,1,23.9,1.1,30.5,,11/05/09/ 10:32,
9931206,2U54372QPWPRDN,PWP,20,3378,4000,9931206,7112,1,18.7,4.4,30.3,,11/05/09/ 10:32,
9931966,TPS23754PWPR,PWP,20,2538,151800,9931966,7100,1,13.7,3.6,30.2,,11/05/09/ 10:32,
9942749,XPS54386PWPR,PWP,14,3078,127700,9942749,7100,1,18.1,10.5,27.5,,11/05/09/ 10:32,
9944203,XCD7100PWPR,PWP,14,6102,112700,9944203,7100,1,14.5,4,27.2,,11/05/09/ 10:32,
9944206,XPS54286PWPR,PWP,14,8640,2960600,9944206,7100,1,14.3,17.6,27.2,,11/05/09/ 10:32,
9944208,XPS54286PWPR,PWP,14,8640,2960600,9944208,7100,1,14.3,16,27.2,,11/05/09/ 10:32,
9944210,XPS54286PWPR,PWP,14,8640,2960600,9944210,7100,1,14.3,15.3,27.2,,11/05/09/ 10:32,
9944212,XPS54286PWPR,PWP,14,8466,2960600,9944212,7100,1,14.3,22.1,27.2,,11/05/09/ 10:32,
9944213,XPS54286PWPR,PWP,14,8640,2960600,9944213,7100,1,14.3,17.8,27.2,,11/05/09/ 10:32,
9944214,XPS54286PWPR,PWP,14,5076,2960600,9944214,7100,1,14.3,8.8,27.2,,11/05/09/ 10:32,
9944331,ADS-7862YB/2K,PBS,32,1952,201900,9944331,7100,1,28.4,19.6,27.2,,11/05/09/ 10:32,
9947591,2U54110QPWPRQ1,PWP,20,7007,7863800,9947591,7102,1,20.6,4.7,26.5,,11/05/09/ 10:32,
9947594,2U54310QPWPRQ1,PWP,20,3591,30500,9947594,7101,1,21.3,6.1,26.5,,11/05/09/ 10:32,
9948914,DRV603PWR,PW,14,8640,1000,9948914,7100,1,11.5,17.8,26.2,,11/05/09/ 10:32,
9948919,DRV603PWR,PW,14,8640,1000,9948919,7100,1,11.5,17.1,26.2,,11/05/09/ 10:32,
9948921,DRV603PWR,PW,14,6480,1000,9948921,7100,1,11.5,17.1,26.2,,11/05/09/ 10:32,
9951527,XPS54386PWPR,PWP,14,8640,117800,9951527,7100,1,18.1,12.8,25.6,,11/05/09/ 10:32,
9951529,XPS54386PWPR,PWP,14,8640,117800,9951529,7100,1,18.1,14.3,25.6,,11/05/09/ 10:32,
9951530,XPS54386PWPR,PWP,14,8640,117800,9951530,7100,1,18.1,13.4,25.6,,11/05/09/ 10:32,
9952868,XPS54386PWPR,PWP,14,8475,114700,9952868,7121,1,18.1,2.5,25.2,,11/05/09/ 10:32,
9952888,XPS54286PWPR,PWP,14,8640,2624600,9952888,7100,1,14.3,13.6,25.2,,11/05/09/ 10:32,
9952890,XPS54286PWPR,PWP,14,6480,2624600,9952890,7100,1,14.3,13,25.2,,11/05/09/ 10:32,
9952892,XPS54286PWPR,PWP,14,3402,2624600,9952892,7100,1,14.3,13,25.2,,11/05/09/ 10:32,
9952894,XPS54286PWPR,PWP,14,8640,2624600,9952894,7100,1,14.3,12.2,25.2,,11/05/09/ 10:32,
9952896,XPS54286PWPR,PWP,14,3672,2624600,9952896,7100,1,14.3,14.4,25.2,,11/05/09/ 10:32,
9953313,XPS54310PWP,PWP,20,3834,127800,9953313,7100,1,13.9,2.1,25.2,,11/05/09/ 10:32,
9953314,TPS23754PWPR,PWP,20,2538,127200,9953314,7100,1,13.8,2.1,25.2,,11/05/09/ 10:32,
9953396,TPA032D02DCAR,DCA,48,756,141900,9953396,7100,1,18,2.2,25.2,,11/05/09/ 10:32,
9957207,TPS2363PFBR,PFB,48,5898,5000,9957207,7100,1,25.9,15.6,24.2,,11/05/09/ 10:32,
9962145,XPS54386PWPR,PWP,14,4482,10545000,9962145,7100,1,18.1,12.1,23.1,,11/05/09/ 10:32,
9962146,XPS54286PWPR,PWP,14,8586,2259600,9962146,7100,1,14.3,12.1,23.1,,11/05/09/ 10:32,
9962147,XPS54286PWPR,PWP,14,8583,2259600,9962147,7100,1,14.3,15.8,23.1,,11/05/09/ 10:32,
9962148,XPS54286PWPR,PWP,14,8640,2259600,9962148,7100,1,14.3,18.3,23.1,,11/05/09/ 10:32,
9962149,XPS54286PWPR,PWP,14,8639,2259600,9962149,7100,1,14.3,12.2,23.1,,11/05/09/ 10:32,
9962150,XPS54286PWPR,PWP,14,8634,2259600,9962150,7100,1,14.3,16,23.1,,11/05/09/ 10:32,
9962151,XPS54286PWPR,PWP,14,8640,2259600,9962151,7100,1,14.3,15.4,23.1,,11/05/09/ 10:32,
9962152,XPS54286PWPR,PWP,14,8640,2259600,9962152,7100,1,14.3,12.2,23.1,,11/05/09/ 10:32,
9962153,XPS54286PWPR,PWP,14,7344,2259600,9962153,7100,1,14.3,8.5,23.1,,11/05/09/ 10:32,
9962154,TPS54316PWP,PWP,20,1998,117400,9962154,7100,1,13.9,0.9,23.1,,11/05/09/ 10:32,
9962155,TPS54314PWPR,PWP,20,1890,117300,9962155,7100,1,13.9,0.9,23.1,,11/05/09/ 10:32,
9964472,XPS54310PWPR,PWP,20,8640,1,9964472,7100,1,0,0,0,,11/05/09/ 10:32:56,
9964475,XPS54310PWPR,PWP,20,8120,5000,9964475,7110,1,12.3,6.3,22.5,,11/05/09/ 10:32,
9964477,XPS54310PWPR,PWP,20,3347,1708000,9964477,7100,1,12.3,1,22.5,,11/05/09/ 10:32,
9964749,XPS54350PWPR,PWP,16,4234,199600,9964749,7100,1,18.1,1.1,22.5,,11/05/09/ 10:32,
9964768,TLC0838CPW,PW,20,4104,118100,9964768,7100,1,14.1,3.5,22.5,,11/05/09/ 10:32,
9964977,SWRTPA3004D2P7,PHP,48,2349,500000,9964977,7100,1,9.1,13,22.5,,11/05/09/ 10:32,
9964978,SWRTPA3004D2P7,PHP,48,1883,500000,9964978,7100,1,9.1,0.7,22.5,,11/05/09/ 10:32,
9965803,XPS54380PWPR,PWP,20,3618,125700,9965803,7100,1,15.4,2.3,22.2,,11/05/09/ 10:32,
9965805,TPS76850QPWPR,PWP,20,6912,113000,9965805,7100,1,12.5,1.5,22.2,,11/05/09/ 10:32,
9967902,XPS2384APJDR,PJD,64,5280,12222800,9967902,7100,1,23.4,10.3,21.7,,11/05/09/ 10:32,
9971606,XPS54386PWPR,PWP,14,6748,1,9971606,7100,1,0,0,0,,11/05/09/ 10:32:56,
9971607,XPS54286PWPR,PWP,14,8639,2433600,9971607,7100,1,17.5,11.4,20.9,,11/05/09/ 10:32,
9971608,XPS54286PWPR,PWP,14,8640,2433600,9971608,7100,1,17.5,11.1,20.9,,11/05/09/ 10:32,
9971609,XPS54286PWPR,PWP,14,8632,2433600,9971609,7100,1,17.5,11.8,20.9,,11/05/09/ 10:32,
9971610,XPS54286PWPR,PWP,14,8622,2433600,9971610,7100,1,17.5,13,20.9,,11/05/09/ 10:32,
9971611,XPS54286PWPR,PWP,14,8640,2433600,9971611,7100,1,17.5,12.4,20.9,,11/05/09/ 10:32,
9971612,XPS54286PWPR,PWP,14,8640,2433600,9971612,7100,1,17.5,13.1,20.9,,11/05/09/ 10:32,
9971613,XPS54286PWPR,PWP,14,8640,2433600,9971613,7100,1,17.5,14.3,20.9,,11/05/09/ 10:32,
9971614,XPS54286PWPR,PWP,14,7506,2433600,9971614,7100,1,17.5,8.5,20.9,,11/05/09/ 10:32,
9972905,TRF7903PWR,PW,20,3726,41500,9972905,7100,1,13.2,0.4,20.6,,11/05/09/ 10:32,
9972962,XPS54672PWPR,PWP,28,2015,324600,9972962,7100,1,11.1,0.5,20.6,,11/05/09/ 10:32,
9974433,ADS-8323YB/2K,PBS,32,2504,151400,9974433,7100,1,25.3,15.3,20.2,,11/05/09/ 10:32,
9974576,XPS40053PWPR,PWP,16,2592,1,9974576,7100,1,0,0,0,,11/05/09/ 10:32:56,
9974577,XPS40050PWPR,PWP,16,2862,1,9974577,7100,1,0,0,0,,11/05/09/ 10:32:56,
9974587,TPS40060PWP,PWP,16,2700,1,9974587,7100,1,0,0,0,,11/05/09/ 10:32:56,
9974598,XPS54380PWPR,PWP,20,1944,1,9974598,7100,1,0,0,0,,11/05/09/ 10:32:56,
9975725,TPS2363PFBR,PFB,48,8483,5000,9975725,7100,1,22.7,13.9,19.8,,11/05/09/ 10:32,
9976467,TPA3004D2PHPR,PHP,48,8286,5000,9976467,7100,1,18.8,10.6,19.6,,11/05/09/ 10:32,
9976469,TPA3004D2PHPR,PHP,48,8639,114700,9976469,7100,1,18.8,10.9,19.6,,11/05/09/ 10:32,
9976470,TPA3004D2PHPR,PHP,48,5924,114700,9976470,7100,1,18.8,10.3,19.6,,11/05/09/ 10:32,
9977058,DRV603PWR,PW,14,8640,1,9977058,7100,1,0,0,0,,11/05/09/ 10:32:56,
9977060,DRV603PWR,PW,14,8640,1,9977060,7100,1,0,0,0,,11/05/09/ 10:32:56,
9977061,DRV603PWR,PW,14,8640,1,9977061,7100,1,0,0,0,,11/05/09/ 10:32:56,
9978454,DRV603PWR,PW,14,2268,725800,9978454,7100,1,12.5,0.2,19.2,,11/05/09/ 10:32,
9981350,DRV603PWR,PW,14,8640,1000,9981350,7100,1,12.5,12.4,18.6,,11/05/09/ 10:32,
9981351,DRV603PWR,PW,14,6318,1000,9981351,7100,1,12.5,12.8,18.6,,11/05/09/ 10:32,
9981525,XPS65161PWPR,PWP,28,5757,5000,9981525,7100,1,17.3,14.7,18.5,,11/05/09/ 10:32,
9981526,XPS65161PWPR,PWP,28,5759,5000,9981526,7100,1,17.3,14.4,18.5,,11/05/09/ 10:32,
9981527,XPS65161PWPR,PWP,28,4176,5000,9981527,7100,1,17.3,14.5,18.5,,11/05/09/ 10:32,
9981591,SN0806054PWPR,PWP,16,8616,20100,9981591,7121,1,16.2,1.8,18.5,,11/05/09/ 10:32,
9981599,SN0806054PWPR,PWP,16,3506,1,9981599,7100,1,0,0,0,,11/05/09/ 10:32:56,
9981603,TPS40071PWP,PWP,16,3078,1,9981603,7100,1,0,0,0,,11/05/09/ 10:32:56,
9981608,XPS54350PWPR,PWP,16,3348,1,9981608,7100,1,0,0,0,,11/05/09/ 10:32:56,
9981675,THS7303PWR,PW,20,8640,1000,9981675,7100,1,18.2,3.8,18.5,,11/05/09/ 10:32,
9981676,THS7303PWR,PW,20,6060,22000,9981676,7100,1,18.2,4.1,18.5,,11/05/09/ 10:32,
9981679,THS7303PW,PW,20,3348,1,9981679,7100,1,0,0,0,,11/05/09/ 10:32:56,
9981697,XPS54310PWPR,PWP,20,3564,1,9981697,7100,1,0,0,0,,11/05/09/ 10:32:56,
9981704,XPS54310PWPR,PWP,20,3402,1,9981704,7100,1,0,0,0,,11/05/09/ 10:32:56,
9982123,XPS2384APJDR,PJD,64,4096,130600,9982123,7100,1,24.8,8.7,18.4,,11/05/09/ 10:32,
9982125,XPS2384APJDR,PJD,64,5676,130600,9982125,7110,1,24.8,8.6,18.4,,11/05/09/ 10:32,
9982126,XPS2384APJDR,PJD,64,5760,130600,9982126,7100,1,24.8,10,18.4,,11/05/09/ 10:32,
9982127,XPS2384APJDR,PJD,64,409,11381800,9982127,7100,1,24.8,9.8,18.4,,11/05/09/ 10:32,
9982128,XPS2384APJDR,PJD,64,5759,11381800,9982128,7100,1,24.8,9.8,18.4,,11/05/09/ 10:32,
9982129,XPS2384APJDR,PJD,64,5734,130600,9982129,7100,1,24.8,10.6,18.4,,11/05/09/ 10:32,
9982130,XPS2384APJDR,PJD,64,4946,130600,9982130,7100,1,24.8,8.4,18.4,,11/05/09/ 10:32,
9982992,XPS40053PWPR,PWP,16,2592,1,9982992,7100,1,0,0,0,,11/05/09/ 10:32:56,
9982998,XN0405001PWPR,PWP,16,4212,1,9982998,7100,1,0,0,0,,11/05/09/ 10:32:56,
9983035,XPS54672PWPR,PWP,28,5760,5252200,9983035,7100,1,11.1,0.3,18.2,,11/05/09/ 10:32,
9983042,XPS54672PWPR,PWP,28,5759,5252200,9983042,7100,1,11.1,0.7,18.2,,11/05/09/ 10:32,
9984325,DAC813AU,DW,28,240,123500,9984325,7100,1,16.9,15.6,17.9,,11/05/09/ 10:32,
9984437,XPS54310PWPR,PWP,20,3780,1,9984437,7100,1,0,0,0,,11/05/09/ 10:32:56,
9984599,XPS54386PWPR,PWP,14,6038,70800,9984599,7100,1,16.5,3,17.9,,11/05/09/ 10:32,
9984601,XPS54386PWPR,PWP,14,8604,70800,9984601,7100,1,16.5,7.8,17.9,,11/05/09/ 10:32,
9984603,XPS54386PWPR,PWP,14,8584,70800,9984603,7100,1,16.5,11.5,17.9,,11/05/09/ 10:32,
9984605,XPS54386PWP,PWP,14,6102,68200,9984605,7100,1,16.4,3.1,17.9,,11/05/09/ 10:32,
9985545,XPS54383PWP,PWP,14,6210,66800,9985545,7100,1,16.4,11.8,17.6,,11/05/09/ 10:32,
9985547,XPS54286PWP,PWP,14,8640,73700,9985547,7100,1,16.4,8.3,17.6,,11/05/09/ 10:32,
9985548,XPS54286PWP,PWP,14,8639,73700,9985548,7100,1,16.4,8.1,17.6,,11/05/09/ 10:32,
9985549,XPS54286PWP,PWP,14,8640,73700,9985549,7100,1,16.4,8.3,17.6,,11/05/09/ 10:32,
9985550,XPS54286PWP,PWP,14,8640,73700,9985550,7100,1,16.4,8,17.6,,11/05/09/ 10:32,
9985551,XPS54286PWP,PWP,14,2376,73700,9985551,7100,1,16.4,9,17.6,,11/05/09/ 10:32,
9985552,XPS54286PWPR,PWP,14,8640,1867400,9985552,7100,1,17.5,13,17.6,,11/05/09/ 10:32,
9985553,XPS54286PWPR,PWP,14,8639,1867400,9985553,7100,1,17.5,9.3,17.6,,11/05/09/ 10:32,
9985554,XPS54286PWPR,PWP,14,7344,1867400,9985554,7100,1,17.5,8.6,17.6,,11/05/09/ 10:32,
9985712,TPS54314PWPR,PWP,20,3887,1,9985712,7100,1,0,0,0,,11/05/09/ 10:32:56,
9985716,TPS23754PWPR,PWP,20,5076,1,9985716,7100,1,0,0,0,,11/05/09/ 10:32:56,
9985718,XPS54310PWPR,PWP,20,4055,1,9985718,7100,1,0,0,0,,11/05/09/ 10:32:56,
9985725,XPS54310PWPR,PWP,20,3780,1,9985725,7100,1,0,0,0,,11/05/09/ 10:32:56,
9986824,2U54110QPWPRQ1,PWP,20,8550,3000,9986824,7101,1,21.4,2.5,17.3,,11/05/09/ 10:32,
9986828,2U54372QPWPRDN,PWP,20,8557,9765400,9986828,7101,1,21.6,4.9,17.3,,11/05/09/ 10:32,
9986829,2U54372QPWPRDN,PWP,20,5292,102800,9986829,7100,1,21.6,0.3,17.3,,11/05/09/ 10:32,
9986830,2U54372QPWPRDN,PWP,20,6799,9765400,9986830,7101,1,21.6,5.1,17.3,,11/05/09/ 10:32,
9986838,G610QPWPRG4Q1,PWP,28,4184,8789100,9986838,7103,1,20.5,3.6,17.3,,11/05/09/ 10:32,
9986839,G610QPWPRG4Q1,PWP,28,4199,8789100,9986839,7112,1,20.5,2.3,17.3,,11/05/09/ 10:32,
9986840,G610QPWPRG4Q1,PWP,28,4214,8789100,9986840,7103,1,20.5,3.1,17.3,,11/05/09/ 10:32,
9986841,G610QPWPRG4Q1,PWP,28,2412,131300,9986841,7100,1,20.5,0.9,17.3,,11/05/09/ 10:32,
9986842,2U54612QPWPRDN,PWP,28,3248,81200,9986842,7101,1,22.2,0.3,17.3,,11/05/09/ 10:32,
9987679,TPS65856ZQZR,ZQZ,120,792,3000,9987679,7121,1,16.2,4.2,17.1,,11/05/09/ 10:32,
9989393,2U65100QPWPRQ1,PWP,24,2771,96600,9989393,7100,1,17.4,8.7,16.6,,11/05/09/ 10:32,
9989395,2U65100QPWPRQ1,PWP,24,2842,96600,9989395,7100,1,17.4,8.8,16.6,,11/05/09/ 10:32,
9990027,SN0405063PWPR,PWP,16,5670,1000,9990027,7100,1,16.6,6.7,16.5,,11/05/09/ 10:32,
9991072,TPS65851ZQZR,ZQZ,120,3833,479700,9991072,7121,1,18.8,1.7,16.3,,11/05/09/ 10:32,
9991386,DRV603PWR,PW,14,8640,1,9991386,7100,1,0,0,0,,11/05/09/ 10:32:56,
9991387,DRV603PWR,PW,14,8640,340000,9991387,7100,1,12.5,0.5,16.2,,11/05/09/ 10:32,
9991388,DRV603PWR,PW,14,8639,1000,9991388,7100,1,12.5,0.5,16.2,,11/05/09/ 10:32,
9991389,DRV603PWR,PW,14,8586,1,9991389,7100,1,0,0,0,,11/05/09/ 10:32:56,
9991391,DRV603PWR,PW,14,2970,1000,9991391,7100,1,12.5,3,16.2,,11/05/09/ 10:32,
9991598,TPS65856ZQZR,ZQZ,120,5757,529800,9991598,7100,1,16.2,9.4,16.2,,11/05/09/ 10:32,
9991599,TPS65856ZQZR,ZQZ,120,5752,85300,9991599,7100,1,16.2,9.1,16.2,,11/05/09/ 10:32,
9991600,TPS65856ZQZR,ZQZ,120,5758,1415500,9991600,7100,1,16.2,11.4,16.2,,11/05/09/ 10:32,
9991601,TPS65856ZQZR,ZQZ,120,4522,1415500,9991601,7100,1,16.2,9.1,16.2,,11/05/09/ 10:32,
9991602,TPS65856ZQZR,ZQZ,120,1766,529800,9991602,7100,1,16.2,9.1,16.2,,11/05/09/ 10:32,
9991603,TPS65856ZQZR,ZQZ,120,5754,52300,9991603,7100,1,16.2,9.5,16.2,,11/05/09/ 10:32,
9991604,TPS65856ZQZR,ZQZ,120,5739,52300,9991604,7100,1,16.2,9.8,16.2,,11/05/09/ 10:32,
9991605,TPS65856ZQZR,ZQZ,120,5759,529800,9991605,7100,1,16.2,8.5,16.2,,11/05/09/ 10:32,
9991606,TPS65856ZQZR,ZQZ,120,5757,529800,9991606,7100,1,16.2,10.4,16.2,,11/05/09/ 10:32,
9991607,TPS65856ZQZR,ZQZ,120,5418,529800,9991607,7100,1,16.2,9.1,16.2,,11/05/09/ 10:32,
9992499,TPS65856ZQZR,ZQZ,120,831,523100,9992499,7100,1,16.2,9.5,16,,11/05/09/ 10:32,
9992500,TPS65856ZQZR,ZQZ,120,1873,523100,9992500,7100,1,16.2,8.6,16,,11/05/09/ 10:32,
9992940,DAC813AU,DW,28,239,113400,9992940,7100,1,16.9,10.5,15.9,,11/05/09/ 10:32,
9993413,XPS54380PWPR,PWP,20,2754,1,9993413,7100,1,0,0,0,,11/05/09/ 10:32:56,
9994403,TPS40071PWPR,PWP,16,3294,23400,9994403,7100,1,13.9,1.8,15.5,,11/05/09/ 10:32,
9994416,TPS40060PWP,PWP,16,3618,1,9994416,7100,1,0,0,0,,11/05/09/ 10:32:56,
9994572,XPS54386PWPR,PWP,14,8640,59000,9994572,7100,1,16.5,1.8,15.5,,11/05/09/ 10:32,
9994573,XPS54386PWPR,PWP,14,6480,1,9994573,7100,1,0,0,0,,11/05/09/ 10:32:56,
9994576,XPS54380PWPR,PWP,20,3672,1,9994576,7100,1,0,0,0,,11/05/09/ 10:32:56,
9994887,XPS2384APJDR,PJD,64,5734,115900,9994887,7100,1,24.8,8.4,15.4,,11/05/09/ 10:32,
9994888,XPS2384APJDR,PJD,64,2239,115900,9994888,7100,1,24.8,3.6,15.4,,11/05/09/ 10:32,
9994889,XPS2384APJDR,PJD,64,5760,115900,9994889,7100,1,24.8,8.7,15.4,,11/05/09/ 10:32,
9994890,XPS2384APJDR,PJD,64,5758,115900,9994890,7100,1,24.8,3.6,15.4,,11/05/09/ 10:32,
9994891,XPS2384APJDR,PJD,64,5759,115900,9994891,7100,1,24.8,9.9,15.4,,11/05/09/ 10:32,
9994892,XPS2384APJDR,PJD,64,1067,115900,9994892,7100,1,24.8,3.5,15.4,,11/05/09/ 10:32,
9994893,XPS2384APJDR,PJD,64,5278,115900,9994893,7100,1,24.8,10.1,15.4,,11/05/09/ 10:32,
9994894,XPS2384APJDR,PJD,64,650,115900,9994894,7100,1,24.8,3.3,15.4,,11/05/09/ 10:32,
9995159,XPS54310PWPR,PWP,20,3510,1,9995159,7100,1,0,0,0,,11/05/09/ 10:32:56,
9995172,TPS54614PWP,PWP,28,3455,80900,9995172,7100,1,15.1,4.6,15.4,,11/05/09/ 10:32,
9995920,XPS54350PWPR,PWP,16,3348,1,9995920,7100,1,0,0,0,,11/05/09/ 10:32:56,
9995924,XPS54350PWPR,PWP,16,3078,1,9995924,7100,1,0,0,0,,11/05/09/ 10:32:56,
9995925,XPS54350PWP,PWP,16,6640,89700,9995925,7100,1,17,7.8,15.2,,11/05/09/ 10:32,
9995930,TPS54910PWPR,PWP,28,4165,1000,9995930,7100,1,12.7,3.5,15.2,,11/05/09/ 10:32,
9995937,TPS54910PWPR,PWP,28,4752,682600,9995937,7100,1,12.7,1.8,15.2,,11/05/09/ 10:32,
9997212,TPA3004D2PHPR,PHP,48,1214,91000,9997212,7100,1,18.8,10.6,14.9,,11/05/09/ 10:32,
9997306,TPS54357PWPR,PWP,16,3294,1,9997306,7100,1,0,0,0,,11/05/09/ 10:32:56,
9997308,TPS54313PWPR,PWP,20,3888,1,9997308,7100,1,0,0,0,,11/05/09/ 10:32:56,
9997309,XPS54310PWP,PWP,20,3888,1,9997309,7100,1,0,0,0,,11/05/09/ 10:32:56,
9997310,TPS54110PWPR,PWP,20,3024,1,9997310,7100,1,0,0,0,,11/05/09/ 10:32:56,
9997312,TPS23754PWPR,PWP,20,4914,78600,9997312,7100,1,14.4,2.4,14.9,,11/05/09/ 10:32,
9997339,TPS54010PWPR,PWP,28,1044,90600,9997339,7100,1,15.1,1.3,14.9,,11/05/09/ 10:32,
9997433,G610QPWPRG4Q1,PWP,28,3182,5000,9997433,7112,1,20.5,0.7,14.8,,11/05/09/ 10:32,
9997434,G610QPWPRG4Q1,PWP,28,4175,5000,9997434,7112,1,20.5,0.4,14.8,,11/05/09/ 10:32,
9997435,G610QPWPRG4Q1,PWP,28,4145,9904700,9997435,7102,1,20.5,2.6,14.8,,11/05/09/ 10:32,
9997436,G610QPWPRG4Q1,PWP,28,4099,9904700,9997436,7102,1,20.5,4.3,14.8,,11/05/09/ 10:32,
9997437,G610QPWPRG4Q1,PWP,28,4107,7682400,9997437,7103,1,20.5,1,14.8,,11/05/09/ 10:32,
9997438,G610QPWPRG4Q1,PWP,28,3156,9904700,9997438,7102,1,20.5,4.2,14.8,,11/05/09/ 10:32,
9997439,G610QPWPRG4Q1,PWP,28,1308,9904700,9997439,7102,1,20.5,4.2,14.8,,11/05/09/ 10:32,
9997572,XPA3100D2PHPR,PHP,48,8590,96900,9997572,7100,1,19.4,5.7,14.8,,11/05/09/ 10:32,
9997912,2U54372QPWPRDN,PWP,20,8561,8769100,9997912,7101,1,21.6,2.9,14.7,,11/05/09/ 10:32,
9997913,2U54372QPWPRDN,PWP,20,6358,8769100,9997913,7101,1,21.6,3,14.7,,11/05/09/ 10:32,
9997914,2U54372QPWPRDN,PWP,20,2160,92700,9997914,7100,1,21.6,0.2,14.7,,11/05/09/ 10:32,
9998981,XPS54386PWPR,PWP,14,8640,54100,9998981,7100,1,16.5,7.9,14.5,,11/05/09/ 10:32,
9998982,XPS54386PWPR,PWP,14,8640,54100,9998982,7100,1,16.5,8.4,14.5,,11/05/09/ 10:32,
9998983,XPS54386PWPR,PWP,14,8639,54100,9998983,7100,1,16.5,8.3,14.5,,11/05/09/ 10:32,
9998984,XPS54386PWPR,PWP,14,8640,54100,9998984,7100,1,16.5,8.8,14.5,,11/05/09/ 10:32,
9998985,XPS54386PWPR,PWP,14,8640,54100,9998985,7100,1,16.5,3.1,14.5,,11/05/09/ 10:32,
9998986,XPS54386PWPR,PWP,14,8639,1,9998986,7100,1,0,0,0,,11/05/09/ 10:32:56,
9998987,XPS54386PWPR,PWP,14,8640,54100,9998987,7100,1,16.5,8.3,14.5,,11/05/09/ 10:32,
9998988,XPS54386PWPR,PWP,14,8640,54100,9998988,7100,1,16.5,8.3,14.5,,11/05/09/ 10:32,
9998989,XPS54386PWPR,PWP,14,4158,1,9998989,7100,1,0,0,0,,11/05/09/ 10:32:56,
