Machine_Instance,Machine_Family_Name,Lot_Name,Logpoint,Quantity,Lot_Weight,Initial_Lot_Flag,Device_Name,Tooling_Family_Name,Certification,Setup_Time,Start_Time,Completion_Time,Pass_No,Finished,Package
CLFTEA35,ETS-2-64,5840979,4410,17216,1050,N,PS62742DSSR-LK,6552808A,1,09/16/2015 10:06:00,9/16/2015 10:6:2,09/16/2015 12:24:34,1,Y,DSSST
CLFTEA35,ETS-2-64,5840978,4410,17269,1050,N,PS62742DSSR-LK,6552808A,1,09/16/2015 10:06:00,9/16/2015 12:24:34,09/16/2015 14:43:35,1,Y,DSSST
CLFTEA35,ETS-2-64,5840977,4410,17250,1050,N,PS62742DSSR-LK,6552808A,1,09/16/2015 10:06:00,9/16/2015 14:43:35,09/16/2015 17:02:26,1,Y,DSSST
CLFTEA35,ETS-2-64,5828935,4410,8640,1414,N,S62740DSSR1-LK,6552808A,1,09/16/2015 10:06:00,9/16/2015 17:2:26,09/16/2015 18:16:44,1,Y,DSSST
CLFTEA35,ETS-2-64,5828933,4410,17241,1414,N,S62740DSSR1-LK,6552808A,1,09/16/2015 10:06:00,9/16/2015 18:16:44,09/16/2015 20:44:56,1,Y,DSSST
CLFTEA35,ETS-2-64,5828932,4410,17248,1414,N,S62740DSSR1-LK,6552808A,1,09/16/2015 10:06:00,9/16/2015 20:44:56,09/16/2015 23:13:12,1,Y,DSSST
CLFTEA35,ETS-2-64,5828929,4410,17266,1414,N,S62740DSSR1-LK,6552808A,1,09/16/2015 10:06:00,9/16/2015 23:13:12,09/17/2015 01:41:37,1,Y,DSSST
CLFTEA35,ETS-2-64,5834860,4410,12383,1222,N,S62740DSSR1-LK,6552808A,1,09/16/2015 10:06:00,9/17/2015 1:41:37,09/17/2015 03:28:04,1,Y,DSSST
CLFTEA35,ETS-2-64,5837553,4410,17276,1121,N,S62740DSSR1-LK,6552808A,1,09/16/2015 10:06:00,9/17/2015 3:28:4,09/17/2015 05:56:34,1,Y,DSSST
CLFTEA35,ETS-2-64,5837554,4410,17274,1121,N,S62740DSSR1-LK,6552808A,1,09/16/2015 10:06:00,9/17/2015 5:56:34,09/17/2015 08:25:04,1,Y,DSSST
CLFTEA35,ETS-2-64,5837556,4410,17278,1121,N,S62740DSSR1-LK,6552808A,1,09/16/2015 10:06:00,9/17/2015 8:25:4,09/17/2015 10:53:35,1,Y,DSSST
CLFTEA35,ETS-2-64,5844137,4410,17275,955,N,S62740DSSR1-LK,6552808A,1,09/16/2015 10:06:00,9/17/2015 10:53:35,09/17/2015 13:22:05,1,Y,DSSST
CLFTEA35,ETS-2-64,5844138,4410,17279,955,N,S62740DSSR1-LK,6552808A,1,09/16/2015 10:06:00,9/17/2015 13:22:5,09/17/2015 15:50:36,1,Y,DSSST
CLFTEA35,ETS-2-64,5844143,4410,17274,955,N,S62740DSSR1-LK,6552808A,1,09/16/2015 10:06:00,9/17/2015 15:50:36,09/17/2015 18:19:06,1,Y,DSSST
CLFTEA35,ETS-2-64,5844146,4410,12442,955,N,S62740DSSR1-LK,6552808A,1,09/16/2015 10:06:00,9/17/2015 18:19:6,09/17/2015 20:06:03,1,Y,DSSST
CLFTEA35,ETS-2-64,5844139,4410,17277,955,N,S62740DSSR1-LK,6552808A,1,09/16/2015 10:06:00,9/17/2015 20:6:3,09/17/2015 22:34:34,1,Y,DSSST
CLFTEA35,ETS-2-64,5844141,4410,17279,955,N,S62740DSSR1-LK,6552808A,1,09/16/2015 10:06:00,9/17/2015 22:34:34,09/18/2015 01:03:06,1,Y,DSSST
CLFTEA35,ETS-2-64,5844145,4410,17272,955,N,S62740DSSR1-LK,6552808A,1,09/16/2015 10:06:00,9/18/2015 1:3:6,09/18/2015 03:31:34,1,Y,DSSST
CLFTEA35,ETS-2-64,5844144,4410,17256,955,N,S62740DSSR1-LK,6552808A,1,09/16/2015 10:06:00,9/18/2015 3:31:34,09/18/2015 05:59:54,1,Y,DSSST
CLFTEA35,ETS-2-64,5844140,4410,17271,955,N,S62740DSSR1-LK,6552808A,1,09/16/2015 10:06:00,9/18/2015 5:59:54,09/18/2015 08:28:22,1,Y,DSSST
CLFTEA50,ETS-2-64,5846979,4410,7947,688,N,N1006030RTER-C,6522212C,1,09/16/2015 10:06:00,9/16/2015 10:6:2,09/16/2015 12:00:49,1,Y,RTE
CLFTEA50,ETS-2-64,5840294,4410,13772,878,N,PS54218RTER3-C,6522212C,1,09/16/2015 10:06:00,9/16/2015 12:0:49,09/16/2015 15:12:06,1,Y,RTE
CLFTEA50,ETS-2-64,5840291,4410,13767,878,N,PS54218RTER3-C,6522212C,1,09/16/2015 10:06:00,9/16/2015 15:12:6,09/16/2015 18:23:18,1,Y,RTE
CLFTEA50,ETS-2-64,5840296,4410,11297,878,N,PS54218RTER3-C,6522212C,1,09/16/2015 10:06:00,9/16/2015 18:23:18,09/16/2015 21:00:13,1,Y,RTE
CLFTEA50,ETS-2-64,5840292,4410,13741,878,N,PS54218RTER3-C,6522212C,1,09/16/2015 10:06:00,9/16/2015 21:0:13,09/17/2015 00:11:03,1,Y,RTE
CLFTEA50,ETS-2-64,5840293,4410,13795,878,N,PS54218RTER3-C,6522212C,1,09/16/2015 10:06:00,9/17/2015 0:11:3,09/17/2015 03:22:39,1,Y,RTE
CLFTEA50,ETS-2-64,5840295,4410,13768,878,N,PS54218RTER3-C,6522212C,1,09/16/2015 10:06:00,9/17/2015 3:22:39,09/17/2015 06:33:52,1,Y,RTE
CLFTEA50,ETS-2-64,5841078,4410,13808,854,N,PS54218RTER3-C,6522212C,1,09/16/2015 10:06:00,9/17/2015 6:33:52,09/17/2015 09:45:39,1,Y,RTE
CLFTEA50,ETS-2-64,5841087,4410,13781,854,N,PS54218RTER3-C,6522212C,1,09/16/2015 10:06:00,9/17/2015 9:45:39,09/17/2015 12:57:03,1,Y,RTE
CLFTEA50,ETS-2-64,5841079,4410,13773,854,N,PS54218RTER3-C,6522212C,1,09/16/2015 10:06:00,9/17/2015 12:57:3,09/17/2015 16:08:20,1,Y,RTE
CLFTEA50,ETS-2-64,5841077,4410,13791,854,N,PS54218RTER3-C,6522212C,1,09/16/2015 10:06:00,9/17/2015 16:8:20,09/17/2015 19:19:52,1,Y,RTE
CLFTEA50,ETS-2-64,5841080,4410,13741,854,N,PS54218RTER3-C,6522212C,1,09/16/2015 10:06:00,9/17/2015 19:19:52,09/17/2015 22:30:43,1,Y,RTE
CLFTEA50,ETS-2-64,5841082,4410,13798,854,N,PS54218RTER3-C,6522212C,1,09/16/2015 10:06:00,9/17/2015 22:30:43,09/18/2015 01:42:21,1,Y,RTE
CLFTEA50,ETS-2-64,5841086,4410,13792,854,N,PS54218RTER3-C,6522212C,1,09/16/2015 10:06:00,9/18/2015 1:42:21,09/18/2015 04:53:55,1,Y,RTE
CLFTEA50,ETS-2-64,5841075,4410,13762,854,N,PS54218RTER3-C,6522212C,1,09/16/2015 10:06:00,9/18/2015 4:53:55,09/18/2015 08:05:03,1,Y,RTE
CLFTEA63,ETS-2-64,5830456,4410,77,9567,N,PS53513RVER-LN,6543758C,1,09/16/2015 10:06:00,9/16/2015 10:6:2,09/16/2015 10:07:37,1,Y,RVECLIP
CLFTEA63,ETS-2-64,5825763,4410,7708,1406,N,PS53513RVER-LN,6543758C,1,09/16/2015 10:06:00,9/16/2015 10:7:37,09/16/2015 12:45:30,1,Y,RVECLIP
CLFTEA63,ETS-2-64,5843079,4410,7688,1406,N,PS53513RVER-LN,6543758C,1,09/16/2015 10:06:00,9/16/2015 12:45:30,09/16/2015 15:22:58,1,Y,RVECLIP
CLFTEA63,ETS-2-64,5825762,4410,7722,1406,N,PS53513RVER-LN,6543758C,1,09/16/2015 10:06:00,9/16/2015 15:22:58,09/16/2015 18:01:09,1,Y,RVECLIP
CLFTEA63,ETS-2-64,5825756,4410,5337,1406,N,PS53513RVER-LN,6543758C,1,09/16/2015 10:06:00,9/16/2015 18:1:9,09/16/2015 19:50:28,1,Y,RVECLIP
CLFTEA63,ETS-2-64,5825758,4410,7632,1406,N,PS53513RVER-LN,6543758C,1,09/16/2015 10:06:00,9/16/2015 19:50:28,09/16/2015 22:26:48,1,Y,RVECLIP
CLFTEA63,ETS-2-64,5825760,4410,7759,1406,N,PS53513RVER-LN,6543758C,1,09/16/2015 10:06:00,9/16/2015 22:26:48,09/17/2015 01:05:44,1,Y,RVECLIP
CLFTEA63,ETS-2-64,5825761,4410,7575,1406,N,PS53513RVER-LN,6543758C,1,09/16/2015 10:06:00,9/17/2015 1:5:44,09/17/2015 03:40:54,1,Y,RVECLIP
CLFTEA63,ETS-2-64,5829633,4410,7524,1290,N,PS53513RVER-LN,6543758C,1,09/16/2015 10:06:00,9/17/2015 3:40:54,09/17/2015 06:15:01,1,Y,RVECLIP
CLFTEA63,ETS-2-64,5829631,4410,7726,1290,N,PS53513RVER-LN,6543758C,1,09/16/2015 10:06:00,9/17/2015 6:15:1,09/17/2015 08:53:16,1,Y,RVECLIP
CLFTEA63,ETS-2-64,5829632,4410,7689,1290,N,PS53513RVER-LN,6543758C,1,09/16/2015 10:06:00,9/17/2015 8:53:16,09/17/2015 11:30:46,1,Y,RVECLIP
CLFTEA63,ETS-2-64,5829643,4410,7509,1290,N,PS53513RVER-LN,6543758C,1,09/16/2015 10:06:00,9/17/2015 11:30:46,09/17/2015 14:04:34,1,Y,RVECLIP
CLFTEA63,ETS-2-64,5848298,4410,7671,1290,N,PS53513RVER-LN,6543758C,1,09/16/2015 10:06:00,9/17/2015 14:4:34,09/17/2015 16:41:42,1,Y,RVECLIP
CLFTEA63,ETS-2-64,5829635,4410,7676,1290,N,PS53513RVER-LN,6543758C,1,09/16/2015 10:06:00,9/17/2015 16:41:42,09/17/2015 19:18:56,1,Y,RVECLIP
CLFTEA63,ETS-2-64,5829634,4410,7689,1290,N,PS53513RVER-LN,6543758C,1,09/16/2015 10:06:00,9/17/2015 19:18:56,09/17/2015 21:56:25,1,Y,RVECLIP
CLFTEA63,ETS-2-64,5832736,4410,7737,1193,N,PS53513RVER-LN,6543758C,1,09/16/2015 10:06:00,9/17/2015 21:56:25,09/18/2015 00:34:54,1,Y,RVECLIP
CLFTEA63,ETS-2-64,5832733,4410,7748,1193,N,PS53513RVER-LN,6543758C,1,09/16/2015 10:06:00,9/18/2015 0:34:54,09/18/2015 03:13:36,1,Y,RVECLIP
CLFTEA63,ETS-2-64,5832732,4410,7589,1193,N,PS53513RVER-LN,6543758C,1,09/16/2015 10:06:00,9/18/2015 3:13:36,09/18/2015 05:49:03,1,Y,RVECLIP
CLFTEA63,ETS-2-64,5838914,4410,7751,996,N,PS53513RVER-LN,6543758C,1,09/16/2015 10:06:00,9/18/2015 5:49:3,09/18/2015 08:27:49,1,Y,RVECLIP
CLFTEA85,ETS-2-64,5826419,4410,9927,1313,N,1622RSMR1-G2YK,6541533C,1,09/16/2015 10:06:00,9/16/2015 10:6:2,09/16/2015 13:34:00,1,Y,RSM300
CLFTEA85,ETS-2-64,5838743,4410,7832,928,N,1622RSMR1-G2YK,6541533C,1,09/16/2015 10:06:00,9/16/2015 13:34:0,09/16/2015 16:18:07,1,Y,RSM300
CLFTEA85,ETS-2-64,5827558,4410,5006,1282,N,S51624RSMR-G2K,6541533C,1,09/16/2015 10:06:00,9/16/2015 16:18:7,09/16/2015 18:45:54,1,Y,RSM300
CLFTEA85,ETS-2-64,5836655,4410,8191,982,N,S51624RSMR-G2K,6541533C,1,09/16/2015 10:06:00,9/16/2015 18:45:54,09/16/2015 22:47:41,1,Y,RSM300
CLFTEA85,ETS-2-64,5839828,4410,10071,895,N,S51624RSMR-G2K,6541533C,1,09/16/2015 10:06:00,9/16/2015 22:47:41,09/17/2015 03:44:57,1,Y,RSM300
CLFTEA85,ETS-2-64,5839825,4410,10054,895,N,S51624RSMR-G2K,6541533C,1,09/16/2015 10:06:00,9/17/2015 3:44:57,09/17/2015 08:41:43,1,Y,RSM300
CLFTEA85,ETS-2-64,5839832,4410,10067,895,N,S51624RSMR-G2K,6541533C,1,09/16/2015 10:06:00,9/17/2015 8:41:43,09/17/2015 13:38:52,1,Y,RSM300
CLFTEA85,ETS-2-64,5839830,4410,10048,895,N,S51624RSMR-G2K,6541533C,1,09/16/2015 10:06:00,9/17/2015 13:38:52,09/17/2015 18:35:28,1,Y,RSM300
CLFTEA85,ETS-2-64,5839831,4410,10065,895,N,S51624RSMR-G2K,6541533C,1,09/16/2015 10:06:00,9/17/2015 18:35:28,09/17/2015 23:32:33,1,Y,RSM300
CLFTEA85,ETS-2-64,5839833,4410,6439,895,N,S51624RSMR-G2K,6541533C,1,09/16/2015 10:06:00,9/17/2015 23:32:33,09/18/2015 02:42:38,1,Y,RSM300
CLFTEA85,ETS-2-64,5839827,4410,10055,895,N,S51624RSMR-G2K,6541533C,1,09/16/2015 10:06:00,9/18/2015 2:42:38,09/18/2015 07:39:25,1,Y,RSM300
CLFTEA72,ETS-2-64,5848995,4410,3339,1278,N,BQ24196RGER-RY,6525585A,1,09/16/2015 10:06:00,9/16/2015 10:6:2,09/16/2015 11:24:58,1,Y,RGELLF
CLFTEA72,ETS-2-64,5827583,4410,3233,1278,N,BQ24196RGER-RY,6525585A,1,09/16/2015 10:06:00,9/16/2015 11:24:58,09/16/2015 12:41:27,1,Y,RGELLF
CLFTEA72,ETS-2-64,5827579,4410,8833,1278,N,BQ24196RGER-RY,6525585A,1,09/16/2015 10:06:00,9/16/2015 12:41:27,09/16/2015 16:10:18,1,Y,RGELLF
CLFTEA72,ETS-2-64,5848996,4410,3339,1278,N,BQ24196RGER-RY,6525585A,1,09/16/2015 10:06:00,9/16/2015 16:10:18,09/16/2015 17:29:17,1,Y,RGELLF
CLFTEA72,ETS-2-64,5828559,4410,8757,1244,N,BQ24196RGER-RY,6525585A,1,09/16/2015 10:06:00,9/16/2015 17:29:17,09/16/2015 20:56:21,1,Y,RGELLF
CLFTEA72,ETS-2-64,5841928,4410,9940,1232,N,BQ24196RGER-RY,6525585A,1,09/16/2015 10:06:00,9/16/2015 20:56:21,09/17/2015 00:51:22,1,Y,RGELLF
CLFTEA72,ETS-2-64,5846610,4410,5566,1101,N,BQ24196RGER-RY,6525585A,1,09/16/2015 10:06:00,9/17/2015 0:51:22,09/17/2015 03:03:00,1,Y,RGELLF
CLFTEA72,ETS-2-64,5839957,4410,5887,901,N,BQ24196RGER-RY,6525585A,1,09/16/2015 10:06:00,9/17/2015 3:3:0,09/17/2015 05:22:13,1,Y,RGELLF
CLFTEA72,ETS-2-64,5839956,4410,9186,901,N,BQ24196RGER-RY,6525585A,1,09/16/2015 10:06:00,9/17/2015 5:22:13,09/17/2015 08:59:25,1,Y,RGELLF
CLFTEA72,ETS-2-64,5840273,4410,9269,884,N,BQ24196RGER-RY,6525585A,1,09/16/2015 10:06:00,9/17/2015 8:59:25,09/17/2015 12:38:35,1,Y,RGELLF
CLFTEA72,ETS-2-64,5841921,4410,5778,832,N,BQ24196RGER-RY,6525585A,1,09/16/2015 10:06:00,9/17/2015 12:38:35,09/17/2015 14:55:13,1,Y,RGELLF
CLFTEA72,ETS-2-64,5841925,4410,4992,832,N,BQ24196RGER-RY,6525585A,1,09/16/2015 10:06:00,9/17/2015 14:55:13,09/17/2015 16:53:17,1,Y,RGELLF
CLFTEA72,ETS-2-64,5841923,4410,9973,832,N,BQ24196RGER-RY,6525585A,1,09/16/2015 10:06:00,9/17/2015 16:53:17,09/17/2015 20:49:05,1,Y,RGELLF
CLFTEA72,ETS-2-64,5841924,4410,4585,832,N,BQ24196RGER-RY,6525585A,1,09/16/2015 10:06:00,9/17/2015 20:49:5,09/17/2015 22:37:32,1,Y,RGELLF
CLFTEA72,ETS-2-64,5843101,4410,8591,803,N,BQ24196RGER-RY,6525585A,1,09/16/2015 10:06:00,9/17/2015 22:37:32,09/18/2015 02:00:40,1,Y,RGELLF
CLFTEA72,ETS-2-64,5843103,4410,5007,803,N,BQ24196RGER-RY,6525585A,1,09/16/2015 10:06:00,9/18/2015 2:0:40,09/18/2015 03:59:05,1,Y,RGELLF
CLFTEA72,ETS-2-64,5843102,4410,6842,803,N,BQ24196RGER-RY,6525585A,1,09/16/2015 10:06:00,9/18/2015 3:59:5,09/18/2015 06:40:52,1,Y,RGELLF
CLFTEA72,ETS-2-64,5844285,4410,8324,767,N,BQ24196RGER-RY,6525585A,1,09/16/2015 10:06:00,9/18/2015 6:40:52,09/18/2015 09:57:42,1,Y,RGELLF
CLFTEA88,ETS-2-64,5792001,4410,7340,2471,N,Q24736RGRR-G2K,6541231B,1,09/16/2015 10:06:00,9/16/2015 10:6:2,09/16/2015 12:25:37,1,Y,RGR300
CLFTEA88,ETS-2-64,5816370,4410,7528,1613,N,Q24736RGRR-G2K,6541231B,1,09/16/2015 10:06:00,9/16/2015 12:25:37,09/16/2015 14:48:50,1,Y,RGR300
CLFTEA88,ETS-2-64,5816369,4410,13104,1613,N,Q24736RGRR-G2K,6541231B,1,09/16/2015 10:06:00,9/16/2015 14:48:50,09/16/2015 18:58:04,1,Y,RGR300
CLFTEA88,ETS-2-64,5816367,4410,15020,1613,N,Q24736RGRR-G2K,6541231B,1,09/16/2015 10:06:00,9/16/2015 18:58:4,09/16/2015 23:43:45,1,Y,RGR300
CLFTEA88,ETS-2-64,5816368,4410,14994,1613,N,Q24736RGRR-G2K,6541231B,1,09/16/2015 10:06:00,9/16/2015 23:43:45,09/17/2015 04:28:57,1,Y,RGR300
CLFTEA88,ETS-2-64,5846664,4410,15095,695,N,Q24736RGRR-G2K,6541231B,1,09/16/2015 10:06:00,9/17/2015 4:28:57,09/17/2015 09:16:03,1,Y,RGR300
CLFTEA14,ETS-2-64,5841050,4410,8966,854,N,PS54622ARHLR-L,6487925B,1,09/16/2015 10:06:00,9/16/2015 10:6:2,09/16/2015 13:57:43,1,Y,RHL
CLFTEA14,ETS-2-64,5834906,4410,7558,1045,N,PS54821RHLR2-R,6487925B,1,09/16/2015 10:06:00,9/16/2015 13:57:43,09/16/2015 16:54:33,1,Y,RHL
CLFTEA14,ETS-2-64,5837744,4410,7547,943,N,PS54821RHLR2-R,6487925B,1,09/16/2015 10:06:00,9/16/2015 16:54:33,09/16/2015 19:51:08,1,Y,RHL
CLFTEA14,ETS-2-64,5837741,4410,15016,943,N,PS54821RHLR2-R,6487925B,1,09/16/2015 10:06:00,9/16/2015 19:51:8,09/17/2015 01:42:25,1,Y,RHL
CLFTEA14,ETS-2-64,5837746,4410,15095,943,N,PS54821RHLR2-R,6487925B,1,09/16/2015 10:06:00,9/17/2015 1:42:25,09/17/2015 07:35:34,1,Y,RHL
CLFTEA14,ETS-2-64,5845046,4410,11427,740,N,PS54821RHLR2-R,6487925B,1,09/16/2015 10:06:00,9/17/2015 7:35:34,09/17/2015 12:02:54,1,Y,RHL
CLFTEA14,ETS-2-64,5845053,4410,10478,740,N,PS54821RHLR2-R,6487925B,1,09/16/2015 10:06:00,9/17/2015 12:2:54,09/17/2015 16:08:03,1,Y,RHL
CLFTEA14,ETS-2-64,5846603,4410,10372,695,N,PS54821RHLR2-R,6487925B,1,09/16/2015 10:06:00,9/17/2015 16:8:3,09/17/2015 20:10:43,1,Y,RHL
CLFTEA14,ETS-2-64,5844412,4410,11743,758,N,TPS54622RHLR-L,6487925B,1,09/16/2015 10:06:00,9/17/2015 20:10:43,09/18/2015 01:14:11,1,Y,RHL
CLFTEA14,ETS-2-64,5841065,4410,15101,854,N,PS54821RHLR2-R,6487925B,1,09/16/2015 10:06:00,9/18/2015 1:14:11,09/18/2015 07:07:28,1,Y,RHL
CLFTEA7,ETS-2-128,5805410,4410,7786,2152,N,D97374Q4M-LNKE,6578688B,1,09/16/2015 10:06:00,9/16/2015 10:6:2,09/16/2015 11:52:27,1,Y,DPC
CLFTEA7,ETS-2-128,5813598,4410,7636,1894,N,D97374Q4M-LNKE,6578688B,1,09/16/2015 10:06:00,9/16/2015 11:52:27,09/16/2015 13:36:51,1,Y,DPC
CLFTEA7,ETS-2-128,5824084,4410,7397,1492,N,D97374Q4M-LNKE,6578688B,1,09/16/2015 10:06:00,9/16/2015 13:36:51,09/16/2015 15:18:00,1,Y,DPC
CLFTEA7,ETS-2-128,5824088,4410,7693,1492,N,D97374Q4M-LNKE,6578688B,1,09/16/2015 10:06:00,9/16/2015 15:18:0,09/16/2015 17:03:11,1,Y,DPC
CLFTEA7,ETS-2-128,5827421,4410,7529,1396,N,D97374Q4M-LNKE,6578688B,1,09/16/2015 10:06:00,9/16/2015 17:3:11,09/16/2015 18:46:07,1,Y,DPC
CLFTEA7,ETS-2-128,5827422,4410,7631,1396,N,D97374Q4M-LNKE,6578688B,1,09/16/2015 10:06:00,9/16/2015 18:46:7,09/16/2015 20:30:28,1,Y,DPC
CLFTEA7,ETS-2-128,5830633,4410,4863,1295,N,D97374Q4M-LNKE,6578688B,1,09/16/2015 10:06:00,9/16/2015 20:30:28,09/16/2015 21:36:58,1,Y,DPC
CLFTEA7,ETS-2-128,5830638,4410,3924,1295,N,D97374Q4M-LNKE,6578688B,1,09/16/2015 10:06:00,9/16/2015 21:36:58,09/16/2015 22:30:39,1,Y,DPC
CLFTEA7,ETS-2-128,5830636,4410,7771,1295,N,D97374Q4M-LNKE,6578688B,1,09/16/2015 10:06:00,9/16/2015 22:30:39,09/17/2015 00:16:54,1,Y,DPC
CLFTEA7,ETS-2-128,5830637,4410,5057,1295,N,D97374Q4M-LNKE,6578688B,1,09/16/2015 10:06:00,9/17/2015 0:16:54,09/17/2015 01:26:03,1,Y,DPC
CLFTEA7,ETS-2-128,5830628,4410,7787,1295,N,D97374Q4M-LNKE,6578688B,1,09/16/2015 10:06:00,9/17/2015 1:26:3,09/17/2015 03:12:31,1,Y,DPC
CLFTEA7,ETS-2-128,5830629,4410,4204,1295,N,D97374Q4M-LNKE,6578688B,1,09/16/2015 10:06:00,9/17/2015 3:12:31,09/17/2015 04:10:01,1,Y,DPC
CLFTEA7,ETS-2-128,5842781,4410,7768,1295,N,D97374Q4M-LNKE,6578688B,1,09/16/2015 10:06:00,9/17/2015 4:10:1,09/17/2015 05:56:14,1,Y,DPC
CLFTEA7,ETS-2-128,5830631,4410,7801,1295,N,D97374Q4M-LNKE,6578688B,1,09/16/2015 10:06:00,9/17/2015 5:56:14,09/17/2015 07:42:54,1,Y,DPC
CLFTEA7,ETS-2-128,5833881,4410,7874,1196,N,D97374Q4M-LNKE,6578688B,1,09/16/2015 10:06:00,9/17/2015 7:42:54,09/17/2015 09:30:33,1,Y,DPC
CLFTEA7,ETS-2-128,5833882,4410,7579,1196,N,D97374Q4M-LNKE,6578688B,1,09/16/2015 10:06:00,9/17/2015 9:30:33,09/17/2015 11:14:11,1,Y,DPC
CLFTEA7,ETS-2-128,5833879,4410,7776,1196,N,D97374Q4M-LNKE,6578688B,1,09/16/2015 10:06:00,9/17/2015 11:14:11,09/17/2015 13:00:30,1,Y,DPC
CLFTEA7,ETS-2-128,5833878,4410,7630,1196,N,D97374Q4M-LNKE,6578688B,1,09/16/2015 10:06:00,9/17/2015 13:0:30,09/17/2015 14:44:50,1,Y,DPC
CLFTEA7,ETS-2-128,5833885,4410,7682,1196,N,D97374Q4M-LNKE,6578688B,1,09/16/2015 10:06:00,9/17/2015 14:44:50,09/17/2015 16:29:52,1,Y,DPC
CLFTEA7,ETS-2-128,5838589,4410,7817,1016,N,D97374Q4M-LNKE,6578688B,1,09/16/2015 10:06:00,9/17/2015 16:29:52,09/17/2015 18:16:44,1,Y,DPC
CLFTEA7,ETS-2-128,5845887,4410,7845,808,N,D97374Q4M-LNKE,6578688B,1,09/16/2015 10:06:00,9/17/2015 18:16:44,09/17/2015 20:04:00,1,Y,DPC
CLFTEA7,ETS-2-128,5845897,4410,7836,808,N,D97374Q4M-LNKE,6578688B,1,09/16/2015 10:06:00,9/17/2015 20:4:0,09/17/2015 21:51:09,1,Y,DPC
CLFTEA59,ETS-2-64,5782240,4410,13760,2772,N,546QRTERQ11-G2,6524040A,1,09/16/2015 10:06:00,9/16/2015 10:6:2,09/16/2015 21:06:31,1,Y,RTE300
CLFTEA59,ETS-2-64,5782243,4410,7338,2772,N,546QRTERQ11-G2,6524040A,1,09/16/2015 10:06:00,9/16/2015 21:6:31,09/17/2015 02:58:47,1,Y,RTE300
CLFTEA59,ETS-2-64,5792041,4410,13695,2473,N,546QRTERQ11-G2,6524040A,1,09/16/2015 10:06:00,9/17/2015 2:58:47,09/17/2015 13:56:11,1,Y,RTE300
CLFTEA59,ETS-2-64,5807357,4410,10528,1917,N,546QRTERQ11-G2,6524040A,1,09/16/2015 10:06:00,9/17/2015 13:56:11,09/17/2015 22:21:34,1,Y,RTE300
CLFTEA59,ETS-2-64,5792040,4410,13700,2473,N,546QRTERQ11-G2,6524040A,1,09/16/2015 10:06:00,9/17/2015 22:21:34,09/18/2015 09:19:13,1,Y,RTE300
CLFTEA37,ETS-2-128,5840274,4410,10017,884,N,BQ24196RGER-RY,6525585A,1,09/16/2015 10:06:00,9/16/2015 10:6:2,09/16/2015 14:02:51,1,Y,RGELLF
CLFTEA37,ETS-2-128,5840894,4410,10023,864,N,BQ24196RGER-RY,6525585A,1,09/16/2015 10:06:00,9/16/2015 14:2:51,09/16/2015 17:59:50,1,Y,RGELLF
CLFTEA37,ETS-2-128,5841927,4410,10014,832,N,BQ24196RGER-RY,6525585A,1,09/16/2015 10:06:00,9/16/2015 17:59:50,09/16/2015 21:56:37,1,Y,RGELLF
CLFTEA37,ETS-2-128,5844281,4410,10019,767,N,BQ24196RGER-RY,6525585A,1,09/16/2015 10:06:00,9/16/2015 21:56:37,09/17/2015 01:53:31,1,Y,RGELLF
CLFTEA37,ETS-2-128,5844286,4410,10021,767,N,BQ24196RGER-RY,6525585A,1,09/16/2015 10:06:00,9/17/2015 1:53:31,09/17/2015 05:50:27,1,Y,RGELLF
CLFTEA37,ETS-2-128,5844280,4410,10010,767,N,BQ24196RGER-RY,6525585A,1,09/16/2015 10:06:00,9/17/2015 5:50:27,09/17/2015 09:47:09,1,Y,RGELLF
CLFTEA78,ETS-2-64,5810029,4410,15094,1836,N,SN2833RGRR-G2K,6545253A,1,09/16/2015 10:06:00,9/16/2015 10:6:2,09/16/2015 16:09:01,1,Y,RGR300
CLFTEA78,ETS-2-64,5810034,4410,6753,1836,N,SN2833RGRR-G2K,6545253A,1,09/16/2015 10:06:00,9/16/2015 16:9:1,09/16/2015 18:51:27,1,Y,RGR300
CLFTEA78,ETS-2-64,5810033,4410,9913,1836,N,SN2833RGRR-G2K,6545253A,1,09/16/2015 10:06:00,9/16/2015 18:51:27,09/16/2015 22:49:53,1,Y,RGR300
CLFTEA78,ETS-2-64,5810030,4410,14901,1836,N,SN2833RGRR-G2K,6545253A,1,09/16/2015 10:06:00,9/16/2015 22:49:53,09/17/2015 04:48:16,1,Y,RGR300
CLFTEA78,ETS-2-64,5810032,4410,15016,1836,N,SN2833RGRR-G2K,6545253A,1,09/16/2015 10:06:00,9/17/2015 4:48:16,09/17/2015 10:49:25,1,Y,RGR300
CLFTEA44,ETS-2M-64,5584612,4410,5071,8891,N,1306051RHRR-G2,6555639A,2,09/16/2015 10:06:00,9/16/2015 10:6:2,09/16/2015 13:12:42,1,Y,RHR300
CLFTEA62,ETS-2-64,5821054,4410,6893,1474,N,5633BRTER-KDG2,6569306A,1,09/16/2015 10:06:00,9/16/2015 10:6:2,09/16/2015 12:12:08,1,Y,RTE300
CLFTEA62,ETS-2-64,5835123,4410,6894,1043,N,5633BRTER-KDG2,6569306A,1,09/16/2015 10:06:00,9/16/2015 12:12:8,09/16/2015 14:18:17,1,Y,RTE300
CLFTEA62,ETS-2-64,5835122,4410,12156,1043,N,5633BRTER-KDG2,6569306A,1,09/16/2015 10:06:00,9/16/2015 14:18:17,09/16/2015 18:00:41,1,Y,RTE300
CLFTEA62,ETS-2-64,5846706,4410,13800,695,N,65633AKRTER-G2,6569306A,1,09/16/2015 10:06:00,9/16/2015 18:0:41,09/16/2015 22:01:21,1,Y,RTE300
CLFTEA62,ETS-2-64,5831824,4410,11884,1148,N,65633BKRTER-G2,6569306A,1,09/16/2015 10:06:00,9/16/2015 22:1:21,09/17/2015 01:44:13,1,Y,RTE300
CLFTEA62,ETS-2-64,5835078,4410,13399,1043,N,65633BKRTER-G2,6569306A,1,09/16/2015 10:06:00,9/17/2015 1:44:13,09/17/2015 05:55:30,1,Y,RTE300
CLFTEA62,ETS-2-64,5835910,4410,13057,1013,N,65633BKRTER-G2,6569306A,1,09/16/2015 10:06:00,9/17/2015 5:55:30,09/17/2015 10:00:21,1,Y,RTE300
CLFTEA62,ETS-2-64,5835904,4410,13550,1013,N,65633BKRTER-G2,6569306A,1,09/16/2015 10:06:00,9/17/2015 10:0:21,09/17/2015 14:14:28,1,Y,RTE300
CLFTEA62,ETS-2-64,5835911,4410,6897,1013,N,65633BKRTER-G2,6569306A,1,09/16/2015 10:06:00,9/17/2015 14:14:28,09/17/2015 16:23:49,1,Y,RTE300
CLFTEA62,ETS-2-64,5836675,4410,6896,982,N,65633BKRTER-G2,6569306A,1,09/16/2015 10:06:00,9/17/2015 16:23:49,09/17/2015 18:33:10,1,Y,RTE300
CLFTEA62,ETS-2-64,5836674,4410,7203,982,N,65633BKRTER-G2,6569306A,1,09/16/2015 10:06:00,9/17/2015 18:33:10,09/17/2015 20:48:16,1,Y,RTE300
CLFTEA62,ETS-2-64,5837067,4410,8468,963,N,65633BKRTER-G2,6569306A,1,09/16/2015 10:06:00,9/17/2015 20:48:16,09/17/2015 23:27:05,1,Y,RTE300
CLFTEA62,ETS-2-64,5837068,4410,6899,963,N,65633BKRTER-G2,6569306A,1,09/16/2015 10:06:00,9/17/2015 23:27:5,09/18/2015 01:36:29,1,Y,RTE300
CLFTEA62,ETS-2-64,5837491,4410,12146,948,N,65633BKRTER-G2,6569306A,1,09/16/2015 10:06:00,9/18/2015 1:36:29,09/18/2015 05:24:15,1,Y,RTE300
CLFTEA62,ETS-2-64,5837492,4410,6896,948,N,65633BKRTER-G2,6569306A,1,09/16/2015 10:06:00,9/18/2015 5:24:15,09/18/2015 07:33:36,1,Y,RTE300
CLFTEA39,ETS-2-64,5838744,4410,5020,928,N,1622RSMR1-G2YK,6541533C,1,09/16/2015 10:06:00,9/16/2015 10:6:2,09/16/2015 11:51:12,1,Y,RSM300
CLFTEA39,ETS-2-64,5839829,4410,10035,895,N,S51624RSMR-G2K,6541533C,1,09/16/2015 10:06:00,9/16/2015 11:51:12,09/16/2015 16:47:24,1,Y,RSM300
CLFTEA39,ETS-2-64,5841236,4410,10075,849,N,S51624RSMR-G2K,6541533C,1,09/16/2015 10:06:00,9/16/2015 16:47:24,09/16/2015 21:44:48,1,Y,RSM300
CLFTEA30,ETS-2-64,5840285,4410,13812,878,N,N1006030RTER-C,6522212C,1,09/16/2015 10:06:00,9/16/2015 10:6:2,09/16/2015 13:25:32,1,Y,RTE
CLFTEA30,ETS-2-64,5841067,4410,13769,854,N,N1006030RTER-C,6522212C,1,09/16/2015 10:06:00,9/16/2015 13:25:32,09/16/2015 16:44:27,1,Y,RTE
CLFTEA30,ETS-2-64,5841070,4410,13812,854,N,N1006030RTER-C,6522212C,1,09/16/2015 10:06:00,9/16/2015 16:44:27,09/16/2015 20:04:00,1,Y,RTE
CLFTEA30,ETS-2-64,5841069,4410,13802,854,N,N1006030RTER-C,6522212C,1,09/16/2015 10:06:00,9/16/2015 20:4:0,09/16/2015 23:23:23,1,Y,RTE
CLFTEA30,ETS-2-64,5841073,4410,13802,854,N,N1006030RTER-C,6522212C,1,09/16/2015 10:06:00,9/16/2015 23:23:23,09/17/2015 02:42:47,1,Y,RTE
CLFTEA30,ETS-2-64,5841068,4410,13810,854,N,N1006030RTER-C,6522212C,1,09/16/2015 10:06:00,9/17/2015 2:42:47,09/17/2015 06:02:18,1,Y,RTE
CLFTEA30,ETS-2-64,5846978,4410,13782,688,N,N1006030RTER-C,6522212C,1,09/16/2015 10:06:00,9/17/2015 6:2:18,09/17/2015 09:21:25,1,Y,RTE
CLFTEA30,ETS-2-64,5821824,4410,13811,1446,N,PS54218RTER4-C,6522212C,1,09/16/2015 10:06:00,9/17/2015 9:21:25,09/17/2015 12:33:14,1,Y,RTE
CLFTEA30,ETS-2-64,5841089,4410,13808,854,N,PS54218RTER3-C,6522212C,1,09/16/2015 10:06:00,9/17/2015 12:33:14,09/17/2015 15:45:00,1,Y,RTE
CLFTEA31,ETS-2M-64,5825754,4410,7858,1406,N,PS53513RVER-LN,6543758C,1,09/16/2015 10:06:00,9/16/2015 10:6:2,09/16/2015 12:46:57,1,Y,RVECLIP
CLFTEA31,ETS-2M-64,5825759,4410,7835,1406,N,PS53513RVER-LN,6543758C,1,09/16/2015 10:06:00,9/16/2015 12:46:57,09/16/2015 15:27:26,1,Y,RVECLIP
CLFTEA31,ETS-2M-64,5829642,4410,7876,1290,N,PS53513RVER-LN,6543758C,1,09/16/2015 10:06:00,9/16/2015 15:27:26,09/16/2015 18:08:46,1,Y,RVECLIP
CLFTEA31,ETS-2M-64,5829641,4410,7876,1290,N,PS53513RVER-LN,6543758C,1,09/16/2015 10:06:00,9/16/2015 18:8:46,09/16/2015 20:50:05,1,Y,RVECLIP
CLFTEA31,ETS-2M-64,5832734,4410,7828,1193,N,PS53513RVER-LN,6543758C,1,09/16/2015 10:06:00,9/16/2015 20:50:5,09/16/2015 23:30:26,1,Y,RVECLIP
CLFTEA31,ETS-2M-64,5832738,4410,7869,1193,N,PS53513RVER-LN,6543758C,1,09/16/2015 10:06:00,9/16/2015 23:30:26,09/17/2015 02:11:37,1,Y,RVECLIP
CLFTEA31,ETS-2M-64,5832737,4410,7825,1193,N,PS53513RVER-LN,6543758C,1,09/16/2015 10:06:00,9/17/2015 2:11:37,09/17/2015 04:51:53,1,Y,RVECLIP
CLFTEA31,ETS-2M-64,5832741,4410,7870,1193,N,PS53513RVER-LN,6543758C,1,09/16/2015 10:06:00,9/17/2015 4:51:53,09/17/2015 07:33:06,1,Y,RVECLIP
CLFTEA31,ETS-2M-64,5838911,4410,7875,996,N,PS53513RVER-LN,6543758C,1,09/16/2015 10:06:00,9/17/2015 7:33:6,09/17/2015 10:14:24,1,Y,RVECLIP
CLFTEA31,ETS-2M-64,5838917,4410,7831,996,N,PS53513RVER-LN,6543758C,1,09/16/2015 10:06:00,9/17/2015 10:14:24,09/17/2015 12:54:48,1,Y,RVECLIP
CLFTEA31,ETS-2M-64,5838908,4410,7863,996,N,PS53513RVER-LN,6543758C,1,09/16/2015 10:06:00,9/17/2015 12:54:48,09/17/2015 15:35:52,1,Y,RVECLIP
CLFTEA31,ETS-2M-64,5838907,4410,7818,996,N,PS53513RVER-LN,6543758C,1,09/16/2015 10:06:00,9/17/2015 15:35:52,09/17/2015 18:16:00,1,Y,RVECLIP
CLFTEA69,ETS-2-64,5828928,4410,17183,1414,N,S62740DSSR1-LK,6552808A,1,09/16/2015 10:06:00,9/16/2015 10:6:2,09/16/2015 12:33:42,1,Y,DSSST
CLFTEA69,ETS-2-64,5834854,4410,17273,1222,N,S62740DSSR1-LK,6552808A,1,09/16/2015 10:06:00,9/16/2015 12:33:42,09/16/2015 15:02:10,1,Y,DSSST
CLFTEA69,ETS-2-64,5834857,4410,17176,1222,N,S62740DSSR1-LK,6552808A,1,09/16/2015 10:06:00,9/16/2015 15:2:10,09/16/2015 17:29:49,1,Y,DSSST
CLFTEA69,ETS-2-64,5837555,4410,17227,1121,N,S62740DSSR1-LK,6552808A,1,09/16/2015 10:06:00,9/16/2015 17:29:49,09/16/2015 19:57:54,1,Y,DSSST
CLFTEA69,ETS-2-64,5837552,4410,17161,1121,N,S62740DSSR1-LK,6552808A,1,09/16/2015 10:06:00,9/16/2015 19:57:54,09/16/2015 22:25:25,1,Y,DSSST
CLFTEA69,ETS-2-64,5847667,4410,17280,851,N,S62740DSSR1-LK,6552808A,1,09/16/2015 10:06:00,9/16/2015 22:25:25,09/17/2015 00:53:57,1,Y,DSSST
CLFTEA69,ETS-2-64,5818946,4410,17218,1705,N,PS62745DSSR-LK,6552808A,1,09/16/2015 10:06:00,9/17/2015 0:53:57,09/17/2015 05:10:55,1,Y,DSSST
CLFTEA80,ETS-2-64,5844408,4410,15110,758,N,N1109048RHLR-L,6487925B,1,09/16/2015 10:06:00,9/16/2015 10:6:2,09/16/2015 15:16:05,1,Y,RHL
CLFTEA80,ETS-2-64,5845045,4410,15105,740,N,PS54821RHLR2-R,6487925B,1,09/16/2015 10:06:00,9/16/2015 15:16:5,09/16/2015 21:09:28,1,Y,RHL
CLFTEA80,ETS-2-64,5845044,4410,15027,740,N,PS54821RHLR2-R,6487925B,1,09/16/2015 10:06:00,9/16/2015 21:9:28,09/17/2015 03:01:01,1,Y,RHL
CLFTEA80,ETS-2-64,5845052,4410,15017,740,N,PS54821RHLR2-R,6487925B,1,09/16/2015 10:06:00,9/17/2015 3:1:1,09/17/2015 08:52:20,1,Y,RHL
CLFTEA80,ETS-2-64,5845050,4410,15022,740,N,PS54821RHLR2-R,6487925B,1,09/16/2015 10:06:00,9/17/2015 8:52:20,09/17/2015 14:43:46,1,Y,RHL
CLFTEA80,ETS-2-64,5846597,4410,15109,695,N,PS54821RHLR2-R,6487925B,1,09/16/2015 10:06:00,9/17/2015 14:43:46,09/17/2015 20:37:14,1,Y,RHL
CLFTEA80,ETS-2-64,5846601,4410,15113,695,N,PS54821RHLR2-R,6487925B,1,09/16/2015 10:06:00,9/17/2015 20:37:14,09/18/2015 02:30:48,1,Y,RHL
CLFTEA80,ETS-2-64,5845051,4410,14988,740,N,PS54821RHLR2-R,6487925B,1,09/16/2015 10:06:00,9/18/2015 2:30:48,09/18/2015 08:21:26,1,Y,RHL
CLFTEA33,ETS-2-64,5852267,4410,5192,633,N,S65175RSHR2-UN,6570774A,1,09/16/2015 10:06:00,9/16/2015 10:6:2,09/16/2015 14:15:15,1,Y,RSH
CLFTEA33,ETS-2-64,5852261,4410,5209,633,N,S65175RSHR2-UN,6570774A,1,09/16/2015 10:06:00,9/16/2015 14:15:15,09/16/2015 18:25:19,1,Y,RSH
CLFTEA33,ETS-2-64,5852266,4410,5206,633,N,S65175RSHR2-UN,6570774A,1,09/16/2015 10:06:00,9/16/2015 18:25:19,09/16/2015 22:35:15,1,Y,RSH
CLFTEA33,ETS-2-64,5852262,4410,5201,633,N,S65175RSHR2-UN,6570774A,1,09/16/2015 10:06:00,9/16/2015 22:35:15,09/17/2015 02:44:57,1,Y,RSH
CLFTEA33,ETS-2-64,5855662,4410,3539,513,N,S65175RSHR2-UN,6570774A,1,09/16/2015 10:06:00,9/17/2015 2:44:57,09/17/2015 05:34:51,1,Y,RSH
CLFTEA33,ETS-2-64,5855661,4410,3537,513,N,S65175RSHR2-UN,6570774A,1,09/16/2015 10:06:00,9/17/2015 5:34:51,09/17/2015 08:24:41,1,Y,RSH
CLFTEA33,ETS-2-64,5855659,4410,2749,513,N,S65175RSHR2-UN,6570774A,1,09/16/2015 10:06:00,9/17/2015 8:24:41,09/17/2015 10:36:40,1,Y,RSH
CLFTEA33,ETS-2-64,5855868,4410,5198,504,N,S65175RSHR2-UN,6570774A,1,09/16/2015 10:06:00,9/17/2015 10:36:40,09/17/2015 14:46:13,1,Y,RSH
CLFTEA33,ETS-2-64,5855864,4410,5191,504,N,S65175RSHR2-UN,6570774A,1,09/16/2015 10:06:00,9/17/2015 14:46:13,09/17/2015 18:55:26,1,Y,RSH
CLFTEA33,ETS-2-64,5859474,4410,7282,390,N,S65175RSHR2-UN,6570774A,1,09/16/2015 10:06:00,9/17/2015 18:55:26,09/18/2015 00:45:00,1,Y,RSH
CLFTEA33,ETS-2-64,5859473,4410,5115,390,N,S65175RSHR2-UN,6570774A,1,09/16/2015 10:06:00,9/18/2015 0:45:0,09/18/2015 04:50:34,1,Y,RSH
CLFTEA33,ETS-2-64,5859472,4410,5115,390,N,S65175RSHR2-UN,6570774A,1,09/16/2015 10:06:00,9/18/2015 4:50:34,09/18/2015 08:56:08,1,Y,RSH
CLFTEA33,ETS-2-64,5859471,4410,1443,390,N,S65175RSHR2-UN,6570774A,1,09/16/2015 10:06:00,9/18/2015 8:56:8,09/18/2015 10:05:26,1,Y,RSH
CLFTEA18,ETS-2-64,5845760,4410,7914,811,N,51980ARTVR-G2K,6487839B,1,09/16/2015 10:06:00,9/16/2015 10:6:2,09/16/2015 16:06:18,1,Y,RTV
CLFTEA18,ETS-2-64,5849315,4410,7901,707,N,51980ARTVR-G2K,6487839B,1,09/16/2015 10:06:00,9/16/2015 16:6:18,09/16/2015 22:06:02,1,Y,RTV
CLFTEA18,ETS-2-64,5849320,4410,7909,707,N,51980ARTVR-G2K,6487839B,1,09/16/2015 10:06:00,9/16/2015 22:6:2,09/17/2015 04:06:07,1,Y,RTV
CLFTEA18,ETS-2-64,5849314,4410,7896,707,N,51980ARTVR-G2K,6487839B,1,09/16/2015 10:06:00,9/17/2015 4:6:7,09/17/2015 10:05:37,1,Y,RTV
CLFTEA18,ETS-2-64,5849317,4410,7888,707,N,51980ARTVR-G2K,6487839B,1,09/16/2015 10:06:00,9/17/2015 10:5:37,09/17/2015 16:04:45,1,Y,RTV
CLFTEA18,ETS-2-64,5849316,4410,7910,707,N,51980ARTVR-G2K,6487839B,1,09/16/2015 10:06:00,9/17/2015 16:4:45,09/17/2015 22:04:53,1,Y,RTV
CLFTEA18,ETS-2-64,5843414,4410,6539,789,N,S51220ARTVR-LK,6487839B,1,09/16/2015 10:06:00,9/17/2015 22:4:53,09/18/2015 03:02:22,1,Y,RTV
CLFTEA18,ETS-2-64,5843412,4410,7889,789,N,S51220ARTVR-LK,6487839B,1,09/16/2015 10:06:00,9/18/2015 3:2:22,09/18/2015 09:01:17,1,Y,RTV
CLFTEA92,ETM-5-128,5664920,4410,8395,6590,N,BQ24298RTWR-G2,6579768C,1,09/16/2015 10:06:00,9/16/2015 10:6:2,09/16/2015 11:50:26,1,Y,RTWST300
CLFTEA92,ETM-5-128,5778165,4410,8307,3069,N,BQ24298RTWR-G2,6579768C,1,09/16/2015 10:06:00,9/16/2015 11:50:26,09/16/2015 13:33:46,1,Y,RTWST300
CLFTEA92,ETM-5-128,5789264,4410,10069,2695,N,BQ25892RTWR-G2,6579768C,1,09/16/2015 10:06:00,9/16/2015 13:33:46,09/16/2015 16:29:32,1,Y,RTWST300
CLFTEA92,ETM-5-128,5813469,4410,10021,1862,N,BQ25892RTWR-G2,6579768C,1,09/16/2015 10:06:00,9/16/2015 16:29:32,09/16/2015 19:24:28,1,Y,RTWST300
CLFTEA92,ETM-5-128,5813475,4410,6817,1862,N,BQ25892RTWR-G2,6579768C,1,09/16/2015 10:06:00,9/16/2015 19:24:28,09/16/2015 21:23:29,1,Y,RTWST300
CLFTEA92,ETM-5-128,5813480,4410,10060,1862,N,BQ25892RTWR-G2,6579768C,1,09/16/2015 10:06:00,9/16/2015 21:23:29,09/17/2015 00:19:05,1,Y,RTWST300
CLFTEA92,ETM-5-128,5813478,4410,10064,1862,N,BQ25892RTWR-G2,6579768C,1,09/16/2015 10:06:00,9/17/2015 0:19:5,09/17/2015 03:14:46,1,Y,RTWST300
CLFTEA92,ETM-5-128,5813467,4410,10058,1862,N,BQ25892RTWR-G2,6579768C,1,09/16/2015 10:06:00,9/17/2015 3:14:46,09/17/2015 06:10:20,1,Y,RTWST300
CLFTEA92,ETM-5-128,5813472,4410,10076,1862,N,BQ25892RTWR-G2,6579768C,1,09/16/2015 10:06:00,9/17/2015 6:10:20,09/17/2015 09:06:14,1,Y,RTWST300
CLFTEA92,ETM-5-128,5813477,4410,10064,1862,N,BQ25892RTWR-G2,6579768C,1,09/16/2015 10:06:00,9/17/2015 9:6:14,09/17/2015 12:01:54,1,Y,RTWST300
CLFTEA92,ETM-5-128,5816290,4410,8675,1791,N,BQ25892RTWR-G2,6579768C,1,09/16/2015 10:06:00,9/17/2015 12:1:54,09/17/2015 14:33:21,1,Y,RTWST300
CLFTEA92,ETM-5-128,5816286,4410,10074,1791,N,BQ25892RTWR-G2,6579768C,1,09/16/2015 10:06:00,9/17/2015 14:33:21,09/17/2015 17:29:12,1,Y,RTWST300
CLFTEA92,ETM-5-128,5816282,4410,10073,1791,N,BQ25892RTWR-G2,6579768C,1,09/16/2015 10:06:00,9/17/2015 17:29:12,09/17/2015 20:25:02,1,Y,RTWST300
CLFTEA92,ETM-5-128,5815416,4410,10003,1789,N,BQ25892RTWR-G2,6579768C,1,09/16/2015 10:06:00,9/17/2015 20:25:2,09/17/2015 23:19:39,1,Y,RTWST300
CLFTEA92,ETM-5-128,5821959,4410,10069,1620,N,BQ25892RTWR-G2,6579768C,1,09/16/2015 10:06:00,9/17/2015 23:19:39,09/18/2015 02:15:25,1,Y,RTWST300
CLFTEA92,ETM-5-128,5792128,4410,9748,2603,N,Q25895MRTWR-G2,6579768C,1,09/16/2015 10:06:00,9/18/2015 2:15:25,09/18/2015 04:38:42,1,Y,RTWST300
CLFTEA92,ETM-5-128,5796234,4410,8787,2378,N,Q25895MRTWR-G2,6579768C,1,09/16/2015 10:06:00,9/18/2015 4:38:42,09/18/2015 06:47:52,1,Y,RTWST300
CLFTEA92,ETM-5-128,5813471,4410,10078,1862,N,BQ25892RTWR-G2,6579768C,1,09/16/2015 10:06:00,9/18/2015 6:47:52,09/18/2015 09:43:48,1,Y,RTWST300
CLFTEA19,ETS-2-64,5841052,4410,15099,854,N,PS54622ARHLR-L,6487925B,1,09/16/2015 10:06:00,9/16/2015 10:6:2,09/16/2015 16:36:11,1,Y,RHL
CLFTEA19,ETS-2-64,5841049,4410,15098,854,N,PS54622ARHLR-L,6487925B,1,09/16/2015 10:06:00,9/16/2015 16:36:11,09/16/2015 23:06:22,1,Y,RHL
CLFTEA19,ETS-2-64,5841053,4410,15010,854,N,PS54622ARHLR-L,6487925B,1,09/16/2015 10:06:00,9/16/2015 23:6:22,09/17/2015 05:34:15,1,Y,RHL
CLFTEA19,ETS-2-64,5841054,4410,15039,854,N,PS54622ARHLR-L,6487925B,1,09/16/2015 10:06:00,9/17/2015 5:34:15,09/17/2015 12:02:54,1,Y,RHL
CLFTEA19,ETS-2-64,5845049,4410,15076,740,N,PS54821RHLR2-R,6487925B,1,09/16/2015 10:06:00,9/17/2015 12:2:54,09/17/2015 17:55:36,1,Y,RHL
CLFTEA19,ETS-2-64,5845048,4410,15103,740,N,PS54821RHLR2-R,6487925B,1,09/16/2015 10:06:00,9/17/2015 17:55:36,09/17/2015 23:48:56,1,Y,RHL
CLFTEA19,ETS-2-64,5846600,4410,15119,695,N,PS54821RHLR2-R,6487925B,1,09/16/2015 10:06:00,9/17/2015 23:48:56,09/18/2015 05:42:38,1,Y,RHL
CLFTEA56,ETS-2Q-64,5672538,4410,7704,6320,N,PS65168RSBR1-R,6518677A,1,09/16/2015 10:06:00,9/16/2015 10:6:2,09/16/2015 13:28:14,1,Y,RSB
CLFTEA54,ETM-5-128,5664924,4410,4988,6590,N,BQ24298RTWR-G2,6579768C,1,09/16/2015 10:06:00,9/16/2015 10:6:2,09/16/2015 11:08:04,1,Y,RTWST300
CLFTEA54,ETM-5-128,5813482,4410,6654,1862,N,BQ25892RTWR-G2,6579768C,1,09/16/2015 10:06:00,9/16/2015 11:8:4,09/16/2015 13:04:14,1,Y,RTWST300
CLFTEA54,ETM-5-128,5813465,4410,10075,1862,N,BQ25892RTWR-G2,6579768C,1,09/16/2015 10:06:00,9/16/2015 13:4:14,09/16/2015 16:00:06,1,Y,RTWST300
CLFTEA54,ETM-5-128,5816287,4410,9990,1791,N,BQ25892RTWR-G2,6579768C,1,09/16/2015 10:06:00,9/16/2015 16:0:6,09/16/2015 18:54:29,1,Y,RTWST300
CLFTEA54,ETM-5-128,5816289,4410,10076,1791,N,BQ25892RTWR-G2,6579768C,1,09/16/2015 10:06:00,9/16/2015 18:54:29,09/16/2015 21:50:23,1,Y,RTWST300
CLFTEA54,ETM-5-128,5815419,4410,10072,1789,N,BQ25892RTWR-G2,6579768C,1,09/16/2015 10:06:00,9/16/2015 21:50:23,09/17/2015 00:46:12,1,Y,RTWST300
CLFTEA54,ETM-5-128,5817430,4410,10073,1754,N,BQ25892RTWR-G2,6579768C,1,09/16/2015 10:06:00,9/17/2015 0:46:12,09/17/2015 03:42:02,1,Y,RTWST300
CLFTEA54,ETM-5-128,5817433,4410,10075,1754,N,BQ25892RTWR-G2,6579768C,1,09/16/2015 10:06:00,9/17/2015 3:42:2,09/17/2015 06:37:54,1,Y,RTWST300
CLFTEA54,ETM-5-128,5817427,4410,10071,1754,N,BQ25892RTWR-G2,6579768C,1,09/16/2015 10:06:00,9/17/2015 6:37:54,09/17/2015 09:33:42,1,Y,RTWST300
CLFTEA54,ETM-5-128,5818220,4410,10074,1724,N,BQ25892RTWR-G2,6579768C,1,09/16/2015 10:06:00,9/17/2015 9:33:42,09/17/2015 12:29:33,1,Y,RTWST300
CLFTEA54,ETM-5-128,5818216,4410,10043,1724,N,BQ25892RTWR-G2,6579768C,1,09/16/2015 10:06:00,9/17/2015 12:29:33,09/17/2015 15:24:52,1,Y,RTWST300
CLFTEA54,ETM-5-128,5819983,4410,10080,1682,N,BQ25892RTWR-G2,6579768C,1,09/16/2015 10:06:00,9/17/2015 15:24:52,09/17/2015 18:20:50,1,Y,RTWST300
CLFTEA54,ETM-5-128,5819978,4410,10040,1682,N,BQ25892RTWR-G2,6579768C,1,09/16/2015 10:06:00,9/17/2015 18:20:50,09/17/2015 21:16:05,1,Y,RTWST300
CLFTEA54,ETM-5-128,5820822,4410,10074,1653,N,BQ25892RTWR-G2,6579768C,1,09/16/2015 10:06:00,9/17/2015 21:16:5,09/18/2015 00:11:56,1,Y,RTWST300
CLFTEA54,ETM-5-128,5820814,4410,10073,1653,N,BQ25892RTWR-G2,6579768C,1,09/16/2015 10:06:00,9/18/2015 0:11:56,09/18/2015 03:07:47,1,Y,RTWST300
CLFTEA54,ETM-5-128,5820817,4410,10076,1653,N,BQ25892RTWR-G2,6579768C,1,09/16/2015 10:06:00,9/18/2015 3:7:47,09/18/2015 06:03:40,1,Y,RTWST300
CLFTEA54,ETM-5-128,5816281,4410,10076,1791,N,BQ25892RTWR-G2,6579768C,1,09/16/2015 10:06:00,9/18/2015 6:3:40,09/18/2015 08:59:33,1,Y,RTWST300
CLFTEA42,ETS-2-64,5850139,4410,15111,596,N,PS54821RHLR2-R,6487925B,1,09/16/2015 10:06:00,9/16/2015 10:6:2,09/16/2015 15:59:30,1,Y,RHL
CLFTEA42,ETS-2-64,5850138,4410,15080,596,N,PS54821RHLR2-R,6487925B,1,09/16/2015 10:06:00,9/16/2015 15:59:30,09/16/2015 21:52:18,1,Y,RHL
CLFTEA42,ETS-2-64,5844411,4410,15080,758,N,TPS54622RHLR-L,6487925B,1,09/16/2015 10:06:00,9/16/2015 21:52:18,09/17/2015 04:22:00,1,Y,RHL
CLFTEA42,ETS-2-64,5846599,4410,15116,695,N,PS54821RHLR2-R,6487925B,1,09/16/2015 10:06:00,9/17/2015 4:22:0,09/17/2015 10:15:38,1,Y,RHL
CLFTEA42,ETS-2-64,5849673,4410,15113,606,N,PS54821RHLR2-R,6487925B,1,09/16/2015 10:06:00,9/17/2015 10:15:38,09/17/2015 16:09:12,1,Y,RHL
CLFTEA17,ETS-0-64,5821864,4410,16827,1437,N,S62130ARGTRS-L,6513992B,1,09/16/2015 10:06:00,9/16/2015 10:6:2,09/16/2015 15:39:41,1,Y,RGTLLF
CLFTEA17,ETS-0-64,5835711,4410,16906,1005,N,S62130ARGTRS-L,6513992B,1,09/16/2015 10:06:00,9/16/2015 15:39:41,09/16/2015 21:14:56,1,Y,RGTLLF
CLFTEA17,ETS-0-64,5835705,4410,16852,1005,N,S62130ARGTRS-L,6513992B,1,09/16/2015 10:06:00,9/16/2015 21:14:56,09/17/2015 02:49:07,1,Y,RGTLLF
CLFTEA17,ETS-0-64,5835709,4410,16874,1005,N,S62130ARGTRS-L,6513992B,1,09/16/2015 10:06:00,9/17/2015 2:49:7,09/17/2015 08:23:45,1,Y,RGTLLF
CLFTEA17,ETS-0-64,5835708,4410,16865,1005,N,S62130ARGTRS-L,6513992B,1,09/16/2015 10:06:00,9/17/2015 8:23:45,09/17/2015 13:58:11,1,Y,RGTLLF
CLFTEA17,ETS-0-64,5838144,4410,16891,921,N,S62130ARGTRS-L,6513992B,1,09/16/2015 10:06:00,9/17/2015 13:58:11,09/17/2015 19:33:09,1,Y,RGTLLF
CLFTEA17,ETS-0-64,5838143,4410,16919,921,N,S62130ARGTRS-L,6513992B,1,09/16/2015 10:06:00,9/17/2015 19:33:9,09/18/2015 01:08:40,1,Y,RGTLLF
CLFTEA17,ETS-0-64,5838148,4410,16353,921,N,S62130ARGTRS-L,6513992B,1,09/16/2015 10:06:00,9/18/2015 1:8:40,09/18/2015 06:32:57,1,Y,RGTLLF
CLFTEA53,ETM-5-128,5778162,4410,10060,3069,N,BQ24298RTWR-G2,6579768C,1,09/16/2015 10:06:00,9/16/2015 10:6:2,09/16/2015 12:11:08,1,Y,RTWST300
CLFTEA53,ETM-5-128,5778166,4410,5021,3069,N,BQ24298RTWR-G2,6579768C,1,09/16/2015 10:06:00,9/16/2015 12:11:8,09/16/2015 13:13:37,1,Y,RTWST300
CLFTEA53,ETM-5-128,5770469,4410,10062,3278,N,BQ25890RTWR-G2,6579768C,1,09/16/2015 10:06:00,9/16/2015 13:13:37,09/16/2015 16:22:01,1,Y,RTWST300
CLFTEA53,ETM-5-128,5818217,4410,9864,1724,N,BQ25890RTWR-G2,6579768C,1,09/16/2015 10:06:00,9/16/2015 16:22:1,09/16/2015 19:26:44,1,Y,RTWST300
CLFTEA53,ETM-5-128,5819984,4410,9593,1682,N,BQ25890RTWR-G2,6579768C,1,09/16/2015 10:06:00,9/16/2015 19:26:44,09/16/2015 22:26:21,1,Y,RTWST300
CLFTEA53,ETM-5-128,5815417,4410,8577,1789,N,BQ25892RTWR-G2,6579768C,1,09/16/2015 10:06:00,9/16/2015 22:26:21,09/17/2015 00:56:05,1,Y,RTWST300
CLFTEA53,ETM-5-128,5815414,4410,10075,1789,N,BQ25892RTWR-G2,6579768C,1,09/16/2015 10:06:00,9/17/2015 0:56:5,09/17/2015 03:51:57,1,Y,RTWST300
CLFTEA53,ETM-5-128,5815420,4410,10075,1789,N,BQ25892RTWR-G2,6579768C,1,09/16/2015 10:06:00,9/17/2015 3:51:57,09/17/2015 06:47:50,1,Y,RTWST300
CLFTEA53,ETM-5-128,5818223,4410,5038,1724,N,BQ25892RTWR-G2,6579768C,1,09/16/2015 10:06:00,9/17/2015 6:47:50,09/17/2015 08:15:47,1,Y,RTWST300
CLFTEA53,ETM-5-128,5819980,4410,10076,1682,N,BQ25892RTWR-G2,6579768C,1,09/16/2015 10:06:00,9/17/2015 8:15:47,09/17/2015 11:11:41,1,Y,RTWST300
CLFTEA53,ETM-5-128,5819977,4410,10076,1682,N,BQ25892RTWR-G2,6579768C,1,09/16/2015 10:06:00,9/17/2015 11:11:41,09/17/2015 14:07:34,1,Y,RTWST300
CLFTEA53,ETM-5-128,5819976,4410,10074,1682,N,BQ25892RTWR-G2,6579768C,1,09/16/2015 10:06:00,9/17/2015 14:7:34,09/17/2015 17:03:25,1,Y,RTWST300
CLFTEA53,ETM-5-128,5819979,4410,10077,1682,N,BQ25892RTWR-G2,6579768C,1,09/16/2015 10:06:00,9/17/2015 17:3:25,09/17/2015 19:59:20,1,Y,RTWST300
CLFTEA53,ETM-5-128,5820819,4410,10080,1653,N,BQ25892RTWR-G2,6579768C,1,09/16/2015 10:06:00,9/17/2015 19:59:20,09/17/2015 22:55:17,1,Y,RTWST300
CLFTEA53,ETM-5-128,5820818,4410,10078,1653,N,BQ25892RTWR-G2,6579768C,1,09/16/2015 10:06:00,9/17/2015 22:55:17,09/18/2015 01:51:12,1,Y,RTWST300
CLFTEA53,ETM-5-128,5821954,4410,10056,1620,N,BQ25892RTWR-G2,6579768C,1,09/16/2015 10:06:00,9/18/2015 1:51:12,09/18/2015 04:46:45,1,Y,RTWST300
CLFTEA53,ETM-5-128,5820824,4410,10077,1653,N,BQ25890RTWR-G2,6579768C,1,09/16/2015 10:06:00,9/18/2015 4:46:45,09/18/2015 07:55:26,1,Y,RTWST300
CLFTEA32,ETS-2-128,5782241,4410,13789,2772,N,546QRTERQ11-G2,6524040A,1,09/16/2015 10:06:00,9/16/2015 10:6:2,09/16/2015 21:07:54,1,Y,RTE300
CLFTEA32,ETS-2-128,5792039,4410,13785,2473,N,546QRTERQ11-G2,6524040A,1,09/16/2015 10:06:00,9/16/2015 21:7:54,09/17/2015 08:09:38,1,Y,RTE300
CLFTEA32,ETS-2-128,5830992,4410,13795,1179,N,546QRTERQ11-G2,6524040A,1,09/16/2015 10:06:00,9/17/2015 8:9:38,09/17/2015 19:11:50,1,Y,RTE300
CLFTEA32,ETS-2-128,5807356,4410,13783,1917,N,546QRTERQ11-G2,6524040A,1,09/16/2015 10:06:00,9/17/2015 19:11:50,09/18/2015 06:13:27,1,Y,RTE300
CLFTEA34,ETS-2-64,5838153,4410,7182,929,N,PS53317RGBR-G2,6520958B,1,09/16/2015 10:06:00,9/16/2015 10:6:2,09/16/2015 14:17:27,1,Y,RGB300
CLFTEA34,ETS-2-64,5841980,4410,7192,826,N,PS53317RGBR-G2,6520958B,1,09/16/2015 10:06:00,9/16/2015 14:17:27,09/16/2015 18:29:15,1,Y,RGB300
CLFTEA34,ETS-2-64,5841988,4410,5623,826,N,PS53317RGBR-G2,6520958B,1,09/16/2015 10:06:00,9/16/2015 18:29:15,09/16/2015 21:46:08,1,Y,RGB300
CLFTEA34,ETS-2-64,5841985,4410,7151,826,N,PS53317RGBR-G2,6520958B,1,09/16/2015 10:06:00,9/16/2015 21:46:8,09/17/2015 01:56:30,1,Y,RGB300
CLFTEA34,ETS-2-64,5841982,4410,7105,826,N,PS53317RGBR-G2,6520958B,1,09/16/2015 10:06:00,9/17/2015 1:56:30,09/17/2015 06:05:15,1,Y,RGB300
CLFTEA34,ETS-2-64,5841987,4410,7184,826,N,PS53317RGBR-G2,6520958B,1,09/16/2015 10:06:00,9/17/2015 6:5:15,09/17/2015 10:16:47,1,Y,RGB300
CLFTEA34,ETS-2-64,5849210,4410,3581,618,N,PS53317RGBR-G2,6520958B,1,09/16/2015 10:06:00,9/17/2015 10:16:47,09/17/2015 12:22:11,1,Y,RGB300
CLFTEA52,ETM-5-128,5778164,4410,10045,3069,N,BQ24298RTWR-G2,6579768C,1,09/16/2015 10:06:00,9/16/2015 10:6:2,09/16/2015 12:10:57,1,Y,RTWST300
CLFTEA52,ETM-5-128,5778163,4410,10065,3069,N,BQ24298RTWR-G2,6579768C,1,09/16/2015 10:06:00,9/16/2015 12:10:57,09/16/2015 14:16:09,1,Y,RTWST300
CLFTEA52,ETM-5-128,5821956,4410,5039,1620,N,BQ25890RTWR-G2,6579768C,1,09/16/2015 10:06:00,9/16/2015 14:16:9,09/16/2015 15:50:31,1,Y,RTWST300
CLFTEA52,ETM-5-128,5816288,4410,10063,1791,N,BQ25892RTWR-G2,6579768C,1,09/16/2015 10:06:00,9/16/2015 15:50:31,09/16/2015 18:46:11,1,Y,RTWST300
CLFTEA52,ETM-5-128,5816280,4410,10077,1791,N,BQ25892RTWR-G2,6579768C,1,09/16/2015 10:06:00,9/16/2015 18:46:11,09/16/2015 21:42:05,1,Y,RTWST300
CLFTEA52,ETM-5-128,5816283,4410,10075,1791,N,BQ25892RTWR-G2,6579768C,1,09/16/2015 10:06:00,9/16/2015 21:42:5,09/17/2015 00:37:58,1,Y,RTWST300
CLFTEA52,ETM-5-128,5815415,4410,10077,1789,N,BQ25892RTWR-G2,6579768C,1,09/16/2015 10:06:00,9/17/2015 0:37:58,09/17/2015 03:33:52,1,Y,RTWST300
CLFTEA52,ETM-5-128,5815412,4410,10065,1789,N,BQ25892RTWR-G2,6579768C,1,09/16/2015 10:06:00,9/17/2015 3:33:52,09/17/2015 06:29:34,1,Y,RTWST300
CLFTEA52,ETM-5-128,5817435,4410,10076,1754,N,BQ25892RTWR-G2,6579768C,1,09/16/2015 10:06:00,9/17/2015 6:29:34,09/17/2015 09:25:27,1,Y,RTWST300
CLFTEA52,ETM-5-128,5817436,4410,6873,1754,N,BQ25892RTWR-G2,6579768C,1,09/16/2015 10:06:00,9/17/2015 9:25:27,09/17/2015 11:25:27,1,Y,RTWST300
CLFTEA52,ETM-5-128,5817429,4410,10068,1754,N,BQ25892RTWR-G2,6579768C,1,09/16/2015 10:06:00,9/17/2015 11:25:27,09/17/2015 14:21:11,1,Y,RTWST300
CLFTEA52,ETM-5-128,5818215,4410,10044,1724,N,BQ25892RTWR-G2,6579768C,1,09/16/2015 10:06:00,9/17/2015 14:21:11,09/17/2015 17:16:31,1,Y,RTWST300
CLFTEA52,ETM-5-128,5818219,4410,10072,1724,N,BQ25892RTWR-G2,6579768C,1,09/16/2015 10:06:00,9/17/2015 17:16:31,09/17/2015 20:12:20,1,Y,RTWST300
CLFTEA52,ETM-5-128,5818214,4410,10063,1724,N,BQ25892RTWR-G2,6579768C,1,09/16/2015 10:06:00,9/17/2015 20:12:20,09/17/2015 23:08:00,1,Y,RTWST300
CLFTEA52,ETM-5-128,5822924,4410,7507,1588,N,BQ25892RTWR-G2,6579768C,1,09/16/2015 10:06:00,9/17/2015 23:8:0,09/18/2015 01:19:03,1,Y,RTWST300
CLFTEA52,ETM-5-128,5820821,4410,10077,1653,N,BQ25892RTWR-G2,6579768C,1,09/16/2015 10:06:00,9/18/2015 1:19:3,09/18/2015 04:14:58,1,Y,RTWST300
CLFTEA52,ETM-5-128,5788014,4410,9356,2737,N,Q25895MRTWR-G2,6579768C,1,09/16/2015 10:06:00,9/18/2015 4:14:58,09/18/2015 06:32:29,1,Y,RTWST300
CLFTEA52,ETM-5-128,5796242,4410,5037,2378,N,Q25895MRTWR-G2,6579768C,1,09/16/2015 10:06:00,9/18/2015 6:32:29,09/18/2015 07:46:33,1,Y,RTWST300
CLFTEA52,ETM-5-128,5791005,4410,8929,2636,N,Q25895MRTWT-G2,6579768C,1,09/16/2015 10:06:00,9/18/2015 7:46:33,09/18/2015 09:57:48,1,Y,RTWST300
CLFTEA68,ETS-2-64,5819749,4410,3954,1511,N,PS65261RHBR-G2,6568521A,1,09/16/2015 10:06:00,9/16/2015 10:6:2,09/16/2015 11:13:26,1,Y,RHB300
CLFTEA68,ETS-2-64,5819746,4410,7849,1511,N,PS65261RHBR-G2,6568521A,1,09/16/2015 10:06:00,9/16/2015 11:13:26,09/16/2015 13:27:16,1,Y,RHB300
CLFTEA68,ETS-2-64,5819748,4410,4930,1511,N,PS65261RHBR-G2,6568521A,1,09/16/2015 10:06:00,9/16/2015 13:27:16,09/16/2015 14:51:20,1,Y,RHB300
CLFTEA68,ETS-2-64,5849312,4410,4917,618,N,S652611RHBR-G2,6568521A,1,09/16/2015 10:06:00,9/16/2015 14:51:20,09/16/2015 16:15:55,1,Y,RHB300
CLFTEA25,ETS-2-64,5863537,4410,1703,4277,N,BQ24196RGER-RY,6525585A,1,09/16/2015 10:06:00,9/16/2015 10:6:2,09/16/2015 10:46:18,1,Y,RGELLF
CLFTEA25,ETS-2-64,5841922,4410,9842,832,N,BQ24196RGER-RY,6525585A,1,09/16/2015 10:06:00,9/16/2015 10:46:18,09/16/2015 14:39:00,1,Y,RGELLF
CLFTEA25,ETS-2-64,5841926,4410,9952,832,N,BQ24196RGER-RY,6525585A,1,09/16/2015 10:06:00,9/16/2015 14:39:0,09/16/2015 18:34:19,1,Y,RGELLF
CLFTEA25,ETS-2-64,5843104,4410,9278,803,N,BQ24196RGER-RY,6525585A,1,09/16/2015 10:06:00,9/16/2015 18:34:19,09/16/2015 22:13:42,1,Y,RGELLF
CLFTEA25,ETS-2-64,5843100,4410,9915,803,N,BQ24196RGER-RY,6525585A,1,09/16/2015 10:06:00,9/16/2015 22:13:42,09/17/2015 02:08:08,1,Y,RGELLF
CLFTEA25,ETS-2-64,5843105,4410,8880,803,N,BQ24196RGER-RY,6525585A,1,09/16/2015 10:06:00,9/17/2015 2:8:8,09/17/2015 05:38:07,1,Y,RGELLF
CLFTEA25,ETS-2-64,5844289,4410,9214,767,N,BQ24196RGER-RY,6525585A,1,09/16/2015 10:06:00,9/17/2015 5:38:7,09/17/2015 09:15:59,1,Y,RGELLF
CLFTEA25,ETS-2-64,5844282,4410,9988,767,N,BQ24196RGER-RY,6525585A,1,09/16/2015 10:06:00,9/17/2015 9:15:59,09/17/2015 13:12:09,1,Y,RGELLF
CLFTEA25,ETS-2-64,5845413,4410,9796,734,N,BQ24196RGER-RY,6525585A,1,09/16/2015 10:06:00,9/17/2015 13:12:9,09/17/2015 17:03:46,1,Y,RGELLF
CLFTEA25,ETS-2-64,5846612,4410,9923,701,N,BQ24196RGER-RY,6525585A,1,09/16/2015 10:06:00,9/17/2015 17:3:46,09/17/2015 20:58:24,1,Y,RGELLF
CLFTEA25,ETS-2-64,5837079,4410,9621,316,N,BQ24196RGER-RY,6525585A,1,09/16/2015 10:06:00,9/17/2015 20:58:24,09/18/2015 00:45:53,1,Y,RGELLF
CLFTEA25,ETS-2-64,5843722,4410,9956,777,N,Q24192HRGER-RY,6525585A,1,09/16/2015 10:06:00,9/18/2015 0:45:53,09/18/2015 04:41:18,1,Y,RGELLF
CLFTEA25,ETS-2-64,5841918,4410,10008,832,N,BQ24196RGER-RY,6525585A,1,09/16/2015 10:06:00,9/18/2015 4:41:18,09/18/2015 08:37:56,1,Y,RGELLF
CLFTEA38,ETS-2-64,5792042,4410,7294,2473,N,546QRTERQ11-G2,6524040A,1,09/16/2015 10:06:00,9/16/2015 10:6:2,09/16/2015 15:56:09,1,Y,RTE300
CLFTEA38,ETS-2-64,5830997,4410,10615,1179,N,546QRTERQ11-G2,6524040A,1,09/16/2015 10:06:00,9/16/2015 15:56:9,09/17/2015 00:25:42,1,Y,RTE300
CLFTEA38,ETS-2-64,5830994,4410,13711,1179,N,546QRTERQ11-G2,6524040A,1,09/16/2015 10:06:00,9/17/2015 0:25:42,09/17/2015 11:23:53,1,Y,RTE300
CLFTEA38,ETS-2-64,5832824,4410,13750,1119,N,546QRTERQ11-G2,6524040A,1,09/16/2015 10:06:00,9/17/2015 11:23:53,09/17/2015 22:23:55,1,Y,RTE300
CLFTEA38,ETS-2-64,5832825,4410,13759,1119,N,546QRTERQ11-G2,6524040A,1,09/16/2015 10:06:00,9/17/2015 22:23:55,09/18/2015 09:24:24,1,Y,RTE300
CLFTEA75,ETS-2-64,5809610,4410,3342,2203,N,TPS2388RTQR-C,6570729C,1,09/16/2015 10:06:00,9/16/2015 10:6:2,09/17/2015 08:40:54,1,Y,RTQVTT
CLFTEA75,ETS-2-64,5833951,4410,3026,1406,N,TPS2388RTQR-C,6570729C,1,09/16/2015 10:06:00,9/17/2015 8:40:54,09/18/2015 05:07:42,1,Y,RTQVTT
CLFTEA66,ETS-2-64,5823146,4410,3331,1736,N,TPS2388RTQR-C,6570729C,1,09/16/2015 10:06:00,9/16/2015 10:6:2,09/17/2015 08:36:26,1,Y,RTQVTT
CLFTEA66,ETS-2-64,5833950,4410,3310,1406,N,TPS2388RTQR-C,6570729C,1,09/16/2015 10:06:00,9/17/2015 8:36:26,09/18/2015 06:58:22,1,Y,RTQVTT
CLFTEA76,ETS-2-64,5806573,4410,3326,2291,N,TPS2388RTQR-C,6570729C,1,09/16/2015 10:06:00,9/16/2015 10:6:2,09/17/2015 08:34:25,1,Y,RTQVTT
CLFTEA76,ETS-2-64,5806565,4410,3346,2291,N,TPS2388RTQR-C,6570729C,1,09/16/2015 10:06:00,9/17/2015 8:34:25,09/18/2015 07:10:56,1,Y,RTQVTT
CLFTEA71,ETS-1-64,5837764,4410,15106,1000,N,S54620RGYR1-G2,6487925B,1,09/16/2015 10:06:00,9/16/2015 10:6:2,09/16/2015 15:17:04,1,Y,RGY300
CLFTEA71,ETS-1-64,5837763,4410,15086,1000,N,S54620RGYR1-G2,6487925B,1,09/16/2015 10:06:00,9/16/2015 15:17:4,09/16/2015 20:27:44,1,Y,RGY300
CLFTEA71,ETS-1-64,5837771,4410,7550,1000,N,S54620RGYR1-G2,6487925B,1,09/16/2015 10:06:00,9/16/2015 20:27:44,09/16/2015 23:03:14,1,Y,RGY300
CLFTEA71,ETS-1-64,5837762,4410,15098,1000,N,S54620RGYR1-G2,6487925B,1,09/16/2015 10:06:00,9/16/2015 23:3:14,09/17/2015 04:14:09,1,Y,RGY300
CLFTEA71,ETS-1-64,5841124,4410,15066,952,N,S54620RGYR1-G2,6487925B,1,09/16/2015 10:06:00,9/17/2015 4:14:9,09/17/2015 09:24:24,1,Y,RGY300
CLFTEA64,ETS-2-64,5798101,4410,6885,2173,N,TPS55330RTET-L,6525239A,1,09/16/2015 10:06:00,9/16/2015 10:6:2,09/16/2015 13:09:48,1,Y,RTE
CLFTEA64,ETS-2-64,5798100,4410,12901,2173,N,TPS55330RTET-L,6525239A,1,09/16/2015 10:06:00,9/16/2015 13:9:48,09/16/2015 18:54:10,1,Y,RTE
CLFTEA36,ETS-2-64,5833410,4410,10016,1106,N,Q24296MRGER-G2,6525585A,1,09/16/2015 10:06:00,9/16/2015 10:6:2,09/16/2015 13:46:00,1,Y,RGE300
CLFTEA36,ETS-2-64,5841214,4410,10073,849,N,Q24296MRGER-G2,6525585A,1,09/16/2015 10:06:00,9/16/2015 13:46:0,09/16/2015 17:27:16,1,Y,RGE300
CLFTEA36,ETS-2-64,5841213,4410,10070,849,N,Q24296MRGER-G2,6525585A,1,09/16/2015 10:06:00,9/16/2015 17:27:16,09/16/2015 21:08:28,1,Y,RGE300
CLFTEA36,ETS-2-64,5851593,4410,7307,552,N,Q24296MRGER-G2,6525585A,1,09/16/2015 10:06:00,9/16/2015 21:8:28,09/16/2015 23:48:59,1,Y,RGE300
CLFTEA36,ETS-2-64,5851592,4410,10069,552,N,Q24296MRGER-G2,6525585A,1,09/16/2015 10:06:00,9/16/2015 23:48:59,09/17/2015 03:30:10,1,Y,RGE300
CLFTEA36,ETS-2-64,5855995,4410,10072,396,N,Q24296MRGER-G2,6525585A,1,09/16/2015 10:06:00,9/17/2015 3:30:10,09/17/2015 07:11:24,1,Y,RGE300
CLFTEA12,ETS-2-64,5838098,4410,11287,930,N,A2314AIDRBR-CK,No_Tooling,1,09/16/2015 10:06:00,9/16/2015 10:6:0,09/16/2015 19:07:49,1,Y,DRB
CLFTEA12,ETS-2-64,5838094,4410,13797,930,N,A2314AIDRBR-CK,No_Tooling,1,09/16/2015 10:06:00,9/16/2015 19:7:49,09/17/2015 06:10:06,1,Y,DRB
CLFTEA12,ETS-2-64,5838095,4410,13774,930,N,A2314AIDRBR-CK,No_Tooling,1,09/16/2015 10:06:00,9/17/2015 6:10:6,09/17/2015 17:11:18,1,Y,DRB
CLFTEA12,ETS-2-64,5838091,4410,13793,930,N,A2314AIDRBR-CK,No_Tooling,1,09/16/2015 10:06:00,9/17/2015 17:11:18,09/18/2015 04:13:24,1,Y,DRB
CLFTEA41,ETS-2-64,5833948,4410,3341,1406,N,TPS2388RTQR-C,6570729C,1,09/16/2015 10:06:00,9/16/2015 10:6:2,09/17/2015 08:40:30,1,Y,RTQVTT
CLFTEA41,ETS-2-64,5832986,4410,3329,1437,N,TPS2388RTQR-C,6570729C,1,09/16/2015 10:06:00,9/17/2015 8:40:30,09/18/2015 07:10:08,1,Y,RTQVTT
CLFTEA26,ETS-2-64,5828974,4410,7084,1240,N,V62090RGTR1-G2,6527607B,2,09/16/2015 10:06:00,9/16/2015 10:6:2,09/16/2015 11:38:22,1,Y,RGT300
CLFTEA26,ETS-2-64,5832999,4410,13794,1114,N,V62090RGTR1-G2,6527607B,2,09/16/2015 10:06:00,9/16/2015 11:38:22,09/16/2015 14:38:13,1,Y,RGT300
CLFTEA26,ETS-2-64,5832998,4410,12608,1114,N,V62090RGTR1-G2,6527607B,2,09/16/2015 10:06:00,9/16/2015 14:38:13,09/16/2015 17:22:36,1,Y,RGT300
CLFTEA26,ETS-2-64,5833000,4410,13729,1114,N,V62090RGTR1-G2,6527607B,2,09/16/2015 10:06:00,9/16/2015 17:22:36,09/16/2015 20:21:36,1,Y,RGT300
CLFTEA26,ETS-2-64,5832997,4410,13796,1114,N,V62090RGTR1-G2,6527607B,2,09/16/2015 10:06:00,9/16/2015 20:21:36,09/16/2015 23:21:29,1,Y,RGT300
CLFTEA26,ETS-2-64,5833002,4410,11623,1114,N,V62090RGTR1-G2,6527607B,2,09/16/2015 10:06:00,9/16/2015 23:21:29,09/17/2015 01:53:02,1,Y,RGT300
CLFTEA26,ETS-2-64,5833001,4410,13775,1114,N,V62090RGTR1-G2,6527607B,2,09/16/2015 10:06:00,9/17/2015 1:53:2,09/17/2015 04:52:38,1,Y,RGT300
CLFTEA26,ETS-2-64,5846750,4410,13763,694,N,V62090RGTR1-G2,6527607B,2,09/16/2015 10:06:00,9/17/2015 4:52:38,09/17/2015 07:52:04,1,Y,RGT300
CLFTEA26,ETS-2-64,5846749,4410,13721,694,N,V62090RGTR1-G2,6527607B,2,09/16/2015 10:06:00,9/17/2015 7:52:4,09/17/2015 10:50:58,1,Y,RGT300
CLFTEA26,ETS-2-64,5846746,4410,13718,694,N,V62090RGTR1-G2,6527607B,2,09/16/2015 10:06:00,9/17/2015 10:50:58,09/17/2015 13:49:49,1,Y,RGT300
CLFTEA26,ETS-2-64,5846744,4410,13743,694,N,V62090RGTR1-G2,6527607B,2,09/16/2015 10:06:00,9/17/2015 13:49:49,09/17/2015 16:49:00,1,Y,RGT300
CLFTEA26,ETS-2-64,5846752,4410,13798,694,N,V62090RGTR1-G2,6527607B,2,09/16/2015 10:06:00,9/17/2015 16:49:0,09/17/2015 19:48:54,1,Y,RGT300
CLFTEA26,ETS-2-64,5846748,4410,13797,694,N,V62090RGTR1-G2,6527607B,2,09/16/2015 10:06:00,9/17/2015 19:48:54,09/17/2015 22:48:47,1,Y,RGT300
CLFTEA26,ETS-2-64,5846747,4410,13804,694,N,V62090RGTR1-G2,6527607B,2,09/16/2015 10:06:00,9/17/2015 22:48:47,09/18/2015 01:48:46,1,Y,RGT300
CLFTEA26,ETS-2-64,5846753,4410,13723,694,N,V62090RGTR1-G2,6527607B,2,09/16/2015 10:06:00,9/18/2015 1:48:46,09/18/2015 04:47:41,1,Y,RGT300
CLFTEA26,ETS-2-64,5846745,4410,13799,694,N,V62090RGTR1-G2,6527607B,2,09/16/2015 10:06:00,9/18/2015 4:47:41,09/18/2015 07:47:36,1,Y,RGT300
CLFTEA26,ETS-2-64,5853024,4410,9603,498,N,V62090RGTR1-G2,6527607B,2,09/16/2015 10:06:00,9/18/2015 7:47:36,09/18/2015 09:52:49,1,Y,RGT300
CLFTEA79,ETS-2M-64,5727743,4410,3803,4798,N,95377Q4M1-LQN#,6544140B,1,09/16/2015 10:06:00,9/16/2015 10:6:2,09/16/2015 13:08:35,1,Y,DPC
CLFTEA79,ETS-2M-64,5727751,4410,3834,4798,N,95377Q4M2-LQN#,6544140B,1,09/16/2015 10:06:00,9/16/2015 13:8:35,09/16/2015 16:12:39,1,Y,DPC
CLFTEA79,ETS-2M-64,5727056,4410,3609,4823,N,D59998Q4M-LQN&,6544140B,1,09/16/2015 10:06:00,9/16/2015 16:12:39,09/16/2015 19:05:56,1,Y,DPC
CLFTEA79,ETS-2M-64,5727053,4410,3811,4823,N,D95377Q4M-LQN#,6544140B,1,09/16/2015 10:06:00,9/16/2015 19:5:56,09/16/2015 22:08:54,1,Y,DPC
CLFTEA15,ETS-2-64,5838093,4410,13795,1330,N,A2314AIDRBR-CK,No_Tooling,1,09/16/2015 10:06:00,9/16/2015 10:6:0,09/16/2015 21:08:12,1,Y,DRB
CLFTEA15,ETS-2-64,5838092,4410,13764,930,N,A2314AIDRBR-CK,No_Tooling,1,09/16/2015 10:06:00,9/16/2015 21:8:12,09/17/2015 08:08:54,1,Y,DRB
CLFTEA15,ETS-2-64,5841258,4410,13777,850,N,A2314AIDRBR-CK,No_Tooling,1,09/16/2015 10:06:00,9/17/2015 8:8:54,09/17/2015 19:10:15,1,Y,DRB
CLFTEA15,ETS-2-64,5841254,4410,13719,850,N,A2314AIDRBR-CK,No_Tooling,1,09/16/2015 10:06:00,9/17/2015 19:10:15,09/18/2015 06:08:48,1,Y,DRB
CLFTEA29,ETS-2-64,5841250,4410,13772,850,N,A2314AIDRBR-CK,No_Tooling,1,09/16/2015 10:06:00,9/16/2015 10:6:0,09/16/2015 21:07:05,1,Y,DRB
CLFTEA29,ETS-2-64,5841261,4410,13806,850,N,A2314AIDRBR-CK,No_Tooling,1,09/16/2015 10:06:00,9/16/2015 21:7:5,09/17/2015 08:09:49,1,Y,DRB
CLFTEA29,ETS-2-64,5841251,4410,13818,850,N,A2314AIDRBR-CK,No_Tooling,1,09/16/2015 10:06:00,9/17/2015 8:9:49,09/17/2015 19:13:08,1,Y,DRB
CLFTEA29,ETS-2-64,5838089,4410,13804,930,N,A2314AIDRBR-CK,No_Tooling,1,09/16/2015 10:06:00,9/17/2015 19:13:8,09/18/2015 06:15:46,1,Y,DRB
CLFTEA89,ETM-5-128,5821961,4410,5872,1620,N,BQ25890RTWR-G2,6579768C,1,09/16/2015 10:06:00,9/16/2015 10:6:2,09/16/2015 11:55:58,1,Y,RTWST300
CLFTEA89,ETM-5-128,5824166,4410,7503,1553,N,BQ25890RTWR-G2,6579768C,1,09/16/2015 10:06:00,9/16/2015 11:55:58,09/16/2015 14:16:28,1,Y,RTWST300
CLFTEA89,ETM-5-128,5812844,4410,10075,1893,N,BQ25892RTWR-G2,6579768C,1,09/16/2015 10:06:00,9/16/2015 14:16:28,09/16/2015 17:12:20,1,Y,RTWST300
CLFTEA89,ETM-5-128,5812845,4410,8546,1893,N,BQ25892RTWR-G2,6579768C,1,09/16/2015 10:06:00,9/16/2015 17:12:20,09/16/2015 19:41:31,1,Y,RTWST300
CLFTEA89,ETM-5-128,5813481,4410,10072,1862,N,BQ25892RTWR-G2,6579768C,1,09/16/2015 10:06:00,9/16/2015 19:41:31,09/16/2015 22:37:21,1,Y,RTWST300
CLFTEA89,ETM-5-128,5813479,4410,10076,1862,N,BQ25892RTWR-G2,6579768C,1,09/16/2015 10:06:00,9/16/2015 22:37:21,09/17/2015 01:33:14,1,Y,RTWST300
CLFTEA89,ETM-5-128,5813473,4410,10078,1862,N,BQ25892RTWR-G2,6579768C,1,09/16/2015 10:06:00,9/17/2015 1:33:14,09/17/2015 04:29:09,1,Y,RTWST300
CLFTEA89,ETM-5-128,5813474,4410,10076,1862,N,BQ25892RTWR-G2,6579768C,1,09/16/2015 10:06:00,9/17/2015 4:29:9,09/17/2015 07:25:03,1,Y,RTWST300
CLFTEA89,ETM-5-128,5813466,4410,10075,1862,N,BQ25892RTWR-G2,6579768C,1,09/16/2015 10:06:00,9/17/2015 7:25:3,09/17/2015 10:20:55,1,Y,RTWST300
CLFTEA89,ETM-5-128,5813470,4410,10078,1862,N,BQ25892RTWR-G2,6579768C,1,09/16/2015 10:06:00,9/17/2015 10:20:55,09/17/2015 13:16:50,1,Y,RTWST300
CLFTEA89,ETM-5-128,5813468,4410,10076,1862,N,BQ25892RTWR-G2,6579768C,1,09/16/2015 10:06:00,9/17/2015 13:16:50,09/17/2015 16:12:44,1,Y,RTWST300
CLFTEA89,ETM-5-128,5815422,4410,5878,1789,N,BQ25892RTWR-G2,6579768C,1,09/16/2015 10:06:00,9/17/2015 16:12:44,09/17/2015 17:55:21,1,Y,RTWST300
CLFTEA89,ETM-5-128,5817428,4410,8724,1754,N,BQ25892RTWR-G2,6579768C,1,09/16/2015 10:06:00,9/17/2015 17:55:21,09/17/2015 20:27:39,1,Y,RTWST300
CLFTEA89,ETM-5-128,5820825,4410,8521,1653,N,BQ25892RTWR-G2,6579768C,1,09/16/2015 10:06:00,9/17/2015 20:27:39,09/17/2015 22:56:24,1,Y,RTWST300
CLFTEA89,ETM-5-128,5825412,4410,5034,1515,N,BQ25892RTWR-G2,6579768C,1,09/16/2015 10:06:00,9/17/2015 22:56:24,09/18/2015 00:24:17,1,Y,RTWST300
CLFTEA89,ETM-5-128,5792126,4410,8416,2603,N,Q25895MRTWR-G2,6579768C,1,09/16/2015 10:06:00,9/18/2015 0:24:17,09/18/2015 02:28:00,1,Y,RTWST300
CLFTEA89,ETM-5-128,5796231,4410,10071,2378,N,Q25895MRTWR-G2,6579768C,1,09/16/2015 10:06:00,9/18/2015 2:28:0,09/18/2015 04:56:02,1,Y,RTWST300
CLFTEA89,ETM-5-128,5796232,4410,10071,2378,N,Q25895MRTWR-G2,6579768C,1,09/16/2015 10:06:00,9/18/2015 4:56:2,09/18/2015 07:24:05,1,Y,RTWST300
CLFTEA89,ETM-5-128,5796229,4410,10071,2378,N,Q25895MRTWR-G2,6579768C,1,09/16/2015 10:06:00,9/18/2015 7:24:5,09/18/2015 09:52:07,1,Y,RTWST300
CLFTEA22,ETS-0-64,5823996,4410,6889,1391,N,TPS2557DRBR3-R,6505771B,1,09/16/2015 10:06:00,9/16/2015 10:6:2,09/16/2015 15:36:42,1,Y,DRB
CLFTEA22,ETS-0-64,5826619,4410,8891,1324,N,TPS2557DRBR3-R,6505771B,1,09/16/2015 10:06:00,9/16/2015 15:36:42,09/16/2015 22:43:31,1,Y,DRB
CLFTEA22,ETS-0-64,5833973,4410,12509,1094,N,TPS2557DRBR3-R,6505771B,1,09/16/2015 10:06:00,9/16/2015 22:43:31,09/17/2015 08:43:59,1,Y,DRB
CLFTEA22,ETS-0-64,5835867,4410,10784,1025,N,TPS2557DRBR3-R,6505771B,1,09/16/2015 10:06:00,9/17/2015 8:43:59,09/17/2015 17:21:40,1,Y,DRB
CLFTEA22,ETS-0-64,5835862,4410,10698,1025,N,TPS2557DRBR3-R,6505771B,1,09/16/2015 10:06:00,9/17/2015 17:21:40,09/18/2015 01:55:13,1,Y,DRB
CLFTEA22,ETS-0-64,5839817,4410,6895,900,N,TPS2557DRBR3-R,6505771B,1,09/16/2015 10:06:00,9/18/2015 1:55:13,09/18/2015 07:26:13,1,Y,DRB
CLFTEA49,ETS-2-64,5838097,4410,13754,930,N,A2314AIDRBR-CK,No_Tooling,1,09/16/2015 10:06:00,9/16/2015 10:6:0,09/16/2015 21:06:14,1,Y,DRB
CLFTEA49,ETS-2-64,5841253,4410,13811,850,N,A2314AIDRBR-CK,No_Tooling,1,09/16/2015 10:06:00,9/16/2015 21:6:14,09/17/2015 08:09:12,1,Y,DRB
CLFTEA49,ETS-2-64,5841252,4410,13778,850,N,A2314AIDRBR-CK,No_Tooling,1,09/16/2015 10:06:00,9/17/2015 8:9:12,09/17/2015 19:10:35,1,Y,DRB
CLFTEA49,ETS-2-64,5841256,4410,13791,850,N,A2314AIDRBR-CK,No_Tooling,1,09/16/2015 10:06:00,9/17/2015 19:10:35,09/18/2015 06:12:35,1,Y,DRB
CLFTEA13,ETS-1M-64,5821243,4410,7878,1463,N,7A8300RGWT-G2K,6555551A,1,09/16/2015 10:06:00,9/16/2015 10:6:2,09/16/2015 13:47:38,1,Y,RGW300
CLFTEA13,ETS-1M-64,5821245,4410,3890,1463,N,7A8300RGWT-G2K,6555551A,1,09/16/2015 10:06:00,9/16/2015 13:47:38,09/16/2015 15:37:06,1,Y,RGW300
CLFTEA13,ETS-1M-64,5821244,4410,4605,1463,N,7A8300RGWT-G2K,6555551A,1,09/16/2015 10:06:00,9/16/2015 15:37:6,09/16/2015 17:46:41,1,Y,RGW300
CLFTEA43,ETS-2-64,5831813,4410,15624,1139,N,S62130DRGTR-LY,6513992A,1,09/16/2015 10:06:00,9/16/2015 10:6:2,09/16/2015 14:01:52,1,Y,RGTLLF
CLFTEA43,ETS-2-64,5832832,4410,8453,1107,N,V62130ARGTR-LY,6513992A,1,09/16/2015 10:06:00,9/16/2015 14:1:52,09/16/2015 15:59:37,1,Y,RGTLLF
CLFTEA43,ETS-2-64,5834924,4410,16911,1037,N,V62150ARGTR-LY,6513992A,1,09/16/2015 10:06:00,9/16/2015 15:59:37,09/16/2015 19:58:10,1,Y,RGTLLF
CLFTEA58,ETS-2-128,5835079,4410,13791,1043,N,65633BKRTER-G2,6569306A,1,09/16/2015 10:06:00,9/16/2015 10:6:2,09/16/2015 14:24:37,1,Y,RTE300
CLFTEA58,ETS-2-128,5835909,4410,13815,1013,N,65633BKRTER-G2,6569306A,1,09/16/2015 10:06:00,9/16/2015 14:24:37,09/16/2015 18:43:41,1,Y,RTE300
CLFTEA58,ETS-2-128,5836664,4410,13810,982,N,65633BKRTER-G2,6569306A,1,09/16/2015 10:06:00,9/16/2015 18:43:41,09/16/2015 23:02:40,1,Y,RTE300
CLFTEA58,ETS-2-128,5836665,4410,13814,982,N,65633BKRTER-G2,6569306A,1,09/16/2015 10:06:00,9/16/2015 23:2:40,09/17/2015 03:21:43,1,Y,RTE300
CLFTEA58,ETS-2-128,5836668,4410,13774,982,N,65633BKRTER-G2,6569306A,1,09/16/2015 10:06:00,9/17/2015 3:21:43,09/17/2015 07:40:02,1,Y,RTE300
CLFTEA58,ETS-2-128,5837060,4410,13803,963,N,65633BKRTER-G2,6569306A,1,09/16/2015 10:06:00,9/17/2015 7:40:2,09/17/2015 11:58:52,1,Y,RTE300
CLFTEA58,ETS-2-128,5837061,4410,13801,963,N,65633BKRTER-G2,6569306A,1,09/16/2015 10:06:00,9/17/2015 11:58:52,09/17/2015 16:17:41,1,Y,RTE300
CLFTEA58,ETS-2-128,5837490,4410,13809,948,N,65633BKRTER-G2,6569306A,1,09/16/2015 10:06:00,9/17/2015 16:17:41,09/17/2015 20:36:39,1,Y,RTE300
CLFTEA58,ETS-2-128,5843112,4410,13712,797,N,65633BKRTER-G2,6569306A,1,09/16/2015 10:06:00,9/17/2015 20:36:39,09/18/2015 00:53:47,1,Y,RTE300
CLFTEA47,ETS-2-64,5841055,4410,7908,854,N,PS54622ARHLR-L,6487925B,1,09/16/2015 10:06:00,9/16/2015 10:6:2,09/16/2015 13:30:22,1,Y,RHL
CLFTEA47,ETS-2-64,5837748,4410,13500,943,N,PS54821RHLR2-R,6487925B,1,09/16/2015 10:06:00,9/16/2015 13:30:22,09/16/2015 18:46:12,1,Y,RHL
CLFTEA47,ETS-2-64,5841064,4410,15078,854,N,PS54821RHLR2-R,6487925B,1,09/16/2015 10:06:00,9/16/2015 18:46:12,09/17/2015 00:38:57,1,Y,RHL
CLFTEA47,ETS-2-64,5841059,4410,15073,854,N,PS54821RHLR2-R,6487925B,1,09/16/2015 10:06:00,9/17/2015 0:38:57,09/17/2015 06:31:35,1,Y,RHL
CLFTEA47,ETS-2-64,5841062,4410,15049,854,N,PS54821RHLR2-R,6487925B,1,09/16/2015 10:06:00,9/17/2015 6:31:35,09/17/2015 12:23:39,1,Y,RHL
CLFTEA47,ETS-2-64,5841060,4410,12736,854,N,PS54821RHLR2-R,6487925B,1,09/16/2015 10:06:00,9/17/2015 12:23:39,09/17/2015 17:21:36,1,Y,RHL
CLFTEA47,ETS-2-64,5841066,4410,12138,854,N,PS54821RHLR2-R,6487925B,1,09/16/2015 10:06:00,9/17/2015 17:21:36,09/17/2015 22:05:34,1,Y,RHL
CLFTEA47,ETS-2-64,5841057,4410,15096,854,N,PS54821RHLR2-R,6487925B,1,09/16/2015 10:06:00,9/17/2015 22:5:34,09/18/2015 03:58:44,1,Y,RHL
CLFTEA47,ETS-2-64,5841063,4410,15091,854,N,PS54821RHLR2-R,6487925B,1,09/16/2015 10:06:00,9/18/2015 3:58:44,09/18/2015 09:51:47,1,Y,RHL
CLFTEA48,ETS-2-64,5821906,4410,13820,1620,N,1312DRCR1-G2KY,6553054A,1,09/16/2015 10:06:00,9/16/2015 10:6:2,09/16/2015 12:05:22,1,Y,DRCST300
CLFTEA48,ETS-2-64,5821910,4410,11721,1620,N,1312DRCR1-G2KY,6553054A,1,09/16/2015 10:06:00,9/16/2015 12:5:22,09/16/2015 13:46:36,1,Y,DRCST300
CLFTEA84,ETS-2-64,5830718,4410,13779,1193,N,TPS2557DRBR3-R,6505771B,1,09/16/2015 10:06:00,9/16/2015 10:6:2,09/16/2015 21:07:26,1,Y,DRB
CLFTEA84,ETS-2-64,5835865,4410,13763,1025,N,TPS2557DRBR3-R,6505771B,1,09/16/2015 10:06:00,9/16/2015 21:7:26,09/17/2015 08:08:06,1,Y,DRB
CLFTEA84,ETS-2-64,5836630,4410,13703,993,N,TPS2557DRBR3-R,6505771B,1,09/16/2015 10:06:00,9/17/2015 8:8:6,09/17/2015 19:05:53,1,Y,DRB
CLFTEA45,ETS-2-64,5806564,4410,3305,2291,N,TPS2388RTQR-C,6570729C,1,09/16/2015 10:06:00,9/16/2015 10:6:2,09/17/2015 08:25:54,1,Y,RTQVTT
CLFTEA45,ETS-2-64,5809618,4410,2695,2203,N,TPS2388RTQR-C,6570729C,1,09/16/2015 10:06:00,9/17/2015 8:25:54,09/18/2015 02:38:30,1,Y,RTQVTT
CLFTEA51,ETS-2M-64,5828627,4410,13806,1248,N,65633BKRTER-G2,6569306A,1,09/16/2015 10:06:00,9/16/2015 10:6:2,09/16/2015 14:24:54,1,Y,RTE300
CLFTEA51,ETS-2M-64,5836669,4410,13812,982,N,65633BKRTER-G2,6569306A,1,09/16/2015 10:06:00,9/16/2015 14:24:54,09/16/2015 18:43:55,1,Y,RTE300
CLFTEA51,ETS-2M-64,5836670,4410,13813,982,N,65633BKRTER-G2,6569306A,1,09/16/2015 10:06:00,9/16/2015 18:43:55,09/16/2015 23:02:57,1,Y,RTE300
CLFTEA51,ETS-2M-64,5843111,4410,13804,797,N,65633BKRTER-G2,6569306A,1,09/16/2015 10:06:00,9/16/2015 23:2:57,09/17/2015 03:21:49,1,Y,RTE300
CLFTEA27,ETS-2-64,5803821,4410,1813,2372,N,TPS2388RTQR-C,6570729C,1,09/16/2015 10:06:00,9/16/2015 10:6:2,09/16/2015 22:21:02,1,Y,RTQVTT
CLFTEA65,ETS-2-64,5785851,4410,15108,2839,N,4622RHLR1-LQR#,6487925B,1,09/16/2015 10:06:00,9/16/2015 10:6:2,09/16/2015 16:36:25,1,Y,RHLST
CLFTEA9,ETS-0-64,5829653,4410,15040,1387,N,S61093DSKR-G2K,6506370A,1,09/16/2015 10:06:00,9/16/2015 10:6:2,09/16/2015 10:55:41,1,Y,DSKST300
CLFTEA9,ETS-0-64,5829649,4410,30086,1387,N,S61093DSKR-G2K,6506370A,1,09/16/2015 10:06:00,9/16/2015 10:55:41,09/16/2015 12:35:03,1,Y,DSKST300
CLFTEA9,ETS-0-64,5831747,4410,30090,1322,N,S61093DSKR-G2K,6506370A,1,09/16/2015 10:06:00,9/16/2015 12:35:3,09/16/2015 14:14:26,1,Y,DSKST300
CLFTEA9,ETS-0-64,5834826,4410,30086,1222,N,S61093DSKR-G2K,6506370A,1,09/16/2015 10:06:00,9/16/2015 14:14:26,09/16/2015 15:53:48,1,Y,DSKST300
CLFTEA77,ETS-2-64,5806575,4410,3305,2291,N,TPS2388RTQR-C,6570729C,1,09/16/2015 10:06:00,9/16/2015 10:6:2,09/17/2015 08:25:54,1,Y,RTQVTT
CLFTEA77,ETS-2-64,5833946,4410,3283,1406,N,TPS2388RTQR-C,6570729C,1,09/16/2015 10:06:00,9/17/2015 8:25:54,09/18/2015 06:36:53,1,Y,RTQVTT
CLFTEA20,ETS-2M-64,5829790,4410,6454,1211,N,BQ24133RGYR-G2,6515577B,1,09/16/2015 10:06:00,9/16/2015 10:6:2,09/16/2015 13:15:01,1,Y,RGY
CLFTEA20,ETS-2M-64,5835794,4410,6476,1013,N,BQ24170RGYR-G2,6515577B,1,09/16/2015 10:06:00,9/16/2015 13:15:1,09/16/2015 16:36:36,1,Y,RGY
CLFTEA20,ETS-2M-64,5835799,4410,6360,1013,N,BQ24170RGYR-G2,6515577B,1,09/16/2015 10:06:00,9/16/2015 16:36:36,09/16/2015 19:54:34,1,Y,RGY
CLFTEA20,ETS-2M-64,5835801,4410,6370,1013,N,BQ24170RGYR-G2,6515577B,1,09/16/2015 10:06:00,9/16/2015 19:54:34,09/16/2015 23:12:51,1,Y,RGY
CLFTEA20,ETS-2M-64,5835800,4410,6374,1013,N,BQ24170RGYR-G2,6515577B,1,09/16/2015 10:06:00,9/16/2015 23:12:51,09/17/2015 02:31:15,1,Y,RGY
CLFTEA20,ETS-2M-64,5835792,4410,3172,1013,N,BQ24170RGYR-G2,6515577B,1,09/16/2015 10:06:00,9/17/2015 2:31:15,09/17/2015 04:10:00,1,Y,RGY
CLFTEA20,ETS-2M-64,5835798,4410,6401,1013,N,BQ24170RGYR-G2,6515577B,1,09/16/2015 10:06:00,9/17/2015 4:10:0,09/17/2015 07:29:15,1,Y,RGY
CLFTEA20,ETS-2M-64,5835791,4410,3345,1013,N,BQ24170RGYR-G2,6515577B,1,09/16/2015 10:06:00,9/17/2015 7:29:15,09/17/2015 09:13:23,1,Y,RGY
CLFTEA20,ETS-2M-64,5835803,4410,3961,1013,N,BQ24170RGYR-G2,6515577B,1,09/16/2015 10:06:00,9/17/2015 9:13:23,09/17/2015 11:16:42,1,Y,RGY
CLFTEA20,ETS-2M-64,5835796,4410,6355,1013,N,BQ24170RGYR-G2,6515577B,1,09/16/2015 10:06:00,9/17/2015 11:16:42,09/17/2015 14:34:31,1,Y,RGY
CLFTEA74,ETS-2-64,5838088,4410,13813,930,N,A2314AIDRBR-CK,No_Tooling,1,09/16/2015 10:06:00,9/16/2015 10:6:0,09/16/2015 21:09:03,1,Y,DRB
CLFTEA74,ETS-2-64,5838096,4410,13796,930,N,A2314AIDRBR-CK,No_Tooling,1,09/16/2015 10:06:00,9/16/2015 21:9:3,09/17/2015 08:11:18,1,Y,DRB
CLFTEA74,ETS-2-64,5838090,4410,13820,930,N,A2314AIDRBR-CK,No_Tooling,1,09/16/2015 10:06:00,9/17/2015 8:11:18,09/17/2015 19:14:43,1,Y,DRB
CLFTEA87,ETM-4-64,5831697,4410,10074,1323,N,CD3211A1RGPR-L,6546767B,1,09/16/2015 10:06:00,9/16/2015 10:6:2,09/16/2015 11:25:34,1,Y,RGPST
CLFTEA87,ETM-4-64,5831686,4410,10067,1323,N,CD3211A1RGPR-L,6546767B,1,09/16/2015 10:06:00,9/16/2015 11:25:34,09/16/2015 12:45:05,1,Y,RGPST
CLFTEA87,ETM-4-64,5834799,4410,10047,1223,N,CD3211A1RGPR-L,6546767B,1,09/16/2015 10:06:00,9/16/2015 12:45:5,09/16/2015 14:04:27,1,Y,RGPST
CLFTEA87,ETM-4-64,5834784,4410,10065,1223,N,CD3211A1RGPR-L,6546767B,1,09/16/2015 10:06:00,9/16/2015 14:4:27,09/16/2015 15:23:57,1,Y,RGPST
CLFTEA87,ETM-4-64,5834791,4410,10069,1223,N,CD3211A1RGPR-L,6546767B,1,09/16/2015 10:06:00,9/16/2015 15:23:57,09/16/2015 16:43:29,1,Y,RGPST
CLFTEA87,ETM-4-64,5837680,4410,10077,1119,N,CD3211A1RGPR-L,6546767B,1,09/16/2015 10:06:00,9/16/2015 16:43:29,09/16/2015 18:03:05,1,Y,RGPST
CLFTEA87,ETM-4-64,5837685,4410,10044,1119,N,CD3211A1RGPR-L,6546767B,1,09/16/2015 10:06:00,9/16/2015 18:3:5,09/16/2015 19:22:25,1,Y,RGPST
CLFTEA87,ETM-4-64,5837684,4410,9808,1119,N,CD3211A1RGPR-L,6546767B,1,09/16/2015 10:06:00,9/16/2015 19:22:25,09/16/2015 20:39:53,1,Y,RGPST
CLFTEA87,ETM-4-64,5837683,4410,5037,1119,N,CD3211A1RGPR-L,6546767B,1,09/16/2015 10:06:00,9/16/2015 20:39:53,09/16/2015 21:19:42,1,Y,RGPST
CLFTEA87,ETM-4-64,5837679,4410,10077,1119,N,CD3211A1RGPR-L,6546767B,1,09/16/2015 10:06:00,9/16/2015 21:19:42,09/16/2015 22:39:18,1,Y,RGPST
CLFTEA87,ETM-4-64,5840790,4410,10064,1053,N,CD3211A1RGPR-L,6546767B,1,09/16/2015 10:06:00,9/16/2015 22:39:18,09/16/2015 23:58:47,1,Y,RGPST
CLFTEA87,ETM-4-64,5851155,4410,10076,754,N,CD3211A1RGPR-L,6546767B,1,09/16/2015 10:06:00,9/16/2015 23:58:47,09/17/2015 01:18:23,1,Y,RGPST
CLFTEA60,ETS-2-64,5841248,4410,6830,849,N,2592ZADRCR-G2K,6547181A,1,09/16/2015 10:06:00,9/16/2015 10:6:2,09/16/2015 13:16:28,1,Y,DRC
CLFTEA60,ETS-2-64,5841243,4410,13810,849,N,2592ZADRCR-G2K,6547181A,1,09/16/2015 10:06:00,9/16/2015 13:16:28,09/16/2015 19:41:32,1,Y,DRC
CLFTEA60,ETS-2-64,5846677,4410,6822,695,N,2592ZADRCR-G2K,6547181A,1,09/16/2015 10:06:00,9/16/2015 19:41:32,09/16/2015 22:51:47,1,Y,DRC
CLFTEA83,ETS-2-64,5844857,4410,13401,744,N,TPS2556DRBR-G2,6505771B,1,09/16/2015 10:06:00,9/16/2015 10:6:2,09/16/2015 12:26:39,1,Y,DRB300
CLFTEA83,ETS-2-64,5844853,4410,13777,744,N,TPS2556DRBR-G2,6505771B,1,09/16/2015 10:06:00,9/16/2015 12:26:39,09/16/2015 14:51:16,1,Y,DRB300
CLFTEA83,ETS-2-64,5844858,4410,11460,744,N,TPS2556DRBR-G2,6505771B,1,09/16/2015 10:06:00,9/16/2015 14:51:16,09/16/2015 16:51:33,1,Y,DRB300
CLFTEA61,ETS-2-64,5837513,4410,13780,948,N,5633BRTER-KDG2,6569306A,1,09/16/2015 10:06:00,9/16/2015 10:6:2,09/16/2015 14:18:06,1,Y,RTE300
CLFTEA61,ETS-2-64,5837509,4410,13801,948,N,5633BRTER-KDG2,6569306A,1,09/16/2015 10:06:00,9/16/2015 14:18:6,09/16/2015 18:30:36,1,Y,RTE300
CLFTEA61,ETS-2-64,5837514,4410,11350,948,N,5633BRTER-KDG2,6569306A,1,09/16/2015 10:06:00,9/16/2015 18:30:36,09/16/2015 21:58:16,1,Y,RTE300
CLFTEA61,ETS-2-64,5837511,4410,13808,948,N,5633BRTER-KDG2,6569306A,1,09/16/2015 10:06:00,9/16/2015 21:58:16,09/17/2015 02:10:54,1,Y,RTE300
CLFTEA61,ETS-2-64,5846709,4410,13805,695,N,65633AKRTER-G2,6569306A,1,09/16/2015 10:06:00,9/17/2015 2:10:54,09/17/2015 06:11:39,1,Y,RTE300
CLFTEA61,ETS-2-64,5846708,4410,13808,695,N,65633AKRTER-G2,6569306A,1,09/16/2015 10:06:00,9/17/2015 6:11:39,09/17/2015 10:12:28,1,Y,RTE300
CLFTEA61,ETS-2-64,5846712,4410,13794,695,N,65633AKRTER-G2,6569306A,1,09/16/2015 10:06:00,9/17/2015 10:12:28,09/17/2015 14:13:02,1,Y,RTE300
CLFTEA61,ETS-2-64,5846716,4410,11969,695,N,65633AKRTER-G2,6569306A,1,09/16/2015 10:06:00,9/17/2015 14:13:2,09/17/2015 17:41:46,1,Y,RTE300
CLFTEA61,ETS-2-64,5846710,4410,13712,695,N,65633AKRTER-G2,6569306A,1,09/16/2015 10:06:00,9/17/2015 17:41:46,09/17/2015 21:40:54,1,Y,RTE300
CLFTEA61,ETS-2-64,5836666,4410,13468,982,N,65633BKRTER-G2,6569306A,1,09/16/2015 10:06:00,9/17/2015 21:40:54,09/18/2015 01:53:28,1,Y,RTE300
CLFTEA61,ETS-2-64,5849180,4410,10527,618,N,PS65633RTER-G2,6569306A,1,09/16/2015 10:06:00,9/18/2015 1:53:28,09/18/2015 04:56:39,1,Y,RTE300
CLFTEA61,ETS-2-64,5837512,4410,13672,948,N,5633BRTER-KDG2,6569306A,1,09/16/2015 10:06:00,9/18/2015 4:56:39,09/18/2015 09:06:47,1,Y,RTE300
CLFTEA86,ETS-2-64,5846574,4410,13802,698,N,S62134ARGTR1-L,6575577B,1,09/16/2015 10:06:00,9/16/2015 10:6:2,09/16/2015 13:50:27,1,Y,RGT
CLFTEA86,ETS-2-64,5846575,4410,10132,698,N,S62134ARGTR1-L,6575577B,1,09/16/2015 10:06:00,9/16/2015 13:50:27,09/16/2015 16:35:15,1,Y,RGT
CLFTEA86,ETS-2-64,5849143,4410,13710,619,N,S62134CRGTR1-L,6575577B,1,09/16/2015 10:06:00,9/16/2015 16:35:15,09/16/2015 20:25:43,1,Y,RGT
CLFTEA67,ETS-2-64,5836661,4410,9585,975,N,S65283RGER-G2Y,6575258A,1,09/16/2015 10:06:00,9/16/2015 10:6:2,09/16/2015 14:35:39,1,Y,RGE300LLF
CLFTEA67,ETS-2-64,5839060,4410,9938,924,N,S65283RGER-G2Y,6575258A,1,09/16/2015 10:06:00,9/16/2015 14:35:39,09/16/2015 19:15:15,1,Y,RGE300LLF
CLFTEA70,ETS-2-64,5841135,4410,13819,852,N,CC24610DRBR-CK,6511094C,1,09/16/2015 10:06:00,9/16/2015 10:6:2,09/16/2015 13:39:40,1,Y,DRB
CLFTEA70,ETS-2-64,5835666,4410,7185,1013,N,CC24610DRBR-GK,6511094C,1,09/16/2015 10:06:00,9/16/2015 13:39:40,09/16/2015 15:30:48,1,Y,DRB
CLFTEA73,ETS-2-64,5835776,4410,10058,1014,N,51631RSMR-G2YK,6541533C,1,09/16/2015 10:06:00,9/16/2015 10:6:2,09/16/2015 13:42:34,1,Y,RSM300
CLFTEA73,ETS-2-64,5833990,4410,9375,1083,N,S51624RSMR-G2K,6541533C,1,09/16/2015 10:06:00,9/16/2015 13:42:34,09/16/2015 18:19:18,1,Y,RSM300
CLFTEA73,ETS-2-64,5836647,4410,10072,982,N,S51624RSMR-G2K,6541533C,1,09/16/2015 10:06:00,9/16/2015 18:19:18,09/16/2015 23:16:35,1,Y,RSM300
CLFTEA73,ETS-2-64,5839052,4410,10040,923,N,S51624RSMR-G2K,6541533C,1,09/16/2015 10:06:00,9/16/2015 23:16:35,09/17/2015 04:12:57,1,Y,RSM300
CLFTEA73,ETS-2-64,5839050,4410,10042,923,N,S51624RSMR-G2K,6541533C,1,09/16/2015 10:06:00,9/17/2015 4:12:57,09/17/2015 09:09:21,1,Y,RSM300
CLFTEA73,ETS-2-64,5839057,4410,8399,923,N,S51624RSMR-G2K,6541533C,1,09/16/2015 10:06:00,9/17/2015 9:9:21,09/17/2015 13:17:17,1,Y,RSM300
CLFTEA73,ETS-2-64,5839055,4410,10056,923,N,S51624RSMR-G2K,6541533C,1,09/16/2015 10:06:00,9/17/2015 13:17:17,09/17/2015 18:14:06,1,Y,RSM300
CLFTEA73,ETS-2-64,5839056,4410,10066,923,N,S51624RSMR-G2K,6541533C,1,09/16/2015 10:06:00,9/17/2015 18:14:6,09/17/2015 23:11:13,1,Y,RSM300
CLFTEA73,ETS-2-64,5839051,4410,10054,923,N,S51624RSMR-G2K,6541533C,1,09/16/2015 10:06:00,9/17/2015 23:11:13,09/18/2015 04:07:59,1,Y,RSM300
CLFTEA73,ETS-2-64,5839834,4410,4897,895,N,S51624RSMR-G2K,6541533C,1,09/16/2015 10:06:00,9/18/2015 4:7:59,09/18/2015 06:32:33,1,Y,RSM300
CLFTEA23,ETS-2-64,5821059,4410,5014,1648,N,PS61093DSKR-CK,6506370A,1,09/16/2015 10:06:00,9/16/2015 10:6:2,09/16/2015 10:22:35,1,Y,DSKST
CLFTEA81,ETS-2-64,5823318,4410,2969,1498,N,50842A0RSKR-G2,No_Tooling,1,09/16/2015 10:06:00,9/16/2015 10:6:0,09/16/2015 12:28:33,1,Y,RSK300
CLFTEA3,ETS-0-64,5712667,4410,6950,5050,N,PS2561DRCR1-LY,6505620C,1,09/16/2015 10:06:00,9/16/2015 10:6:2,09/16/2015 15:39:38,1,Y,DRCST
CLFTEA46,ETM-4-64,5841977,4410,16119,1019,N,771808DPJR-G2K,6548880A,1,09/16/2015 10:06:00,9/16/2015 10:6:2,09/16/2015 12:58:41,1,Y,DPJST300
CLFTEA10,ETS-1-64,5827074,4410,14200,1284,N,24075TRGTR-G2Y,6484140A,1,09/16/2015 10:06:00,9/16/2015 10:6:2,09/16/2015 14:02:54,1,Y,RGT300LLF
CLFTEA10,ETS-1-64,5827076,4410,8401,1284,N,24075TRGTR-G2Y,6484140A,1,09/16/2015 10:06:00,9/16/2015 14:2:54,09/16/2015 16:23:04,1,Y,RGT300LLF
CLFTEA10,ETS-1-64,5847720,4410,16898,660,N,24075TRGTR-G2Y,6484140A,1,09/16/2015 10:06:00,9/16/2015 16:23:4,09/16/2015 21:04:59,1,Y,RGT300LLF
CLFTEA10,ETS-1-64,5847719,4410,16855,660,N,24075TRGTR-G2Y,6484140A,1,09/16/2015 10:06:00,9/16/2015 21:4:59,09/17/2015 01:46:11,1,Y,RGT300LLF
CLFTEA10,ETS-1-64,5849714,4410,8417,607,N,Q24072TRGTR-G2,6484140A,1,09/16/2015 10:06:00,9/17/2015 1:46:11,09/17/2015 03:47:16,1,Y,RGT300LLF
CLFTEA57,ETS-2-64,5828900,4410,24837,1414,N,S62067DSGR1-G2,6506370A,1,09/16/2015 10:06:00,9/16/2015 10:6:2,09/16/2015 11:44:15,1,Y,DSGST
CLFTEA24,ETM-2-64,5818179,4410,7429,1550,N,S62736RGYR-G2K,6566885A,1,09/16/2015 10:06:00,9/16/2015 10:6:2,09/16/2015 13:08:56,1,Y,RGY300
CLFTEA24,ETM-2-64,5824078,4410,15030,1379,N,S62736RGYR-G2K,6566885A,1,09/16/2015 10:06:00,9/16/2015 13:8:56,09/16/2015 19:19:02,1,Y,RGY300
CLFTEA24,ETM-2-64,5824079,4410,15021,1379,N,S62736RGYR-G2K,6566885A,1,09/16/2015 10:06:00,9/16/2015 19:19:2,09/17/2015 01:28:53,1,Y,RGY300
CLFTEA24,ETM-2-64,5824080,4410,15013,1379,N,S62736RGYR-G2K,6566885A,1,09/16/2015 10:06:00,9/17/2015 1:28:53,09/17/2015 07:38:34,1,Y,RGY300
CLFTEA24,ETM-2-64,5824076,4410,15102,1379,N,S62736RGYR-G2K,6566885A,1,09/16/2015 10:06:00,9/17/2015 7:38:34,09/17/2015 13:50:25,1,Y,RGY300
CLFTEA24,ETM-2-64,5824082,4410,13889,1379,N,S62736RGYR-G2K,6566885A,1,09/16/2015 10:06:00,9/17/2015 13:50:25,09/17/2015 19:32:25,1,Y,RGY300
CLFTEA24,ETM-2-64,5824081,4410,15072,1379,N,S62736RGYR-G2K,6566885A,1,09/16/2015 10:06:00,9/17/2015 19:32:25,09/18/2015 01:43:32,1,Y,RGY300
CLFTEA6,ETM-2-64,5841653,4410,9890,882,N,24250RGER1-G2Y,6556725A,1,09/16/2015 10:06:00,9/16/2015 10:6:2,09/16/2015 17:30:12,1,Y,RGE300LLF
CLFTEA11,ETS-2-64,5831938,4410,3354,1468,N,TPS2388RTQR-C,6570729C,1,09/16/2015 10:06:00,9/16/2015 10:6:2,09/17/2015 08:45:46,1,Y,RTQVTT
CLFTEA11,ETS-2-64,5832982,4410,3216,1437,N,TPS2388RTQR-C,6570729C,1,09/16/2015 10:06:00,9/17/2015 8:45:46,09/18/2015 06:29:35,1,Y,RTQVTT
CLFTEA23,ETS-2-64,5866136,4410,5205,196,N,S65175RSHR2-UN,6570774A,1,09/16/2015 10:22:35,9/16/2015 10:22:38,09/16/2015 14:32:31,1,Y,RSH
CLFTEA23,ETS-2-64,5866134,4410,5213,196,N,S65175RSHR2-UN,6570774A,1,09/16/2015 10:22:35,9/16/2015 14:32:31,09/16/2015 18:42:47,1,Y,RSH
CLFTEA23,ETS-2-64,5866137,4410,5214,196,N,S65175RSHR2-UN,6570774A,1,09/16/2015 10:22:35,9/16/2015 18:42:47,09/16/2015 22:53:05,1,Y,RSH
CLFTEA23,ETS-2-64,5866139,4410,5215,196,N,S65175RSHR2-UN,6570774A,1,09/16/2015 10:22:35,9/16/2015 22:53:5,09/17/2015 03:03:27,1,Y,RSH
CLFTEA23,ETS-2-64,5866138,4410,5231,196,N,S65175RSHR2-UN,6570774A,1,09/16/2015 10:22:35,9/17/2015 3:3:27,09/17/2015 07:14:35,1,Y,RSH
CLFTEA23,ETS-2-64,5866135,4410,7234,196,N,S65175RSHR2-UN,6570774A,1,09/16/2015 10:22:35,9/17/2015 7:14:35,09/17/2015 13:01:51,1,Y,RSH
CLFTEA57,ETS-2-64,5838145,4410,16926,921,N,S62130ARGTRS-L,6513992B,1,09/16/2015 11:44:15,9/16/2015 11:44:18,09/16/2015 17:19:57,1,Y,RGTLLF
CLFTEA81,ETS-2-64,5847677,4410,13823,856,N,PS74801DRCR1-B,6554905A,1,09/16/2015 12:28:33,9/16/2015 12:28:35,09/16/2015 13:59:58,1,Y,DRCST
CLFTEA44,ETS-2M-64,5822244,4410,7031,1450,N,1108026RHDR1-R,6525600B,2,09/16/2015 13:12:42,9/16/2015 13:12:44,09/16/2015 16:31:13,1,Y,RHD
CLFTEA44,ETS-2M-64,5838790,4410,5415,933,N,1108026RHDR1-R,6525600B,2,09/16/2015 13:12:42,9/16/2015 16:31:13,09/16/2015 19:04:04,1,Y,RHD
CLFTEA44,ETS-2M-64,5838788,4410,7875,933,N,1108026RHDR1-R,6525600B,2,09/16/2015 13:12:42,9/16/2015 19:4:4,09/16/2015 22:46:22,1,Y,RHD
CLFTEA44,ETS-2M-64,5838789,4410,7912,933,N,1108026RHDR1-R,6525600B,2,09/16/2015 13:12:42,9/16/2015 22:46:22,09/17/2015 02:29:42,1,Y,RHD
CLFTEA48,ETS-2-64,5849318,4410,7913,707,N,51980ARTVR-G2K,6487839B,1,09/16/2015 13:46:36,9/16/2015 13:46:39,09/16/2015 19:46:55,1,Y,RTV
CLFTEA44,ETS-2M-64,5849711,4410,13767,605,N,V62090RGTR1-G2,6527607B,2,09/17/2015 02:29:42,9/17/2015 2:29:44,09/17/2015 05:29:14,1,Y,RGT300
CLFTEA44,ETS-2M-64,5849708,4410,13783,605,N,V62090RGTR1-G2,6527607B,2,09/17/2015 02:29:42,9/17/2015 5:29:14,09/17/2015 08:28:56,1,Y,RGT300
CLFTEA44,ETS-2M-64,5849700,4410,13785,605,N,V62090RGTR1-G2,6527607B,2,09/17/2015 02:29:42,9/17/2015 8:28:56,09/17/2015 11:28:40,1,Y,RGT300
CLFTEA44,ETS-2M-64,5849705,4410,13805,605,N,V62090RGTR1-G2,6527607B,2,09/17/2015 02:29:42,9/17/2015 11:28:40,09/17/2015 14:28:39,1,Y,RGT300
CLFTEA44,ETS-2M-64,5853023,4410,13736,498,N,V62090RGTR1-G2,6527607B,2,09/17/2015 02:29:42,9/17/2015 14:28:39,09/17/2015 17:27:45,1,Y,RGT300
CLFTEA53,ETM-5-128,5831678,4410,5035,1323,N,BQ25892RTWR-G2,6579768C,1,09/18/2015 07:55:26,9/18/2015 7:55:29,09/18/2015 09:23:21,1,Y,RTWST300
