Id,Route_name,Logpoint,Operation,dev_id,Device,Package,Pin,Alternate,PPH,MF_id,MF_name,TF_id,TF_name,ToolQty,Certification
0,LUTT-T1,7110,1,74,1REG103UAA/G,D,8,alt,2173,1,ETS564,106,6459957B,1,1
1,PUTT-T1,7100,1,93,1TPA2005D1DGNR,DGN,8,,2500,4,ETS-0-64,43,6464875A,1,1
2,PUTT-T1,7100,1,93,1TPA2005D1DGNR,DGN,8,alt,2500,0,ETS-1-64,43,6464875A,1,1
3,PUTT-T1,7100,1,93,1TPA2005D1DGNR,DGN,8,alt,2500,2,ETS-1-128,43,6464875A,1,1
4,PUTT-T1,7100,1,93,1TPA2005D1DGNR,DGN,8,alt,2500,3,ETS-1M-64,43,6464875A,1,1
5,PUTT-T1,7100,1,93,1TPA2005D1DGNR,DGN,8,alt,2500,5,ETS-2-64,43,6464875A,1,1
6,LUTT-T1,7100,1,95,1TPS51100DGQR,DGQ,10,alt,2314,1,ETS564,107,6455407A,1,1
7,PUTT-T1,7100,1,94,1TPS61012DGSR,DGS,10,,4295,4,ETS-0-64,59,6492377B,1,1
8,PUTT-T1,7100,1,94,1TPS61012DGSR,DGS,10,alt,4295,0,ETS-1-64,59,6492377B,1,1
9,PUTT-T1,7100,1,94,1TPS61012DGSR,DGS,10,alt,4295,2,ETS-1-128,59,6492377B,1,1
10,PUTT-T1,7100,1,94,1TPS61012DGSR,DGS,10,alt,4295,3,ETS-1M-64,59,6492377B,1,1
11,PUTT-T1,7100,1,94,1TPS61012DGSR,DGS,10,alt,4295,5,ETS-2-64,59,6492377B,1,1
12,LUTT-T1,7100,1,91,1UCC27424DGNR,DGN,8,alt,4300,1,ETS564,17,6430442A,1,1
13,LUTT-T1,7100,1,92,1UCC37325DGNR,DGN,8,,4300,4,ETS-0-64,57,6492291A,1,1
14,LUTT-T1,7100,1,92,1UCC37325DGNR,DGN,8,alt,4300,0,ETS-1-64,57,6492291A,1,1
15,LUTT-T1,7100,1,92,1UCC37325DGNR,DGN,8,alt,4300,2,ETS-1-128,57,6492291A,1,1
16,LUTT-T1,7100,1,92,1UCC37325DGNR,DGN,8,alt,4300,3,ETS-1M-64,57,6492291A,1,1
17,LUTT-T1,7100,1,92,1UCC37325DGNR,DGN,8,alt,4300,5,ETS-2-64,57,6492291A,1,1
18,LUTT-T1,7100,1,92,1UCC37325DGNR,DGN,8,alt,4300,1,ETS564,17,6430442A,1,1
19,LTR-T2,7101,1,32,2U40057QPWPRSV,PWP,16,alt,1588,1,ETS564,112,6433489B,1,1
20,LTKY-T3,7101,1,56,2U54110QPWPRQ1,PWP,20,,3505,4,ETS-0-64,50,6473197B,1,1
21,LTKY-T3,7101,1,56,2U54110QPWPRQ1,PWP,20,alt,3505,0,ETS-1-64,50,6473197B,1,1
22,LTKY-T3,7101,1,56,2U54110QPWPRQ1,PWP,20,alt,3505,2,ETS-1-128,50,6473197B,1,1
23,LTKY-T3,7101,1,56,2U54110QPWPRQ1,PWP,20,alt,3505,3,ETS-1M-64,50,6473197B,1,1
24,LTKY-T3,7101,1,56,2U54110QPWPRQ1,PWP,20,alt,3505,5,ETS-2-64,50,6473197B,1,1
25,LTKY-T3,7102,1,56,2U54110QPWPRQ1,PWP,20,,3505,4,ETS-0-64,50,6473197B,1,1
26,LTKY-T3,7102,1,56,2U54110QPWPRQ1,PWP,20,alt,3505,0,ETS-1-64,50,6473197B,1,1
27,LTKY-T3,7102,1,56,2U54110QPWPRQ1,PWP,20,alt,3505,2,ETS-1-128,50,6473197B,1,1
28,LTKY-T3,7102,1,56,2U54110QPWPRQ1,PWP,20,alt,3505,3,ETS-1M-64,50,6473197B,1,1
29,LTKY-T3,7102,1,56,2U54110QPWPRQ1,PWP,20,alt,3505,5,ETS-2-64,50,6473197B,1,1
30,LTR-T4Q3,7100,1,65,2U54310QPWPRQ1,PWP,20,,4235,4,ETS-0-64,50,6473197B,1,1
31,LTR-T4Q3,7100,1,65,2U54310QPWPRQ1,PWP,20,alt,4235,0,ETS-1-64,50,6473197B,1,1
32,LTR-T4Q3,7100,1,65,2U54310QPWPRQ1,PWP,20,alt,4235,2,ETS-1-128,50,6473197B,1,1
33,LTR-T4Q3,7100,1,65,2U54310QPWPRQ1,PWP,20,alt,4235,3,ETS-1M-64,50,6473197B,1,1
34,LTR-T4Q3,7100,1,65,2U54310QPWPRQ1,PWP,20,alt,4235,5,ETS-2-64,50,6473197B,1,1
35,LTR-T4Q3,7101,1,65,2U54310QPWPRQ1,PWP,20,alt,4235,1,ETS564,20,6462741B,1,1
36,LTR-TTBRT,7100,1,31,2U54372QPWPRDN,PWP,20,,2016,4,ETS-0-64,54,6504853A/6487463C,1,1
37,LTR-TTBRT,7100,1,31,2U54372QPWPRDN,PWP,20,alt,2016,0,ETS-1-64,54,6504853A/6487463C,1,1
38,LTR-TTBRT,7100,1,31,2U54372QPWPRDN,PWP,20,alt,2016,2,ETS-1-128,54,6504853A/6487463C,1,1
39,LTR-TTBRT,7100,1,31,2U54372QPWPRDN,PWP,20,alt,2016,3,ETS-1M-64,54,6504853A/6487463C,1,1
40,LTR-TTBRT,7100,1,31,2U54372QPWPRDN,PWP,20,alt,2016,5,ETS-2-64,54,6504853A/6487463C,1,1
41,LTR-TTBRT,7101,1,31,2U54372QPWPRDN,PWP,20,,2016,4,ETS-0-64,54,6504853A/6487463C,1,1
42,LTR-TTBRT,7101,1,31,2U54372QPWPRDN,PWP,20,alt,2016,0,ETS-1-64,54,6504853A/6487463C,1,1
43,LTR-TTBRT,7101,1,31,2U54372QPWPRDN,PWP,20,alt,2016,2,ETS-1-128,54,6504853A/6487463C,1,1
44,LTR-TTBRT,7101,1,31,2U54372QPWPRDN,PWP,20,alt,2016,3,ETS-1M-64,54,6504853A/6487463C,1,1
45,LTR-TTBRT,7101,1,31,2U54372QPWPRDN,PWP,20,alt,2016,5,ETS-2-64,54,6504853A/6487463C,1,1
46,LTR-TTBRT,7112,1,31,2U54372QPWPRDN,PWP,20,,2016,4,ETS-0-64,54,6504853A/6487463C,1,1
47,LTR-TTBRT,7112,1,31,2U54372QPWPRDN,PWP,20,alt,2016,0,ETS-1-64,54,6504853A/6487463C,1,1
48,LTR-TTBRT,7112,1,31,2U54372QPWPRDN,PWP,20,alt,2016,2,ETS-1-128,54,6504853A/6487463C,1,1
49,LTR-TTBRT,7112,1,31,2U54372QPWPRDN,PWP,20,alt,2016,3,ETS-1M-64,54,6504853A/6487463C,1,1
50,LTR-TTBRT,7112,1,31,2U54372QPWPRDN,PWP,20,alt,2016,5,ETS-2-64,54,6504853A/6487463C,1,1
51,LTR-TTBRT,7100,1,55,2U54612QPWPRDN,PWP,28,,2350,4,ETS-0-64,0,6504852A/6487463C,1,1
52,LTR-TTBRT,7100,1,55,2U54612QPWPRDN,PWP,28,alt,2350,0,ETS-1-64,0,6504852A/6487463C,1,1
53,LTR-TTBRT,7100,1,55,2U54612QPWPRDN,PWP,28,alt,2350,2,ETS-1-128,0,6504852A/6487463C,1,1
54,LTR-TTBRT,7100,1,55,2U54612QPWPRDN,PWP,28,alt,2350,3,ETS-1M-64,0,6504852A/6487463C,1,1
55,LTR-TTBRT,7100,1,55,2U54612QPWPRDN,PWP,28,alt,2350,5,ETS-2-64,0,6504852A/6487463C,1,1
56,LTR-TTBRT,7101,1,55,2U54612QPWPRDN,PWP,28,,2350,4,ETS-0-64,0,6504852A/6487463C,1,1
57,LTR-TTBRT,7101,1,55,2U54612QPWPRDN,PWP,28,alt,2350,0,ETS-1-64,0,6504852A/6487463C,1,1
58,LTR-TTBRT,7101,1,55,2U54612QPWPRDN,PWP,28,alt,2350,2,ETS-1-128,0,6504852A/6487463C,1,1
59,LTR-TTBRT,7101,1,55,2U54612QPWPRDN,PWP,28,alt,2350,3,ETS-1M-64,0,6504852A/6487463C,1,1
60,LTR-TTBRT,7101,1,55,2U54612QPWPRDN,PWP,28,alt,2350,5,ETS-2-64,0,6504852A/6487463C,1,1
61,LTR-T1,7100,1,123,2U65100QPWPRQ1,PWP,24,alt,3000,4,ETS-0-64,38,6471816C,1,1
62,LTR-T1,7100,1,123,2U65100QPWPRQ1,PWP,24,alt,3000,0,ETS-1-64,38,6471816C,1,1
63,LTR-T1,7100,1,123,2U65100QPWPRQ1,PWP,24,alt,3000,2,ETS-1-128,38,6471816C,1,1
64,LTR-T1,7100,1,123,2U65100QPWPRQ1,PWP,24,alt,3000,3,ETS-1M-64,38,6471816C,1,1
65,LTR-T1,7100,1,123,2U65100QPWPRQ1,PWP,24,alt,3000,5,ETS-2-64,38,6471816C,1,1
66,LYTGB-T1,7100,1,101,ADS-7862YB/2K,PBS,32,,700,3,ETS-1M-64,160,No_Tooling,1,1
67,LTKYV-T1,7110,1,99,BQ2005STR,DW,20,,170,4,ETS-0-64,75,6505161A,1,1
68,LTKYV-T1,7110,1,99,BQ2005STR,DW,20,alt,170,0,ETS-1-64,75,6505161A,1,1
69,LTKYV-T1,7110,1,99,BQ2005STR,DW,20,alt,170,2,ETS-1-128,75,6505161A,1,1
70,LTKYV-T1,7110,1,99,BQ2005STR,DW,20,alt,170,3,ETS-1M-64,75,6505161A,1,1
71,LTKYV-T1,7110,1,99,BQ2005STR,DW,20,alt,170,5,ETS-2-64,75,6505161A,1,1
72,LTBV-T2,7100,1,36,DAC813AU,DW,28,,360,0,ETS-1-64,71,6495028A,1,1
73,LTBV-T2,7100,1,36,DAC813AU,DW,28,alt,360,2,ETS-1-128,71,6495028A,1,1
74,LTBV-T2,7100,1,36,DAC813AU,DW,28,alt,360,3,ETS-1M-64,71,6495028A,1,1
75,LTBV-T2,7100,1,36,DAC813AU,DW,28,alt,360,5,ETS-2-64,71,6495028A,1,1
76,PTKY-T1,7100,1,35,DRV602PWR,PW,14,alt,3600,2,ETS-1-128,5,6501065B,1,1
77,PTKY-T1,7100,1,6,DRV603PWR,PW,14,alt,5096,2,ETS-1-128,5,6501065B,1,1
78,LTR-T4Q3,7100,1,30,G610QPWPRG4Q1,PWP,28,,2394,4,ETS-0-64,26,6473198B,1,1
79,LTR-T4Q3,7100,1,30,G610QPWPRG4Q1,PWP,28,alt,2394,0,ETS-1-64,26,6473198B,1,1
80,LTR-T4Q3,7100,1,30,G610QPWPRG4Q1,PWP,28,alt,2394,2,ETS-1-128,26,6473198B,1,1
81,LTR-T4Q3,7100,1,30,G610QPWPRG4Q1,PWP,28,alt,2394,3,ETS-1M-64,26,6473198B,1,1
82,LTR-T4Q3,7100,1,30,G610QPWPRG4Q1,PWP,28,alt,2394,5,ETS-2-64,26,6473198B,1,1
83,LTR-T4Q3,7101,1,30,G610QPWPRG4Q1,PWP,28,alt,2394,1,ETS564,20,6462741B,1,1
84,LTR-T4Q3,7102,1,30,G610QPWPRG4Q1,PWP,28,alt,2394,1,ETS564,20,6462741B,1,1
85,LTR-T4Q3,7103,1,30,G610QPWPRG4Q1,PWP,28,alt,2394,1,ETS564,20,6462741B,1,1
86,LTR-T4Q3,7112,1,30,G610QPWPRG4Q1,PWP,28,alt,2394,1,ETS564,20,6462741B,1,1
87,PTKYV-T1,7100,1,79,MPC508AU,DW,16,alt,1000,4,ETS-0-64,56,6465505B,1,1
88,PTKYV-T1,7100,1,79,MPC508AU,DW,16,alt,1000,0,ETS-1-64,56,6465505B,1,1
89,PTKYV-T1,7100,1,79,MPC508AU,DW,16,alt,1000,2,ETS-1-128,56,6465505B,1,1
90,PTKYV-T1,7100,1,79,MPC508AU,DW,16,alt,1000,3,ETS-1M-64,56,6465505B,1,1
91,PTKYV-T1,7100,1,79,MPC508AU,DW,16,alt,1000,5,ETS-2-64,56,6465505B,1,1
92,WLUTT-T1,7100,1,78,Q1TPS65851ZQZR,ZQZ,120,,570,4,ETS-0-64,4,6490924B,1,1
93,WLUTT-T1,7100,1,78,Q1TPS65851ZQZR,ZQZ,120,alt,570,0,ETS-1-64,4,6490924B,1,1
94,WLUTT-T1,7100,1,78,Q1TPS65851ZQZR,ZQZ,120,alt,570,2,ETS-1-128,4,6490924B,1,1
95,WLUTT-T1,7100,1,78,Q1TPS65851ZQZR,ZQZ,120,alt,570,3,ETS-1M-64,4,6490924B,1,1
96,WLUTT-T1,7100,1,78,Q1TPS65851ZQZR,ZQZ,120,alt,570,5,ETS-2-64,4,6490924B,1,1
97,WLTB-T2Q1,7101,1,85,QDAC7728SPAG7,PAG,64,alt,46,3,ETS-1M-64,159,6498515A,1,1
98,WLTB-T2Q1,7101,1,84,QDAC8728SPAG7,PAG,64,alt,40,3,ETS-1M-64,159,6498515A,1,1
99,QLTKY-T1,7110,1,69,QTPS54550PWP7,PWP,16,,1921,4,ETS-0-64,27,6473283C,1,1
100,QLTKY-T1,7110,1,69,QTPS54550PWP7,PWP,16,alt,1921,0,ETS-1-64,27,6473283C,1,1
101,QLTKY-T1,7110,1,69,QTPS54550PWP7,PWP,16,alt,1921,2,ETS-1-128,27,6473283C,1,1
102,QLTKY-T1,7110,1,69,QTPS54550PWP7,PWP,16,alt,1921,3,ETS-1M-64,27,6473283C,1,1
103,QLTKY-T1,7110,1,69,QTPS54550PWP7,PWP,16,alt,1921,5,ETS-2-64,27,6473283C,1,1
104,PTKY-T1,7100,1,39,SN0405063PWPR,PWP,16,,1829,4,ETS-0-64,27,6473283C,1,1
105,PTKY-T1,7100,1,39,SN0405063PWPR,PWP,16,alt,1829,0,ETS-1-64,27,6473283C,1,1
106,PTKY-T1,7100,1,39,SN0405063PWPR,PWP,16,alt,1829,2,ETS-1-128,27,6473283C,1,1
107,PTKY-T1,7100,1,39,SN0405063PWPR,PWP,16,alt,1829,3,ETS-1M-64,27,6473283C,1,1
108,PTKY-T1,7100,1,39,SN0405063PWPR,PWP,16,alt,1829,5,ETS-2-64,27,6473283C,1,1
109,PTKY-T1,7100,1,17,SN0608006PWPR,PWP,20,,1650,4,ETS-0-64,10,6479471B,1,1
110,PTKY-T1,7100,1,17,SN0608006PWPR,PWP,20,alt,1650,0,ETS-1-64,10,6479471B,1,1
111,PTKY-T1,7100,1,17,SN0608006PWPR,PWP,20,alt,1650,2,ETS-1-128,10,6479471B,1,1
112,PTKY-T1,7100,1,17,SN0608006PWPR,PWP,20,alt,1650,3,ETS-1M-64,10,6479471B,1,1
113,PTKY-T1,7100,1,17,SN0608006PWPR,PWP,20,alt,1650,5,ETS-2-64,10,6479471B,1,1
114,LTKY-T1,7100,1,7,SN0806054PWPR,PWP,16,,1588,4,ETS-0-64,69,6485429B,1,1
115,LTKY-T1,7100,1,7,SN0806054PWPR,PWP,16,alt,1588,0,ETS-1-64,69,6485429B,1,1
116,LTKY-T1,7100,1,7,SN0806054PWPR,PWP,16,alt,1588,2,ETS-1-128,69,6485429B,1,1
117,LTKY-T1,7100,1,7,SN0806054PWPR,PWP,16,alt,1588,3,ETS-1M-64,69,6485429B,1,1
118,LTKY-T1,7100,1,7,SN0806054PWPR,PWP,16,alt,1588,5,ETS-2-64,69,6485429B,1,1
119,LTKY-T1,7121,1,7,SN0806054PWPR,PWP,16,,1588,4,ETS-0-64,69,6485429B,1,1
120,LTKY-T1,7121,1,7,SN0806054PWPR,PWP,16,alt,1588,0,ETS-1-64,69,6485429B,1,1
121,LTKY-T1,7121,1,7,SN0806054PWPR,PWP,16,alt,1588,2,ETS-1-128,69,6485429B,1,1
122,LTKY-T1,7121,1,7,SN0806054PWPR,PWP,16,alt,1588,3,ETS-1M-64,69,6485429B,1,1
123,LTKY-T1,7121,1,7,SN0806054PWPR,PWP,16,alt,1588,5,ETS-2-64,69,6485429B,1,1
124,QLTKY-T1,7100,1,71,SWRC54010PWPR7,PWP,28,alt,2000,1,ETS564,19,6440109A,1,1
125,WLTR-T1,7110,1,97,SWRPS54283PWPR,PWP,14,,1708,4,ETS-0-64,62,6483172A,1,1
126,WLTR-T1,7110,1,97,SWRPS54283PWPR,PWP,14,alt,1708,0,ETS-1-64,62,6483172A,1,1
127,WLTR-T1,7110,1,97,SWRPS54283PWPR,PWP,14,alt,1708,2,ETS-1-128,62,6483172A,1,1
128,WLTR-T1,7110,1,97,SWRPS54283PWPR,PWP,14,alt,1708,3,ETS-1M-64,62,6483172A,1,1
129,WLTR-T1,7110,1,97,SWRPS54283PWPR,PWP,14,alt,1708,5,ETS-2-64,62,6483172A,1,1
130,QPTKY-T1,7100,1,111,SWRTPA3004D2P7,PHP,48,,1600,4,ETS-0-64,45,6479376B,1,1
131,QPTKY-T1,7100,1,111,SWRTPA3004D2P7,PHP,48,alt,1600,0,ETS-1-64,45,6479376B,1,1
132,QPTKY-T1,7100,1,111,SWRTPA3004D2P7,PHP,48,alt,1600,2,ETS-1-128,45,6479376B,1,1
133,QPTKY-T1,7100,1,111,SWRTPA3004D2P7,PHP,48,alt,1600,3,ETS-1M-64,45,6479376B,1,1
134,QPTKY-T1,7100,1,111,SWRTPA3004D2P7,PHP,48,alt,1600,5,ETS-2-64,45,6479376B,1,1
135,LTKY-T1,7100,1,72,THS7303PWR,PW,20,,2580,4,ETS-0-64,73,6485806C,1,1
136,LTKY-T1,7100,1,72,THS7303PWR,PW,20,alt,2580,0,ETS-1-64,73,6485806C,1,1
137,LTKY-T1,7100,1,72,THS7303PWR,PW,20,alt,2580,2,ETS-1-128,73,6485806C,1,1
138,LTKY-T1,7100,1,72,THS7303PWR,PW,20,alt,2580,3,ETS-1M-64,73,6485806C,1,1
139,LTKY-T1,7100,1,72,THS7303PWR,PW,20,alt,2580,5,ETS-2-64,73,6485806C,1,1
140,PMB-T1,7100,1,37,THS7319IZSVR,ZSV,9,,5628,4,ETS-0-64,160,No_Tooling,1,1
141,PMB-T1,7100,1,37,THS7319IZSVR,ZSV,9,alt,5628,0,ETS-1-64,160,No_Tooling,1,1
142,PMB-T1,7100,1,37,THS7319IZSVR,ZSV,9,alt,5628,2,ETS-1-128,160,No_Tooling,1,1
143,PMB-T1,7100,1,37,THS7319IZSVR,ZSV,9,alt,5628,3,ETS-1M-64,160,No_Tooling,1,1
144,PMB-T1,7100,1,37,THS7319IZSVR,ZSV,9,alt,5628,5,ETS-2-64,160,No_Tooling,1,1
145,LTKY-T1,7100,1,110,TLC0838CPW,PW,20,,2500,0,ETS-1-64,64,6500271A,1,1
146,LTKY-T1,7100,1,110,TLC0838CPW,PW,20,alt,2500,2,ETS-1-128,64,6500271A,1,1
147,LTKY-T1,7100,1,110,TLC0838CPW,PW,20,alt,2500,3,ETS-1M-64,64,6500271A,1,1
148,LTKY-T1,7100,1,110,TLC0838CPW,PW,20,alt,2500,5,ETS-2-64,64,6500271A,1,1
149,PTKY-T1,7100,1,117,TPA3004D2PHPR,PHP,48,,1600,4,ETS-0-64,45,6479376B,1,1
150,PTKY-T1,7100,1,117,TPA3004D2PHPR,PHP,48,alt,1600,0,ETS-1-64,45,6479376B,1,1
151,PTKY-T1,7100,1,117,TPA3004D2PHPR,PHP,48,alt,1600,2,ETS-1-128,45,6479376B,1,1
152,PTKY-T1,7100,1,117,TPA3004D2PHPR,PHP,48,alt,1600,3,ETS-1M-64,45,6479376B,1,1
153,PTKY-T1,7100,1,117,TPA3004D2PHPR,PHP,48,alt,1600,5,ETS-2-64,45,6479376B,1,1
154,LTKY-T1,7100,1,64,TPA3121D2PWPR,PWP,24,,1500,4,ETS-0-64,39,6481146C,1,1
155,LTKY-T1,7100,1,64,TPA3121D2PWPR,PWP,24,alt,1500,0,ETS-1-64,39,6481146C,1,1
156,LTKY-T1,7100,1,64,TPA3121D2PWPR,PWP,24,alt,1500,2,ETS-1-128,39,6481146C,1,1
157,LTKY-T1,7100,1,64,TPA3121D2PWPR,PWP,24,alt,1500,3,ETS-1M-64,39,6481146C,1,1
158,LTKY-T1,7100,1,64,TPA3121D2PWPR,PWP,24,alt,1500,5,ETS-2-64,39,6481146C,1,1
159,LTKY-T1,7100,1,76,TPA3124D2PWPR,PWP,24,,1917,4,ETS-0-64,39,6481146C,1,1
160,LTKY-T1,7100,1,76,TPA3124D2PWPR,PWP,24,alt,1917,0,ETS-1-64,39,6481146C,1,1
161,LTKY-T1,7100,1,76,TPA3124D2PWPR,PWP,24,alt,1917,2,ETS-1-128,39,6481146C,1,1
162,LTKY-T1,7100,1,76,TPA3124D2PWPR,PWP,24,alt,1917,3,ETS-1M-64,39,6481146C,1,1
163,LTKY-T1,7100,1,76,TPA3124D2PWPR,PWP,24,alt,1917,5,ETS-2-64,39,6481146C,1,1
164,LTKY-T1,7100,1,77,TPA6030A4PWPR,PWP,28,,2477,4,ETS-0-64,37,6466496A,1,1
165,LTKY-T1,7100,1,77,TPA6030A4PWPR,PWP,28,alt,2477,0,ETS-1-64,37,6466496A,1,1
166,LTKY-T1,7100,1,77,TPA6030A4PWPR,PWP,28,alt,2477,2,ETS-1-128,37,6466496A,1,1
167,LTKY-T1,7100,1,77,TPA6030A4PWPR,PWP,28,alt,2477,3,ETS-1M-64,37,6466496A,1,1
168,LTKY-T1,7100,1,77,TPA6030A4PWPR,PWP,28,alt,2477,5,ETS-2-64,37,6466496A,1,1
169,PTKYV-T1,7100,1,88,TPS2377DR,D,8,alt,2852,1,ETS564,122,6453620A,1,1
170,LTKY-T1,7100,1,8,TPS40071PWPR,PWP,16,alt,1140,1,ETS564,86,6442302C,1,1
171,PTKY-T1,7100,1,66,TPS51116PWPR,PWP,20,,1661,4,ETS-0-64,10,6479471B,1,1
172,PTKY-T1,7100,1,66,TPS51116PWPR,PWP,20,alt,1661,0,ETS-1-64,10,6479471B,1,1
173,PTKY-T1,7100,1,66,TPS51116PWPR,PWP,20,alt,1661,2,ETS-1-128,10,6479471B,1,1
174,PTKY-T1,7100,1,66,TPS51116PWPR,PWP,20,alt,1661,3,ETS-1M-64,10,6479471B,1,1
175,PTKY-T1,7100,1,66,TPS51116PWPR,PWP,20,alt,1661,5,ETS-2-64,10,6479471B,1,1
176,PTKY-T1,7100,1,75,TPS5130PTR,PT,48,,1370,4,ETS-0-64,31,6463103B,1,1
177,PTKY-T1,7100,1,75,TPS5130PTR,PT,48,alt,1370,0,ETS-1-64,31,6463103B,1,1
178,PTKY-T1,7100,1,75,TPS5130PTR,PT,48,alt,1370,2,ETS-1-128,31,6463103B,1,1
179,PTKY-T1,7100,1,75,TPS5130PTR,PT,48,alt,1370,3,ETS-1M-64,31,6463103B,1,1
180,PTKY-T1,7100,1,75,TPS5130PTR,PT,48,alt,1370,5,ETS-2-64,31,6463103B,1,1
181,LTKY-T1,7100,1,28,TPS54010PWPR,PWP,28,alt,2000,1,ETS564,19,6440109A,1,1
182,LTKY-T1,7100,1,18,TPS54312PWPR,PWP,20,,2000,4,ETS-0-64,50,6473197B,1,1
183,LTKY-T1,7100,1,18,TPS54312PWPR,PWP,20,alt,2000,0,ETS-1-64,50,6473197B,1,1
184,LTKY-T1,7100,1,18,TPS54312PWPR,PWP,20,alt,2000,2,ETS-1-128,50,6473197B,1,1
185,LTKY-T1,7100,1,18,TPS54312PWPR,PWP,20,alt,2000,3,ETS-1M-64,50,6473197B,1,1
186,LTKY-T1,7100,1,18,TPS54312PWPR,PWP,20,alt,2000,5,ETS-2-64,50,6473197B,1,1
187,LTKY-T1,7100,1,109,TPS54314PWPR,PWP,20,,2000,4,ETS-0-64,50,6473197B,1,1
188,LTKY-T1,7100,1,109,TPS54314PWPR,PWP,20,alt,2000,0,ETS-1-64,50,6473197B,1,1
189,LTKY-T1,7100,1,109,TPS54314PWPR,PWP,20,alt,2000,2,ETS-1-128,50,6473197B,1,1
190,LTKY-T1,7100,1,109,TPS54314PWPR,PWP,20,alt,2000,3,ETS-1M-64,50,6473197B,1,1
191,LTKY-T1,7100,1,109,TPS54314PWPR,PWP,20,alt,2000,5,ETS-2-64,50,6473197B,1,1
192,LTKY-T1,7100,1,22,TPS54316PWP,PWP,20,,2000,4,ETS-0-64,50,6473197B,1,1
193,LTKY-T1,7100,1,22,TPS54316PWP,PWP,20,alt,2000,0,ETS-1-64,50,6473197B,1,1
194,LTKY-T1,7100,1,22,TPS54316PWP,PWP,20,alt,2000,2,ETS-1-128,50,6473197B,1,1
195,LTKY-T1,7100,1,22,TPS54316PWP,PWP,20,alt,2000,3,ETS-1M-64,50,6473197B,1,1
196,LTKY-T1,7100,1,22,TPS54316PWP,PWP,20,alt,2000,5,ETS-2-64,50,6473197B,1,1
197,LTKY-T1,7100,1,20,TPS54316PWPR,PWP,20,,2000,4,ETS-0-64,50,6473197B,1,1
198,LTKY-T1,7100,1,20,TPS54316PWPR,PWP,20,alt,2000,0,ETS-1-64,50,6473197B,1,1
199,LTKY-T1,7100,1,20,TPS54316PWPR,PWP,20,alt,2000,2,ETS-1-128,50,6473197B,1,1
200,LTKY-T1,7100,1,20,TPS54316PWPR,PWP,20,alt,2000,3,ETS-1M-64,50,6473197B,1,1
201,LTKY-T1,7100,1,20,TPS54316PWPR,PWP,20,alt,2000,5,ETS-2-64,50,6473197B,1,1
202,LTKY-T1,7100,1,16,TPS54372PWPR,PWP,20,,2016,4,ETS-0-64,50,6473197B,1,1
203,LTKY-T1,7100,1,16,TPS54372PWPR,PWP,20,alt,2016,0,ETS-1-64,50,6473197B,1,1
204,LTKY-T1,7100,1,16,TPS54372PWPR,PWP,20,alt,2016,2,ETS-1-128,50,6473197B,1,1
205,LTKY-T1,7100,1,16,TPS54372PWPR,PWP,20,alt,2016,3,ETS-1M-64,50,6473197B,1,1
206,LTKY-T1,7100,1,16,TPS54372PWPR,PWP,20,alt,2016,5,ETS-2-64,50,6473197B,1,1
207,LTKY-T1,7100,1,23,TPS54610PWP,PWP,28,,2394,4,ETS-0-64,26,6473198B,1,1
208,LTKY-T1,7100,1,23,TPS54610PWP,PWP,28,alt,2394,0,ETS-1-64,26,6473198B,1,1
209,LTKY-T1,7100,1,23,TPS54610PWP,PWP,28,alt,2394,2,ETS-1-128,26,6473198B,1,1
210,LTKY-T1,7100,1,23,TPS54610PWP,PWP,28,alt,2394,3,ETS-1M-64,26,6473198B,1,1
211,LTKY-T1,7100,1,23,TPS54610PWP,PWP,28,alt,2394,5,ETS-2-64,26,6473198B,1,1
212,LTKY-T1,7100,1,11,TPS54610PWPR,PWP,28,,2394,4,ETS-0-64,26,6473198B,1,1
213,LTKY-T1,7100,1,11,TPS54610PWPR,PWP,28,alt,2394,0,ETS-1-64,26,6473198B,1,1
214,LTKY-T1,7100,1,11,TPS54610PWPR,PWP,28,alt,2394,2,ETS-1-128,26,6473198B,1,1
215,LTKY-T1,7100,1,11,TPS54610PWPR,PWP,28,alt,2394,3,ETS-1M-64,26,6473198B,1,1
216,LTKY-T1,7100,1,11,TPS54610PWPR,PWP,28,alt,2394,5,ETS-2-64,26,6473198B,1,1
217,LTKY-T1,7110,1,11,TPS54610PWPR,PWP,28,,2394,4,ETS-0-64,26,6473198B,1,1
218,LTKY-T1,7110,1,11,TPS54610PWPR,PWP,28,alt,2394,0,ETS-1-64,26,6473198B,1,1
219,LTKY-T1,7110,1,11,TPS54610PWPR,PWP,28,alt,2394,2,ETS-1-128,26,6473198B,1,1
220,LTKY-T1,7110,1,11,TPS54610PWPR,PWP,28,alt,2394,3,ETS-1M-64,26,6473198B,1,1
221,LTKY-T1,7110,1,11,TPS54610PWPR,PWP,28,alt,2394,5,ETS-2-64,26,6473198B,1,1
222,LTKY-T1,7100,1,59,TPS54612PWPR,PWP,28,,2350,4,ETS-0-64,26,6473198B,1,1
223,LTKY-T1,7100,1,59,TPS54612PWPR,PWP,28,alt,2350,0,ETS-1-64,26,6473198B,1,1
224,LTKY-T1,7100,1,59,TPS54612PWPR,PWP,28,alt,2350,2,ETS-1-128,26,6473198B,1,1
225,LTKY-T1,7100,1,59,TPS54612PWPR,PWP,28,alt,2350,3,ETS-1M-64,26,6473198B,1,1
226,LTKY-T1,7100,1,59,TPS54612PWPR,PWP,28,alt,2350,5,ETS-2-64,26,6473198B,1,1
227,LTKY-T1,7100,1,44,TPS54613PWP,PWP,28,,2500,4,ETS-0-64,26,6473198B,1,1
228,LTKY-T1,7100,1,44,TPS54613PWP,PWP,28,alt,2500,0,ETS-1-64,26,6473198B,1,1
229,LTKY-T1,7100,1,44,TPS54613PWP,PWP,28,alt,2500,2,ETS-1-128,26,6473198B,1,1
230,LTKY-T1,7100,1,44,TPS54613PWP,PWP,28,alt,2500,3,ETS-1M-64,26,6473198B,1,1
231,LTKY-T1,7100,1,44,TPS54613PWP,PWP,28,alt,2500,5,ETS-2-64,26,6473198B,1,1
232,LTKY-T1,7100,1,124,TPS54614PWP,PWP,28,,2537,4,ETS-0-64,26,6473198B,1,1
233,LTKY-T1,7100,1,124,TPS54614PWP,PWP,28,alt,2537,0,ETS-1-64,26,6473198B,1,1
234,LTKY-T1,7100,1,124,TPS54614PWP,PWP,28,alt,2537,2,ETS-1-128,26,6473198B,1,1
235,LTKY-T1,7100,1,124,TPS54614PWP,PWP,28,alt,2537,3,ETS-1M-64,26,6473198B,1,1
236,LTKY-T1,7100,1,124,TPS54614PWP,PWP,28,alt,2537,5,ETS-2-64,26,6473198B,1,1
237,LTKY-T1,7100,1,58,TPS54680PWPR,PWP,28,,3150,4,ETS-0-64,26,6473198B,1,1
238,LTKY-T1,7100,1,58,TPS54680PWPR,PWP,28,alt,3150,0,ETS-1-64,26,6473198B,1,1
239,LTKY-T1,7100,1,58,TPS54680PWPR,PWP,28,alt,3150,2,ETS-1-128,26,6473198B,1,1
240,LTKY-T1,7100,1,58,TPS54680PWPR,PWP,28,alt,3150,3,ETS-1M-64,26,6473198B,1,1
241,LTKY-T1,7100,1,58,TPS54680PWPR,PWP,28,alt,3150,5,ETS-2-64,26,6473198B,1,1
242,LTKY-T1,7100,1,24,TPS54810PWP,PWP,28,,2491,4,ETS-0-64,26,6473198B,1,1
243,LTKY-T1,7100,1,24,TPS54810PWP,PWP,28,alt,2491,0,ETS-1-64,26,6473198B,1,1
244,LTKY-T1,7100,1,24,TPS54810PWP,PWP,28,alt,2491,2,ETS-1-128,26,6473198B,1,1
245,LTKY-T1,7100,1,24,TPS54810PWP,PWP,28,alt,2491,3,ETS-1M-64,26,6473198B,1,1
246,LTKY-T1,7100,1,24,TPS54810PWP,PWP,28,alt,2491,5,ETS-2-64,26,6473198B,1,1
247,LTKY-T1,7100,1,60,TPS54810PWPR,PWP,28,,2491,4,ETS-0-64,26,6473198B,1,1
248,LTKY-T1,7100,1,60,TPS54810PWPR,PWP,28,alt,2491,0,ETS-1-64,26,6473198B,1,1
249,LTKY-T1,7100,1,60,TPS54810PWPR,PWP,28,alt,2491,2,ETS-1-128,26,6473198B,1,1
250,LTKY-T1,7100,1,60,TPS54810PWPR,PWP,28,alt,2491,3,ETS-1M-64,26,6473198B,1,1
251,LTKY-T1,7100,1,60,TPS54810PWPR,PWP,28,alt,2491,5,ETS-2-64,26,6473198B,1,1
252,LTKY-T1,7100,1,26,TPS54873PWPR,PWP,28,,2500,4,ETS-0-64,26,6473198B,1,1
253,LTKY-T1,7100,1,26,TPS54873PWPR,PWP,28,alt,2500,0,ETS-1-64,26,6473198B,1,1
254,LTKY-T1,7100,1,26,TPS54873PWPR,PWP,28,alt,2500,2,ETS-1-128,26,6473198B,1,1
255,LTKY-T1,7100,1,26,TPS54873PWPR,PWP,28,alt,2500,3,ETS-1M-64,26,6473198B,1,1
256,LTKY-T1,7100,1,26,TPS54873PWPR,PWP,28,alt,2500,5,ETS-2-64,26,6473198B,1,1
257,LTKY-T1,7100,1,67,TPS54910PWPR,PWP,28,,2945,4,ETS-0-64,26,6473198B,1,1
258,LTKY-T1,7100,1,67,TPS54910PWPR,PWP,28,alt,2945,0,ETS-1-64,26,6473198B,1,1
259,LTKY-T1,7100,1,67,TPS54910PWPR,PWP,28,alt,2945,2,ETS-1-128,26,6473198B,1,1
260,LTKY-T1,7100,1,67,TPS54910PWPR,PWP,28,alt,2945,3,ETS-1M-64,26,6473198B,1,1
261,LTKY-T1,7100,1,67,TPS54910PWPR,PWP,28,alt,2945,5,ETS-2-64,26,6473198B,1,1
262,LTKY-T1,7100,1,27,TPS54972PWPR,PWP,28,,2500,4,ETS-0-64,26,6473198B,1,1
263,LTKY-T1,7100,1,27,TPS54972PWPR,PWP,28,alt,2500,0,ETS-1-64,26,6473198B,1,1
264,LTKY-T1,7100,1,27,TPS54972PWPR,PWP,28,alt,2500,2,ETS-1-128,26,6473198B,1,1
265,LTKY-T1,7100,1,27,TPS54972PWPR,PWP,28,alt,2500,3,ETS-1M-64,26,6473198B,1,1
266,LTKY-T1,7100,1,27,TPS54972PWPR,PWP,28,alt,2500,5,ETS-2-64,26,6473198B,1,1
267,LJBG-T1,7100,1,41,TPS65850ZQZR,ZQZ,120,,571,4,ETS-0-64,4,6490924B,1,1
268,LJBG-T1,7100,1,41,TPS65850ZQZR,ZQZ,120,alt,571,0,ETS-1-64,4,6490924B,1,1
269,LJBG-T1,7100,1,41,TPS65850ZQZR,ZQZ,120,alt,571,2,ETS-1-128,4,6490924B,1,1
270,LJBG-T1,7100,1,41,TPS65850ZQZR,ZQZ,120,alt,571,3,ETS-1M-64,4,6490924B,1,1
271,LJBG-T1,7100,1,41,TPS65850ZQZR,ZQZ,120,alt,571,5,ETS-2-64,4,6490924B,1,1
272,LJBG-T1,7100,1,57,TPS65851ZQZR,ZQZ,120,,570,4,ETS-0-64,4,6490924B,1,1
273,LJBG-T1,7100,1,57,TPS65851ZQZR,ZQZ,120,alt,570,0,ETS-1-64,4,6490924B,1,1
274,LJBG-T1,7100,1,57,TPS65851ZQZR,ZQZ,120,alt,570,2,ETS-1-128,4,6490924B,1,1
275,LJBG-T1,7100,1,57,TPS65851ZQZR,ZQZ,120,alt,570,3,ETS-1M-64,4,6490924B,1,1
276,LJBG-T1,7100,1,57,TPS65851ZQZR,ZQZ,120,alt,570,5,ETS-2-64,4,6490924B,1,1
277,LJBG-T1,7110,1,57,TPS65851ZQZR,ZQZ,120,,570,4,ETS-0-64,4,6490924B,1,1
278,LJBG-T1,7110,1,57,TPS65851ZQZR,ZQZ,120,alt,570,0,ETS-1-64,4,6490924B,1,1
279,LJBG-T1,7110,1,57,TPS65851ZQZR,ZQZ,120,alt,570,2,ETS-1-128,4,6490924B,1,1
280,LJBG-T1,7110,1,57,TPS65851ZQZR,ZQZ,120,alt,570,3,ETS-1M-64,4,6490924B,1,1
281,LJBG-T1,7110,1,57,TPS65851ZQZR,ZQZ,120,alt,570,5,ETS-2-64,4,6490924B,1,1
282,LJBG-T1,7121,1,57,TPS65851ZQZR,ZQZ,120,,570,4,ETS-0-64,4,6490924B,1,1
283,LJBG-T1,7121,1,57,TPS65851ZQZR,ZQZ,120,alt,570,0,ETS-1-64,4,6490924B,1,1
284,LJBG-T1,7121,1,57,TPS65851ZQZR,ZQZ,120,alt,570,2,ETS-1-128,4,6490924B,1,1
285,LJBG-T1,7121,1,57,TPS65851ZQZR,ZQZ,120,alt,570,3,ETS-1M-64,4,6490924B,1,1
286,LJBG-T1,7121,1,57,TPS65851ZQZR,ZQZ,120,alt,570,5,ETS-2-64,4,6490924B,1,1
287,LJBG-T1,7100,1,3,TPS65856ZQZR,ZQZ,120,,537,4,ETS-0-64,4,6490924B,1,1
288,LJBG-T1,7100,1,3,TPS65856ZQZR,ZQZ,120,alt,537,0,ETS-1-64,4,6490924B,1,1
289,LJBG-T1,7100,1,3,TPS65856ZQZR,ZQZ,120,alt,537,2,ETS-1-128,4,6490924B,1,1
290,LJBG-T1,7100,1,3,TPS65856ZQZR,ZQZ,120,alt,537,3,ETS-1M-64,4,6490924B,1,1
291,LJBG-T1,7100,1,3,TPS65856ZQZR,ZQZ,120,alt,537,5,ETS-2-64,4,6490924B,1,1
292,LJBG-T1,7110,1,3,TPS65856ZQZR,ZQZ,120,,537,4,ETS-0-64,4,6490924B,1,1
293,LJBG-T1,7110,1,3,TPS65856ZQZR,ZQZ,120,alt,537,0,ETS-1-64,4,6490924B,1,1
294,LJBG-T1,7110,1,3,TPS65856ZQZR,ZQZ,120,alt,537,2,ETS-1-128,4,6490924B,1,1
295,LJBG-T1,7110,1,3,TPS65856ZQZR,ZQZ,120,alt,537,3,ETS-1M-64,4,6490924B,1,1
296,LJBG-T1,7110,1,3,TPS65856ZQZR,ZQZ,120,alt,537,5,ETS-2-64,4,6490924B,1,1
297,LJBG-T1,7121,1,3,TPS65856ZQZR,ZQZ,120,,537,4,ETS-0-64,4,6490924B,1,1
298,LJBG-T1,7121,1,3,TPS65856ZQZR,ZQZ,120,alt,537,0,ETS-1-64,4,6490924B,1,1
299,LJBG-T1,7121,1,3,TPS65856ZQZR,ZQZ,120,alt,537,2,ETS-1-128,4,6490924B,1,1
300,LJBG-T1,7121,1,3,TPS65856ZQZR,ZQZ,120,alt,537,3,ETS-1M-64,4,6490924B,1,1
301,LJBG-T1,7121,1,3,TPS65856ZQZR,ZQZ,120,alt,537,5,ETS-2-64,4,6490924B,1,1
302,LTKY-T1,7100,1,49,XCD7100PWP,PWP,14,,501,4,ETS-0-64,49,6468856A,1,1
303,LTKY-T1,7100,1,49,XCD7100PWP,PWP,14,alt,501,0,ETS-1-64,49,6468856A,1,1
304,LTKY-T1,7100,1,49,XCD7100PWP,PWP,14,alt,501,2,ETS-1-128,49,6468856A,1,1
305,LTKY-T1,7100,1,49,XCD7100PWP,PWP,14,alt,501,3,ETS-1M-64,49,6468856A,1,1
306,LTKY-T1,7100,1,49,XCD7100PWP,PWP,14,alt,501,5,ETS-2-64,49,6468856A,1,1
307,LTKY-T1,7100,1,50,XCD7100PWPR,PWP,14,,501,4,ETS-0-64,49,6468856A,1,1
308,LTKY-T1,7100,1,50,XCD7100PWPR,PWP,14,alt,501,0,ETS-1-64,49,6468856A,1,1
309,LTKY-T1,7100,1,50,XCD7100PWPR,PWP,14,alt,501,2,ETS-1-128,49,6468856A,1,1
310,LTKY-T1,7100,1,50,XCD7100PWPR,PWP,14,alt,501,3,ETS-1M-64,49,6468856A,1,1
311,LTKY-T1,7100,1,50,XCD7100PWPR,PWP,14,alt,501,5,ETS-2-64,49,6468856A,1,1
312,LTKY-T1,7100,1,15,XN0405001PWPR,PWP,16,,1588,0,ETS-1-64,70,6485429A,1,1
313,LTKY-T1,7100,1,15,XN0405001PWPR,PWP,16,alt,1588,2,ETS-1-128,70,6485429A,1,1
314,LTKY-T1,7100,1,15,XN0405001PWPR,PWP,16,alt,1588,3,ETS-1M-64,70,6485429A,1,1
315,LTKY-T1,7100,1,15,XN0405001PWPR,PWP,16,alt,1588,5,ETS-2-64,70,6485429A,1,1
316,PDU-T1,7100,1,5,XPA3100D2PHPR,PHP,48,,1813,4,ETS-0-64,42,6477054B,1,1
317,PDU-T1,7100,1,5,XPA3100D2PHPR,PHP,48,alt,1813,0,ETS-1-64,42,6477054B,1,1
318,PDU-T1,7100,1,5,XPA3100D2PHPR,PHP,48,alt,1813,2,ETS-1-128,42,6477054B,1,1
319,PDU-T1,7100,1,5,XPA3100D2PHPR,PHP,48,alt,1813,3,ETS-1M-64,42,6477054B,1,1
320,PDU-T1,7100,1,5,XPA3100D2PHPR,PHP,48,alt,1813,5,ETS-2-64,42,6477054B,1,1
321,PDU-T1,7100,1,43,XPA3101D2PHPR,PHP,48,,1350,4,ETS-0-64,42,6477054B,1,1
322,PDU-T1,7100,1,43,XPA3101D2PHPR,PHP,48,alt,1350,0,ETS-1-64,42,6477054B,1,1
323,PDU-T1,7100,1,43,XPA3101D2PHPR,PHP,48,alt,1350,2,ETS-1-128,42,6477054B,1,1
324,PDU-T1,7100,1,43,XPA3101D2PHPR,PHP,48,alt,1350,3,ETS-1M-64,42,6477054B,1,1
325,PDU-T1,7100,1,43,XPA3101D2PHPR,PHP,48,alt,1350,5,ETS-2-64,42,6477054B,1,1
326,LDU-T1,7100,1,29,XPA3106D1VFPR,VFP,32,,1200,4,ETS-0-64,44,6485601A,1,1
327,LDU-T1,7100,1,29,XPA3106D1VFPR,VFP,32,alt,1200,0,ETS-1-64,44,6485601A,1,1
328,LDU-T1,7100,1,29,XPA3106D1VFPR,VFP,32,alt,1200,2,ETS-1-128,44,6485601A,1,1
329,LDU-T1,7100,1,29,XPA3106D1VFPR,VFP,32,alt,1200,3,ETS-1M-64,44,6485601A,1,1
330,LDU-T1,7100,1,29,XPA3106D1VFPR,VFP,32,alt,1200,5,ETS-2-64,44,6485601A,1,1
331,LTKY-T1,7100,1,34,XPA3123D2PWPR,PWP,24,,1702,4,ETS-0-64,39,6481146C,1,1
332,LTKY-T1,7100,1,34,XPA3123D2PWPR,PWP,24,alt,1702,0,ETS-1-64,39,6481146C,1,1
333,LTKY-T1,7100,1,34,XPA3123D2PWPR,PWP,24,alt,1702,2,ETS-1-128,39,6481146C,1,1
334,LTKY-T1,7100,1,34,XPA3123D2PWPR,PWP,24,alt,1702,3,ETS-1M-64,39,6481146C,1,1
335,LTKY-T1,7100,1,34,XPA3123D2PWPR,PWP,24,alt,1702,5,ETS-2-64,39,6481146C,1,1
336,LTKY-T1,7110,1,34,XPA3123D2PWPR,PWP,24,,1702,4,ETS-0-64,39,6481146C,1,1
337,LTKY-T1,7110,1,34,XPA3123D2PWPR,PWP,24,alt,1702,0,ETS-1-64,39,6481146C,1,1
338,LTKY-T1,7110,1,34,XPA3123D2PWPR,PWP,24,alt,1702,2,ETS-1-128,39,6481146C,1,1
339,LTKY-T1,7110,1,34,XPA3123D2PWPR,PWP,24,alt,1702,3,ETS-1M-64,39,6481146C,1,1
340,LTKY-T1,7110,1,34,XPA3123D2PWPR,PWP,24,alt,1702,5,ETS-2-64,39,6481146C,1,1
341,LTKY-T1,7100,1,13,XPS2384APJDR,PJD,64,,477,4,ETS-0-64,58,6490530A,1,1
342,LTKY-T1,7100,1,13,XPS2384APJDR,PJD,64,alt,477,0,ETS-1-64,58,6490530A,1,1
343,LTKY-T1,7100,1,13,XPS2384APJDR,PJD,64,alt,477,2,ETS-1-128,58,6490530A,1,1
344,LTKY-T1,7100,1,13,XPS2384APJDR,PJD,64,alt,477,3,ETS-1M-64,58,6490530A,1,1
345,LTKY-T1,7100,1,13,XPS2384APJDR,PJD,64,alt,477,5,ETS-2-64,58,6490530A,1,1
346,LTKY-T1,7110,1,13,XPS2384APJDR,PJD,64,,477,4,ETS-0-64,58,6490530A,1,1
347,LTKY-T1,7110,1,13,XPS2384APJDR,PJD,64,alt,477,0,ETS-1-64,58,6490530A,1,1
348,LTKY-T1,7110,1,13,XPS2384APJDR,PJD,64,alt,477,2,ETS-1-128,58,6490530A,1,1
349,LTKY-T1,7110,1,13,XPS2384APJDR,PJD,64,alt,477,3,ETS-1M-64,58,6490530A,1,1
350,LTKY-T1,7110,1,13,XPS2384APJDR,PJD,64,alt,477,5,ETS-2-64,58,6490530A,1,1
351,LTKY-T1,7100,1,9,XPS40055PWPR,PWP,16,,1581,0,ETS-1-64,70,6485429A,1,1
352,LTKY-T1,7100,1,9,XPS40055PWPR,PWP,16,alt,1581,2,ETS-1-128,70,6485429A,1,1
353,LTKY-T1,7100,1,9,XPS40055PWPR,PWP,16,alt,1581,3,ETS-1M-64,70,6485429A,1,1
354,LTKY-T1,7100,1,9,XPS40055PWPR,PWP,16,alt,1581,5,ETS-2-64,70,6485429A,1,1
355,LTKY-T1,7121,1,12,XPS40057PWP-P,PWP,16,,1588,0,ETS-1-64,70,6485429A,1,1
356,LTKY-T1,7121,1,12,XPS40057PWP-P,PWP,16,alt,1588,2,ETS-1-128,70,6485429A,1,1
357,LTKY-T1,7121,1,12,XPS40057PWP-P,PWP,16,alt,1588,3,ETS-1M-64,70,6485429A,1,1
358,LTKY-T1,7121,1,12,XPS40057PWP-P,PWP,16,alt,1588,5,ETS-2-64,70,6485429A,1,1
359,LTKY-T1,7100,1,51,XPS40057PWPR,PWP,16,,1588,0,ETS-1-64,70,6485429A,1,1
360,LTKY-T1,7100,1,51,XPS40057PWPR,PWP,16,alt,1588,2,ETS-1-128,70,6485429A,1,1
361,LTKY-T1,7100,1,51,XPS40057PWPR,PWP,16,alt,1588,3,ETS-1M-64,70,6485429A,1,1
362,LTKY-T1,7100,1,51,XPS40057PWPR,PWP,16,alt,1588,5,ETS-2-64,70,6485429A,1,1
363,LTKY-T1,7100,1,122,XPS54286PWP,PWP,14,,1663,4,ETS-0-64,62,6483172A,1,1
364,LTKY-T1,7100,1,122,XPS54286PWP,PWP,14,alt,1663,0,ETS-1-64,62,6483172A,1,1
365,LTKY-T1,7100,1,122,XPS54286PWP,PWP,14,alt,1663,2,ETS-1-128,62,6483172A,1,1
366,LTKY-T1,7100,1,122,XPS54286PWP,PWP,14,alt,1663,3,ETS-1M-64,62,6483172A,1,1
367,LTKY-T1,7100,1,122,XPS54286PWP,PWP,14,alt,1663,5,ETS-2-64,62,6483172A,1,1
368,LTKY-T1,7100,1,1,XPS54286PWPR,PWP,14,,1663,4,ETS-0-64,62,6483172A,1,1
369,LTKY-T1,7100,1,1,XPS54286PWPR,PWP,14,alt,1663,0,ETS-1-64,62,6483172A,1,1
370,LTKY-T1,7100,1,1,XPS54286PWPR,PWP,14,alt,1663,2,ETS-1-128,62,6483172A,1,1
371,LTKY-T1,7100,1,1,XPS54286PWPR,PWP,14,alt,1663,3,ETS-1M-64,62,6483172A,1,1
372,LTKY-T1,7100,1,1,XPS54286PWPR,PWP,14,alt,1663,5,ETS-2-64,62,6483172A,1,1
373,LTKY-T1,7110,1,1,XPS54286PWPR,PWP,14,,1663,4,ETS-0-64,62,6483172A,1,1
374,LTKY-T1,7110,1,1,XPS54286PWPR,PWP,14,alt,1663,0,ETS-1-64,62,6483172A,1,1
375,LTKY-T1,7110,1,1,XPS54286PWPR,PWP,14,alt,1663,2,ETS-1-128,62,6483172A,1,1
376,LTKY-T1,7110,1,1,XPS54286PWPR,PWP,14,alt,1663,3,ETS-1M-64,62,6483172A,1,1
377,LTKY-T1,7110,1,1,XPS54286PWPR,PWP,14,alt,1663,5,ETS-2-64,62,6483172A,1,1
378,LTKY-T1,7100,1,107,XPS54310PWP,PWP,20,,4235,4,ETS-0-64,50,6473197B,1,1
379,LTKY-T1,7100,1,107,XPS54310PWP,PWP,20,alt,4235,0,ETS-1-64,50,6473197B,1,1
380,LTKY-T1,7100,1,107,XPS54310PWP,PWP,20,alt,4235,2,ETS-1-128,50,6473197B,1,1
381,LTKY-T1,7100,1,107,XPS54310PWP,PWP,20,alt,4235,3,ETS-1M-64,50,6473197B,1,1
382,LTKY-T1,7100,1,107,XPS54310PWP,PWP,20,alt,4235,5,ETS-2-64,50,6473197B,1,1
383,LTKY-T1,7100,1,38,XPS54310PWPR,PWP,20,,4235,4,ETS-0-64,50,6473197B,1,1
384,LTKY-T1,7100,1,38,XPS54310PWPR,PWP,20,alt,4235,0,ETS-1-64,50,6473197B,1,1
385,LTKY-T1,7100,1,38,XPS54310PWPR,PWP,20,alt,4235,2,ETS-1-128,50,6473197B,1,1
386,LTKY-T1,7100,1,38,XPS54310PWPR,PWP,20,alt,4235,3,ETS-1M-64,50,6473197B,1,1
387,LTKY-T1,7100,1,38,XPS54310PWPR,PWP,20,alt,4235,5,ETS-2-64,50,6473197B,1,1
388,LTKY-T1,7110,1,38,XPS54310PWPR,PWP,20,,4235,4,ETS-0-64,50,6473197B,1,1
389,LTKY-T1,7110,1,38,XPS54310PWPR,PWP,20,alt,4235,0,ETS-1-64,50,6473197B,1,1
390,LTKY-T1,7110,1,38,XPS54310PWPR,PWP,20,alt,4235,2,ETS-1-128,50,6473197B,1,1
391,LTKY-T1,7110,1,38,XPS54310PWPR,PWP,20,alt,4235,3,ETS-1M-64,50,6473197B,1,1
392,LTKY-T1,7110,1,38,XPS54310PWPR,PWP,20,alt,4235,5,ETS-2-64,50,6473197B,1,1
393,LTKY-T1,7121,1,38,XPS54310PWPR,PWP,20,,4235,4,ETS-0-64,50,6473197B,1,1
394,LTKY-T1,7121,1,38,XPS54310PWPR,PWP,20,alt,4235,0,ETS-1-64,50,6473197B,1,1
395,LTKY-T1,7121,1,38,XPS54310PWPR,PWP,20,alt,4235,2,ETS-1-128,50,6473197B,1,1
396,LTKY-T1,7121,1,38,XPS54310PWPR,PWP,20,alt,4235,3,ETS-1M-64,50,6473197B,1,1
397,LTKY-T1,7121,1,38,XPS54310PWPR,PWP,20,alt,4235,5,ETS-2-64,50,6473197B,1,1
398,PTKY-T1,7100,1,125,XPS54350PWP,PWP,16,,1829,4,ETS-0-64,27,6473283C,1,1
399,PTKY-T1,7100,1,125,XPS54350PWP,PWP,16,alt,1829,0,ETS-1-64,27,6473283C,1,1
400,PTKY-T1,7100,1,125,XPS54350PWP,PWP,16,alt,1829,2,ETS-1-128,27,6473283C,1,1
401,PTKY-T1,7100,1,125,XPS54350PWP,PWP,16,alt,1829,3,ETS-1M-64,27,6473283C,1,1
402,PTKY-T1,7100,1,125,XPS54350PWP,PWP,16,alt,1829,5,ETS-2-64,27,6473283C,1,1
403,PTKY-T1,7100,1,2,XPS54350PWPR,PWP,16,,1829,4,ETS-0-64,27,6473283C,1,1
404,PTKY-T1,7100,1,2,XPS54350PWPR,PWP,16,alt,1829,0,ETS-1-64,27,6473283C,1,1
405,PTKY-T1,7100,1,2,XPS54350PWPR,PWP,16,alt,1829,2,ETS-1-128,27,6473283C,1,1
406,PTKY-T1,7100,1,2,XPS54350PWPR,PWP,16,alt,1829,3,ETS-1M-64,27,6473283C,1,1
407,PTKY-T1,7100,1,2,XPS54350PWPR,PWP,16,alt,1829,5,ETS-2-64,27,6473283C,1,1
408,LTKY-T2Q1,7100,1,52,XPS54380PWPR,PWP,20,,4670,4,ETS-0-64,50,6473197B,1,1
409,LTKY-T2Q1,7100,1,52,XPS54380PWPR,PWP,20,alt,4670,0,ETS-1-64,50,6473197B,1,1
410,LTKY-T2Q1,7100,1,52,XPS54380PWPR,PWP,20,alt,4670,2,ETS-1-128,50,6473197B,1,1
411,LTKY-T2Q1,7100,1,52,XPS54380PWPR,PWP,20,alt,4670,3,ETS-1M-64,50,6473197B,1,1
412,LTKY-T2Q1,7100,1,52,XPS54380PWPR,PWP,20,alt,4670,5,ETS-2-64,50,6473197B,1,1
413,LTKY-T1,7100,1,121,XPS54383PWP,PWP,14,,1743,4,ETS-0-64,62,6483172A,1,1
414,LTKY-T1,7100,1,121,XPS54383PWP,PWP,14,alt,1743,0,ETS-1-64,62,6483172A,1,1
415,LTKY-T1,7100,1,121,XPS54383PWP,PWP,14,alt,1743,2,ETS-1-128,62,6483172A,1,1
416,LTKY-T1,7100,1,121,XPS54383PWP,PWP,14,alt,1743,3,ETS-1M-64,62,6483172A,1,1
417,LTKY-T1,7100,1,121,XPS54383PWP,PWP,14,alt,1743,5,ETS-2-64,62,6483172A,1,1
418,LTKY-T1,7100,1,46,XPS54383PWPR,PWP,14,,1743,4,ETS-0-64,62,6483172A,1,1
419,LTKY-T1,7100,1,46,XPS54383PWPR,PWP,14,alt,1743,0,ETS-1-64,62,6483172A,1,1
420,LTKY-T1,7100,1,46,XPS54383PWPR,PWP,14,alt,1743,2,ETS-1-128,62,6483172A,1,1
421,LTKY-T1,7100,1,46,XPS54383PWPR,PWP,14,alt,1743,3,ETS-1M-64,62,6483172A,1,1
422,LTKY-T1,7100,1,46,XPS54383PWPR,PWP,14,alt,1743,5,ETS-2-64,62,6483172A,1,1
423,LTKY-T1,7100,1,120,XPS54386PWP,PWP,14,,1653,4,ETS-0-64,62,6483172A,1,1
424,LTKY-T1,7100,1,120,XPS54386PWP,PWP,14,alt,1653,0,ETS-1-64,62,6483172A,1,1
425,LTKY-T1,7100,1,120,XPS54386PWP,PWP,14,alt,1653,2,ETS-1-128,62,6483172A,1,1
426,LTKY-T1,7100,1,120,XPS54386PWP,PWP,14,alt,1653,3,ETS-1M-64,62,6483172A,1,1
427,LTKY-T1,7100,1,120,XPS54386PWP,PWP,14,alt,1653,5,ETS-2-64,62,6483172A,1,1
428,LTKY-T1,7100,1,0,XPS54386PWPR,PWP,14,,1653,4,ETS-0-64,62,6483172A,1,1
429,LTKY-T1,7100,1,0,XPS54386PWPR,PWP,14,alt,1653,0,ETS-1-64,62,6483172A,1,1
430,LTKY-T1,7100,1,0,XPS54386PWPR,PWP,14,alt,1653,2,ETS-1-128,62,6483172A,1,1
431,LTKY-T1,7100,1,0,XPS54386PWPR,PWP,14,alt,1653,3,ETS-1M-64,62,6483172A,1,1
432,LTKY-T1,7100,1,0,XPS54386PWPR,PWP,14,alt,1653,5,ETS-2-64,62,6483172A,1,1
433,LTKY-T1,7121,1,0,XPS54386PWPR,PWP,14,,1653,4,ETS-0-64,62,6483172A,1,1
434,LTKY-T1,7121,1,0,XPS54386PWPR,PWP,14,alt,1653,0,ETS-1-64,62,6483172A,1,1
435,LTKY-T1,7121,1,0,XPS54386PWPR,PWP,14,alt,1653,2,ETS-1-128,62,6483172A,1,1
436,LTKY-T1,7121,1,0,XPS54386PWPR,PWP,14,alt,1653,3,ETS-1M-64,62,6483172A,1,1
437,LTKY-T1,7121,1,0,XPS54386PWPR,PWP,14,alt,1653,5,ETS-2-64,62,6483172A,1,1
438,LTKY-T1,7100,1,4,XPS54550PWPR,PWP,16,,1921,4,ETS-0-64,27,6473283C,1,1
439,LTKY-T1,7100,1,4,XPS54550PWPR,PWP,16,alt,1921,0,ETS-1-64,27,6473283C,1,1
440,LTKY-T1,7100,1,4,XPS54550PWPR,PWP,16,alt,1921,2,ETS-1-128,27,6473283C,1,1
441,LTKY-T1,7100,1,4,XPS54550PWPR,PWP,16,alt,1921,3,ETS-1M-64,27,6473283C,1,1
442,LTKY-T1,7100,1,4,XPS54550PWPR,PWP,16,alt,1921,5,ETS-2-64,27,6473283C,1,1
443,LTKY-T1,7100,1,90,XPS54672PWPR,PWP,28,,2876,4,ETS-0-64,26,6473198B,1,1
444,LTKY-T1,7100,1,90,XPS54672PWPR,PWP,28,alt,2876,0,ETS-1-64,26,6473198B,1,1
445,LTKY-T1,7100,1,90,XPS54672PWPR,PWP,28,alt,2876,2,ETS-1-128,26,6473198B,1,1
446,LTKY-T1,7100,1,90,XPS54672PWPR,PWP,28,alt,2876,3,ETS-1M-64,26,6473198B,1,1
447,LTKY-T1,7100,1,90,XPS54672PWPR,PWP,28,alt,2876,5,ETS-2-64,26,6473198B,1,1
448,LTKY-T1,7100,1,86,XPS65160APWPR,PWP,28,,1763,4,ETS-0-64,7,6469171D,1,1
449,LTKY-T1,7100,1,86,XPS65160APWPR,PWP,28,alt,1763,0,ETS-1-64,7,6469171D,1,1
450,LTKY-T1,7100,1,86,XPS65160APWPR,PWP,28,alt,1763,2,ETS-1-128,7,6469171D,1,1
451,LTKY-T1,7100,1,86,XPS65160APWPR,PWP,28,alt,1763,3,ETS-1M-64,7,6469171D,1,1
452,LTKY-T1,7100,1,86,XPS65160APWPR,PWP,28,alt,1763,5,ETS-2-64,7,6469171D,1,1
453,LTKY-T1,7100,1,102,XPS65161PWPR,PWP,28,alt,1714,4,ETS-0-64,7,6469171D,1,1
454,LTKY-T1,7100,1,102,XPS65161PWPR,PWP,28,alt,1714,0,ETS-1-64,7,6469171D,1,1
455,LTKY-T1,7100,1,102,XPS65161PWPR,PWP,28,alt,1714,2,ETS-1-128,7,6469171D,1,1
456,LTKY-T1,7100,1,102,XPS65161PWPR,PWP,28,alt,1714,3,ETS-1M-64,7,6469171D,1,1
457,LTKY-T1,7100,1,102,XPS65161PWPR,PWP,28,alt,1714,5,ETS-2-64,7,6469171D,1,1
